# https://github.com/mikedh/trimesh
v -0.52573111 0.85065081 0.00000000
v 0.52573111 0.85065081 0.00000000
v -0.52573111 -0.85065081 0.00000000
v 0.52573111 -0.85065081 0.00000000
v 0.00000000 -0.52573111 0.85065081
v 0.00000000 0.52573111 0.85065081
v 0.00000000 -0.52573111 -0.85065081
v 0.00000000 0.52573111 -0.85065081
v 0.85065081 0.00000000 -0.52573111
v 0.85065081 0.00000000 0.52573111
v -0.85065081 0.00000000 -0.52573111
v -0.85065081 0.00000000 0.52573111
v 0.00000000 1.00000000 0.00000000
v 0.00000000 -1.00000000 0.00000000
v -0.30901699 -0.80901699 0.50000000
v 0.30901699 -0.80901699 0.50000000
v -0.30901699 0.80901699 0.50000000
v 0.30901699 0.80901699 0.50000000
v 0.00000000 0.00000000 1.00000000
v -0.30901699 -0.80901699 -0.50000000
v 0.30901699 -0.80901699 -0.50000000
v -0.30901699 0.80901699 -0.50000000
v 0.30901699 0.80901699 -0.50000000
v 0.00000000 0.00000000 -1.00000000
v 0.80901699 0.50000000 -0.30901699
v 0.80901699 -0.50000000 -0.30901699
v 0.50000000 -0.30901699 -0.80901699
v 0.50000000 0.30901699 -0.80901699
v 0.80901699 0.50000000 0.30901699
v 0.80901699 -0.50000000 0.30901699
v 0.50000000 -0.30901699 0.80901699
v 0.50000000 0.30901699 0.80901699
v 1.00000000 0.00000000 0.00000000
v -0.80901699 0.50000000 -0.30901699
v -0.80901699 -0.50000000 -0.30901699
v -0.50000000 -0.30901699 -0.80901699
v -0.50000000 0.30901699 -0.80901699
v -0.80901699 0.50000000 0.30901699
v -0.80901699 -0.50000000 0.30901699
v -0.50000000 -0.30901699 0.80901699
v -0.50000000 0.30901699 0.80901699
v -1.00000000 0.00000000 0.00000000
v -0.27326653 0.96193836 0.00000000
v 0.27326653 0.96193836 0.00000000
v -0.27326653 -0.96193836 0.00000000
v 0.27326653 -0.96193836 0.00000000
v -0.43388856 -0.86266848 0.25989191
v -0.16062204 -0.69378048 0.70204644
v -0.16245985 -0.95105652 0.26286556
v 0.43388856 -0.86266848 0.25989191
v 0.16062204 -0.69378048 0.70204644
v 0.16245985 -0.95105652 0.26286556
v 0.00000000 -0.85065081 0.52573111
v -0.43388856 0.86266848 0.25989191
v -0.16062204 0.69378048 0.70204644
v -0.16245985 0.95105652 0.26286556
v 0.43388856 0.86266848 0.25989191
v 0.16062204 0.69378048 0.70204644
v 0.16245985 0.95105652 0.26286556
v 0.00000000 0.85065081 0.52573111
v 0.00000000 -0.27326653 0.96193836
v 0.00000000 0.27326653 0.96193836
v -0.43388856 -0.86266848 -0.25989191
v -0.16062204 -0.69378048 -0.70204644
v -0.16245985 -0.95105652 -0.26286556
v 0.43388856 -0.86266848 -0.25989191
v 0.16062204 -0.69378048 -0.70204644
v 0.16245985 -0.95105652 -0.26286556
v 0.00000000 -0.85065081 -0.52573111
v -0.43388856 0.86266848 -0.25989191
v -0.16062204 0.69378048 -0.70204644
v -0.16245985 0.95105652 -0.26286556
v 0.43388856 0.86266848 -0.25989191
v 0.16062204 0.69378048 -0.70204644
v 0.16245985 0.95105652 -0.26286556
v 0.00000000 0.85065081 -0.52573111
v 0.00000000 -0.27326653 -0.96193836
v 0.00000000 0.27326653 -0.96193836
v 0.69378048 0.70204644 -0.16062204
v 0.86266848 0.25989191 -0.43388856
v 0.58778525 0.68819096 -0.42532540
v 0.69378048 -0.70204644 -0.16062204
v 0.86266848 -0.25989191 -0.43388856
v 0.58778525 -0.68819096 -0.42532540
v 0.25989191 -0.43388856 -0.86266848
v 0.70204644 -0.16062204 -0.69378048
v 0.42532540 -0.58778525 -0.68819096
v 0.26286556 -0.16245985 -0.95105652
v 0.68819096 -0.42532540 -0.58778525
v 0.25989191 0.43388856 -0.86266848
v 0.70204644 0.16062204 -0.69378048
v 0.42532540 0.58778525 -0.68819096
v 0.26286556 0.16245985 -0.95105652
v 0.68819096 0.42532540 -0.58778525
v 0.52573111 0.00000000 -0.85065081
v 0.69378048 0.70204644 0.16062204
v 0.86266848 0.25989191 0.43388856
v 0.58778525 0.68819096 0.42532540
v 0.85065081 0.52573111 0.00000000
v 0.69378048 -0.70204644 0.16062204
v 0.86266848 -0.25989191 0.43388856
v 0.58778525 -0.68819096 0.42532540
v 0.85065081 -0.52573111 0.00000000
v 0.25989191 -0.43388856 0.86266848
v 0.70204644 -0.16062204 0.69378048
v 0.42532540 -0.58778525 0.68819096
v 0.26286556 -0.16245985 0.95105652
v 0.68819096 -0.42532540 0.58778525
v 0.25989191 0.43388856 0.86266848
v 0.70204644 0.16062204 0.69378048
v 0.42532540 0.58778525 0.68819096
v 0.26286556 0.16245985 0.95105652
v 0.68819096 0.42532540 0.58778525
v 0.52573111 0.00000000 0.85065081
v 0.96193836 0.00000000 -0.27326653
v 0.96193836 0.00000000 0.27326653
v 0.95105652 0.26286556 -0.16245985
v 0.95105652 -0.26286556 -0.16245985
v 0.95105652 0.26286556 0.16245985
v 0.95105652 -0.26286556 0.16245985
v -0.69378048 0.70204644 -0.16062204
v -0.86266848 0.25989191 -0.43388856
v -0.58778525 0.68819096 -0.42532540
v -0.69378048 -0.70204644 -0.16062204
v -0.86266848 -0.25989191 -0.43388856
v -0.58778525 -0.68819096 -0.42532540
v -0.25989191 -0.43388856 -0.86266848
v -0.70204644 -0.16062204 -0.69378048
v -0.42532540 -0.58778525 -0.68819096
v -0.26286556 -0.16245985 -0.95105652
v -0.68819096 -0.42532540 -0.58778525
v -0.25989191 0.43388856 -0.86266848
v -0.70204644 0.16062204 -0.69378048
v -0.42532540 0.58778525 -0.68819096
v -0.26286556 0.16245985 -0.95105652
v -0.68819096 0.42532540 -0.58778525
v -0.52573111 0.00000000 -0.85065081
v -0.69378048 0.70204644 0.16062204
v -0.86266848 0.25989191 0.43388856
v -0.58778525 0.68819096 0.42532540
v -0.85065081 0.52573111 0.00000000
v -0.69378048 -0.70204644 0.16062204
v -0.86266848 -0.25989191 0.43388856
v -0.58778525 -0.68819096 0.42532540
v -0.85065081 -0.52573111 0.00000000
v -0.25989191 -0.43388856 0.86266848
v -0.70204644 -0.16062204 0.69378048
v -0.42532540 -0.58778525 0.68819096
v -0.26286556 -0.16245985 0.95105652
v -0.68819096 -0.42532540 0.58778525
v -0.25989191 0.43388856 0.86266848
v -0.70204644 0.16062204 0.69378048
v -0.42532540 0.58778525 0.68819096
v -0.26286556 0.16245985 0.95105652
v -0.68819096 0.42532540 0.58778525
v -0.52573111 0.00000000 0.85065081
v -0.96193836 0.00000000 -0.27326653
v -0.96193836 0.00000000 0.27326653
v -0.95105652 0.26286556 -0.16245985
v -0.95105652 -0.26286556 -0.16245985
v -0.95105652 0.26286556 0.16245985
v -0.95105652 -0.26286556 0.16245985
v 0.00000000 0.00000000 -0.25000000
v 3.00000000 0.00000000 -0.25000000
v 3.00000000 0.00000000 0.25000000
v 0.00000000 0.00000000 0.25000000
v 2.94235584 0.58527097 -0.25000000
v 2.94235584 0.58527097 0.25000000
v 2.77163860 1.14805030 -0.25000000
v 2.77163860 1.14805030 0.25000000
v 2.49440884 1.66671070 -0.25000000
v 2.49440884 1.66671070 0.25000000
v 2.12132034 2.12132034 -0.25000000
v 2.12132034 2.12132034 0.25000000
v 1.66671070 2.49440884 -0.25000000
v 1.66671070 2.49440884 0.25000000
v 1.14805030 2.77163860 -0.25000000
v 1.14805030 2.77163860 0.25000000
v 0.58527097 2.94235584 -0.25000000
v 0.58527097 2.94235584 0.25000000
v 0.00000000 3.00000000 -0.25000000
v 0.00000000 3.00000000 0.25000000
v -0.58527097 2.94235584 -0.25000000
v -0.58527097 2.94235584 0.25000000
v -1.14805030 2.77163860 -0.25000000
v -1.14805030 2.77163860 0.25000000
v -1.66671070 2.49440884 -0.25000000
v -1.66671070 2.49440884 0.25000000
v -2.12132034 2.12132034 -0.25000000
v -2.12132034 2.12132034 0.25000000
v -2.49440884 1.66671070 -0.25000000
v -2.49440884 1.66671070 0.25000000
v -2.77163860 1.14805030 -0.25000000
v -2.77163860 1.14805030 0.25000000
v -2.94235584 0.58527097 -0.25000000
v -2.94235584 0.58527097 0.25000000
v -3.00000000 0.00000000 -0.25000000
v -3.00000000 0.00000000 0.25000000
v -2.94235584 -0.58527097 -0.25000000
v -2.94235584 -0.58527097 0.25000000
v -2.77163860 -1.14805030 -0.25000000
v -2.77163860 -1.14805030 0.25000000
v -2.49440884 -1.66671070 -0.25000000
v -2.49440884 -1.66671070 0.25000000
v -2.12132034 -2.12132034 -0.25000000
v -2.12132034 -2.12132034 0.25000000
v -1.66671070 -2.49440884 -0.25000000
v -1.66671070 -2.49440884 0.25000000
v -1.14805030 -2.77163860 -0.25000000
v -1.14805030 -2.77163860 0.25000000
v -0.58527097 -2.94235584 -0.25000000
v -0.58527097 -2.94235584 0.25000000
v -0.00000000 -3.00000000 -0.25000000
v -0.00000000 -3.00000000 0.25000000
v 0.58527097 -2.94235584 -0.25000000
v 0.58527097 -2.94235584 0.25000000
v 1.14805030 -2.77163860 -0.25000000
v 1.14805030 -2.77163860 0.25000000
v 1.66671070 -2.49440884 -0.25000000
v 1.66671070 -2.49440884 0.25000000
v 2.12132034 -2.12132034 -0.25000000
v 2.12132034 -2.12132034 0.25000000
v 2.49440884 -1.66671070 -0.25000000
v 2.49440884 -1.66671070 0.25000000
v 2.77163860 -1.14805030 -0.25000000
v 2.77163860 -1.14805030 0.25000000
v 2.94235584 -0.58527097 -0.25000000
v 2.94235584 -0.58527097 0.25000000
v 2.50000000 0.00000000 -1.00000000
v 2.65000000 0.00000000 -1.00000000
v 2.65000000 0.00000000 1.00000000
v 2.50000000 0.00000000 1.00000000
v 2.64711779 0.02926355 -1.00000000
v 2.64711779 0.02926355 1.00000000
v 2.63858193 0.05740251 -1.00000000
v 2.63858193 0.05740251 1.00000000
v 2.62472044 0.08333553 -1.00000000
v 2.62472044 0.08333553 1.00000000
v 2.60606602 0.10606602 -1.00000000
v 2.60606602 0.10606602 1.00000000
v 2.58333553 0.12472044 -1.00000000
v 2.58333553 0.12472044 1.00000000
v 2.55740251 0.13858193 -1.00000000
v 2.55740251 0.13858193 1.00000000
v 2.52926355 0.14711779 -1.00000000
v 2.52926355 0.14711779 1.00000000
v 2.50000000 0.15000000 -1.00000000
v 2.50000000 0.15000000 1.00000000
v 2.47073645 0.14711779 -1.00000000
v 2.47073645 0.14711779 1.00000000
v 2.44259749 0.13858193 -1.00000000
v 2.44259749 0.13858193 1.00000000
v 2.41666447 0.12472044 -1.00000000
v 2.41666447 0.12472044 1.00000000
v 2.39393398 0.10606602 -1.00000000
v 2.39393398 0.10606602 1.00000000
v 2.37527956 0.08333553 -1.00000000
v 2.37527956 0.08333553 1.00000000
v 2.36141807 0.05740251 -1.00000000
v 2.36141807 0.05740251 1.00000000
v 2.35288221 0.02926355 -1.00000000
v 2.35288221 0.02926355 1.00000000
v 2.35000000 0.00000000 -1.00000000
v 2.35000000 0.00000000 1.00000000
v 2.35288221 -0.02926355 -1.00000000
v 2.35288221 -0.02926355 1.00000000
v 2.36141807 -0.05740251 -1.00000000
v 2.36141807 -0.05740251 1.00000000
v 2.37527956 -0.08333553 -1.00000000
v 2.37527956 -0.08333553 1.00000000
v 2.39393398 -0.10606602 -1.00000000
v 2.39393398 -0.10606602 1.00000000
v 2.41666447 -0.12472044 -1.00000000
v 2.41666447 -0.12472044 1.00000000
v 2.44259749 -0.13858193 -1.00000000
v 2.44259749 -0.13858193 1.00000000
v 2.47073645 -0.14711779 -1.00000000
v 2.47073645 -0.14711779 1.00000000
v 2.50000000 -0.15000000 -1.00000000
v 2.50000000 -0.15000000 1.00000000
v 2.52926355 -0.14711779 -1.00000000
v 2.52926355 -0.14711779 1.00000000
v 2.55740251 -0.13858193 -1.00000000
v 2.55740251 -0.13858193 1.00000000
v 2.58333553 -0.12472044 -1.00000000
v 2.58333553 -0.12472044 1.00000000
v 2.60606602 -0.10606602 -1.00000000
v 2.60606602 -0.10606602 1.00000000
v 2.62472044 -0.08333553 -1.00000000
v 2.62472044 -0.08333553 1.00000000
v 2.63858193 -0.05740251 -1.00000000
v 2.63858193 -0.05740251 1.00000000
v 2.64711779 -0.02926355 -1.00000000
v 2.64711779 -0.02926355 1.00000000
v 1.25000000 2.16506351 -1.00000000
v 1.32500000 2.29496732 -1.00000000
v 1.32500000 2.29496732 1.00000000
v 1.25000000 2.16506351 1.00000000
v 1.29821592 2.30710303 -1.00000000
v 1.29821592 2.30710303 1.00000000
v 1.26957893 2.31378024 -1.00000000
v 1.26957893 2.31378024 1.00000000
v 1.24018953 2.31474235 -1.00000000
v 1.24018953 2.31474235 1.00000000
v 1.21117714 2.30995238 -1.00000000
v 1.21117714 2.30995238 1.00000000
v 1.18365670 2.29959442 -1.00000000
v 1.18365670 2.29959442 1.00000000
v 1.15868579 2.28406651 -1.00000000
v 1.15868579 2.28406651 1.00000000
v 1.13722403 2.26396538 -1.00000000
v 1.13722403 2.26396538 1.00000000
v 1.12009619 2.24006351 -1.00000000
v 1.12009619 2.24006351 1.00000000
v 1.10796048 2.21327943 -1.00000000
v 1.10796048 2.21327943 1.00000000
v 1.10128327 2.18464244 -1.00000000
v 1.10128327 2.18464244 1.00000000
v 1.10032116 2.15525304 -1.00000000
v 1.10032116 2.15525304 1.00000000
v 1.10511113 2.12624065 -1.00000000
v 1.10511113 2.12624065 1.00000000
v 1.11546909 2.09872021 -1.00000000
v 1.11546909 2.09872021 1.00000000
v 1.13099700 2.07374930 -1.00000000
v 1.13099700 2.07374930 1.00000000
v 1.15109813 2.05228754 -1.00000000
v 1.15109813 2.05228754 1.00000000
v 1.17500000 2.03515970 -1.00000000
v 1.17500000 2.03515970 1.00000000
v 1.20178408 2.02302399 -1.00000000
v 1.20178408 2.02302399 1.00000000
v 1.23042107 2.01634678 -1.00000000
v 1.23042107 2.01634678 1.00000000
v 1.25981047 2.01538467 -1.00000000
v 1.25981047 2.01538467 1.00000000
v 1.28882286 2.02017464 -1.00000000
v 1.28882286 2.02017464 1.00000000
v 1.31634330 2.03053260 -1.00000000
v 1.31634330 2.03053260 1.00000000
v 1.34131421 2.04606051 -1.00000000
v 1.34131421 2.04606051 1.00000000
v 1.36277597 2.06616164 -1.00000000
v 1.36277597 2.06616164 1.00000000
v 1.37990381 2.09006351 -1.00000000
v 1.37990381 2.09006351 1.00000000
v 1.39203952 2.11684759 -1.00000000
v 1.39203952 2.11684759 1.00000000
v 1.39871673 2.14548458 -1.00000000
v 1.39871673 2.14548458 1.00000000
v 1.39967884 2.17487398 -1.00000000
v 1.39967884 2.17487398 1.00000000
v 1.39488887 2.20388637 -1.00000000
v 1.39488887 2.20388637 1.00000000
v 1.38453091 2.23140681 -1.00000000
v 1.38453091 2.23140681 1.00000000
v 1.36900300 2.25637772 -1.00000000
v 1.36900300 2.25637772 1.00000000
v 1.34890187 2.27783948 -1.00000000
v 1.34890187 2.27783948 1.00000000
v -1.25000000 2.16506351 -1.00000000
v -1.32500000 2.29496732 -1.00000000
v -1.32500000 2.29496732 1.00000000
v -1.25000000 2.16506351 1.00000000
v -1.34890187 2.27783948 -1.00000000
v -1.34890187 2.27783948 1.00000000
v -1.36900300 2.25637772 -1.00000000
v -1.36900300 2.25637772 1.00000000
v -1.38453091 2.23140681 -1.00000000
v -1.38453091 2.23140681 1.00000000
v -1.39488887 2.20388637 -1.00000000
v -1.39488887 2.20388637 1.00000000
v -1.39967884 2.17487398 -1.00000000
v -1.39967884 2.17487398 1.00000000
v -1.39871673 2.14548458 -1.00000000
v -1.39871673 2.14548458 1.00000000
v -1.39203952 2.11684759 -1.00000000
v -1.39203952 2.11684759 1.00000000
v -1.37990381 2.09006351 -1.00000000
v -1.37990381 2.09006351 1.00000000
v -1.36277597 2.06616164 -1.00000000
v -1.36277597 2.06616164 1.00000000
v -1.34131421 2.04606051 -1.00000000
v -1.34131421 2.04606051 1.00000000
v -1.31634330 2.03053260 -1.00000000
v -1.31634330 2.03053260 1.00000000
v -1.28882286 2.02017464 -1.00000000
v -1.28882286 2.02017464 1.00000000
v -1.25981047 2.01538467 -1.00000000
v -1.25981047 2.01538467 1.00000000
v -1.23042107 2.01634678 -1.00000000
v -1.23042107 2.01634678 1.00000000
v -1.20178408 2.02302399 -1.00000000
v -1.20178408 2.02302399 1.00000000
v -1.17500000 2.03515970 -1.00000000
v -1.17500000 2.03515970 1.00000000
v -1.15109813 2.05228754 -1.00000000
v -1.15109813 2.05228754 1.00000000
v -1.13099700 2.07374930 -1.00000000
v -1.13099700 2.07374930 1.00000000
v -1.11546909 2.09872021 -1.00000000
v -1.11546909 2.09872021 1.00000000
v -1.10511113 2.12624065 -1.00000000
v -1.10511113 2.12624065 1.00000000
v -1.10032116 2.15525304 -1.00000000
v -1.10032116 2.15525304 1.00000000
v -1.10128327 2.18464244 -1.00000000
v -1.10128327 2.18464244 1.00000000
v -1.10796048 2.21327943 -1.00000000
v -1.10796048 2.21327943 1.00000000
v -1.12009619 2.24006351 -1.00000000
v -1.12009619 2.24006351 1.00000000
v -1.13722403 2.26396538 -1.00000000
v -1.13722403 2.26396538 1.00000000
v -1.15868579 2.28406651 -1.00000000
v -1.15868579 2.28406651 1.00000000
v -1.18365670 2.29959442 -1.00000000
v -1.18365670 2.29959442 1.00000000
v -1.21117714 2.30995238 -1.00000000
v -1.21117714 2.30995238 1.00000000
v -1.24018953 2.31474235 -1.00000000
v -1.24018953 2.31474235 1.00000000
v -1.26957893 2.31378024 -1.00000000
v -1.26957893 2.31378024 1.00000000
v -1.29821592 2.30710303 -1.00000000
v -1.29821592 2.30710303 1.00000000
v -2.50000000 0.00000000 -1.00000000
v -2.65000000 0.00000000 -1.00000000
v -2.65000000 0.00000000 1.00000000
v -2.50000000 0.00000000 1.00000000
v -2.64711779 -0.02926355 -1.00000000
v -2.64711779 -0.02926355 1.00000000
v -2.63858193 -0.05740251 -1.00000000
v -2.63858193 -0.05740251 1.00000000
v -2.62472044 -0.08333553 -1.00000000
v -2.62472044 -0.08333553 1.00000000
v -2.60606602 -0.10606602 -1.00000000
v -2.60606602 -0.10606602 1.00000000
v -2.58333553 -0.12472044 -1.00000000
v -2.58333553 -0.12472044 1.00000000
v -2.55740251 -0.13858193 -1.00000000
v -2.55740251 -0.13858193 1.00000000
v -2.52926355 -0.14711779 -1.00000000
v -2.52926355 -0.14711779 1.00000000
v -2.50000000 -0.15000000 -1.00000000
v -2.50000000 -0.15000000 1.00000000
v -2.47073645 -0.14711779 -1.00000000
v -2.47073645 -0.14711779 1.00000000
v -2.44259749 -0.13858193 -1.00000000
v -2.44259749 -0.13858193 1.00000000
v -2.41666447 -0.12472044 -1.00000000
v -2.41666447 -0.12472044 1.00000000
v -2.39393398 -0.10606602 -1.00000000
v -2.39393398 -0.10606602 1.00000000
v -2.37527956 -0.08333553 -1.00000000
v -2.37527956 -0.08333553 1.00000000
v -2.36141807 -0.05740251 -1.00000000
v -2.36141807 -0.05740251 1.00000000
v -2.35288221 -0.02926355 -1.00000000
v -2.35288221 -0.02926355 1.00000000
v -2.35000000 0.00000000 -1.00000000
v -2.35000000 0.00000000 1.00000000
v -2.35288221 0.02926355 -1.00000000
v -2.35288221 0.02926355 1.00000000
v -2.36141807 0.05740251 -1.00000000
v -2.36141807 0.05740251 1.00000000
v -2.37527956 0.08333553 -1.00000000
v -2.37527956 0.08333553 1.00000000
v -2.39393398 0.10606602 -1.00000000
v -2.39393398 0.10606602 1.00000000
v -2.41666447 0.12472044 -1.00000000
v -2.41666447 0.12472044 1.00000000
v -2.44259749 0.13858193 -1.00000000
v -2.44259749 0.13858193 1.00000000
v -2.47073645 0.14711779 -1.00000000
v -2.47073645 0.14711779 1.00000000
v -2.50000000 0.15000000 -1.00000000
v -2.50000000 0.15000000 1.00000000
v -2.52926355 0.14711779 -1.00000000
v -2.52926355 0.14711779 1.00000000
v -2.55740251 0.13858193 -1.00000000
v -2.55740251 0.13858193 1.00000000
v -2.58333553 0.12472044 -1.00000000
v -2.58333553 0.12472044 1.00000000
v -2.60606602 0.10606602 -1.00000000
v -2.60606602 0.10606602 1.00000000
v -2.62472044 0.08333553 -1.00000000
v -2.62472044 0.08333553 1.00000000
v -2.63858193 0.05740251 -1.00000000
v -2.63858193 0.05740251 1.00000000
v -2.64711779 0.02926355 -1.00000000
v -2.64711779 0.02926355 1.00000000
v -1.25000000 -2.16506351 -1.00000000
v -1.32500000 -2.29496732 -1.00000000
v -1.32500000 -2.29496732 1.00000000
v -1.25000000 -2.16506351 1.00000000
v -1.29821592 -2.30710303 -1.00000000
v -1.29821592 -2.30710303 1.00000000
v -1.26957893 -2.31378024 -1.00000000
v -1.26957893 -2.31378024 1.00000000
v -1.24018953 -2.31474235 -1.00000000
v -1.24018953 -2.31474235 1.00000000
v -1.21117714 -2.30995238 -1.00000000
v -1.21117714 -2.30995238 1.00000000
v -1.18365670 -2.29959442 -1.00000000
v -1.18365670 -2.29959442 1.00000000
v -1.15868579 -2.28406651 -1.00000000
v -1.15868579 -2.28406651 1.00000000
v -1.13722403 -2.26396538 -1.00000000
v -1.13722403 -2.26396538 1.00000000
v -1.12009619 -2.24006351 -1.00000000
v -1.12009619 -2.24006351 1.00000000
v -1.10796048 -2.21327943 -1.00000000
v -1.10796048 -2.21327943 1.00000000
v -1.10128327 -2.18464244 -1.00000000
v -1.10128327 -2.18464244 1.00000000
v -1.10032116 -2.15525304 -1.00000000
v -1.10032116 -2.15525304 1.00000000
v -1.10511113 -2.12624065 -1.00000000
v -1.10511113 -2.12624065 1.00000000
v -1.11546909 -2.09872021 -1.00000000
v -1.11546909 -2.09872021 1.00000000
v -1.13099700 -2.07374930 -1.00000000
v -1.13099700 -2.07374930 1.00000000
v -1.15109813 -2.05228754 -1.00000000
v -1.15109813 -2.05228754 1.00000000
v -1.17500000 -2.03515970 -1.00000000
v -1.17500000 -2.03515970 1.00000000
v -1.20178408 -2.02302399 -1.00000000
v -1.20178408 -2.02302399 1.00000000
v -1.23042107 -2.01634678 -1.00000000
v -1.23042107 -2.01634678 1.00000000
v -1.25981047 -2.01538467 -1.00000000
v -1.25981047 -2.01538467 1.00000000
v -1.28882286 -2.02017464 -1.00000000
v -1.28882286 -2.02017464 1.00000000
v -1.31634330 -2.03053260 -1.00000000
v -1.31634330 -2.03053260 1.00000000
v -1.34131421 -2.04606051 -1.00000000
v -1.34131421 -2.04606051 1.00000000
v -1.36277597 -2.06616164 -1.00000000
v -1.36277597 -2.06616164 1.00000000
v -1.37990381 -2.09006351 -1.00000000
v -1.37990381 -2.09006351 1.00000000
v -1.39203952 -2.11684759 -1.00000000
v -1.39203952 -2.11684759 1.00000000
v -1.39871673 -2.14548458 -1.00000000
v -1.39871673 -2.14548458 1.00000000
v -1.39967884 -2.17487398 -1.00000000
v -1.39967884 -2.17487398 1.00000000
v -1.39488887 -2.20388637 -1.00000000
v -1.39488887 -2.20388637 1.00000000
v -1.38453091 -2.23140681 -1.00000000
v -1.38453091 -2.23140681 1.00000000
v -1.36900300 -2.25637772 -1.00000000
v -1.36900300 -2.25637772 1.00000000
v -1.34890187 -2.27783948 -1.00000000
v -1.34890187 -2.27783948 1.00000000
v 1.25000000 -2.16506351 -1.00000000
v 1.32500000 -2.29496732 -1.00000000
v 1.32500000 -2.29496732 1.00000000
v 1.25000000 -2.16506351 1.00000000
v 1.34890187 -2.27783948 -1.00000000
v 1.34890187 -2.27783948 1.00000000
v 1.36900300 -2.25637772 -1.00000000
v 1.36900300 -2.25637772 1.00000000
v 1.38453091 -2.23140681 -1.00000000
v 1.38453091 -2.23140681 1.00000000
v 1.39488887 -2.20388637 -1.00000000
v 1.39488887 -2.20388637 1.00000000
v 1.39967884 -2.17487398 -1.00000000
v 1.39967884 -2.17487398 1.00000000
v 1.39871673 -2.14548458 -1.00000000
v 1.39871673 -2.14548458 1.00000000
v 1.39203952 -2.11684759 -1.00000000
v 1.39203952 -2.11684759 1.00000000
v 1.37990381 -2.09006351 -1.00000000
v 1.37990381 -2.09006351 1.00000000
v 1.36277597 -2.06616164 -1.00000000
v 1.36277597 -2.06616164 1.00000000
v 1.34131421 -2.04606051 -1.00000000
v 1.34131421 -2.04606051 1.00000000
v 1.31634330 -2.03053260 -1.00000000
v 1.31634330 -2.03053260 1.00000000
v 1.28882286 -2.02017464 -1.00000000
v 1.28882286 -2.02017464 1.00000000
v 1.25981047 -2.01538467 -1.00000000
v 1.25981047 -2.01538467 1.00000000
v 1.23042107 -2.01634678 -1.00000000
v 1.23042107 -2.01634678 1.00000000
v 1.20178408 -2.02302399 -1.00000000
v 1.20178408 -2.02302399 1.00000000
v 1.17500000 -2.03515970 -1.00000000
v 1.17500000 -2.03515970 1.00000000
v 1.15109813 -2.05228754 -1.00000000
v 1.15109813 -2.05228754 1.00000000
v 1.13099700 -2.07374930 -1.00000000
v 1.13099700 -2.07374930 1.00000000
v 1.11546909 -2.09872021 -1.00000000
v 1.11546909 -2.09872021 1.00000000
v 1.10511113 -2.12624065 -1.00000000
v 1.10511113 -2.12624065 1.00000000
v 1.10032116 -2.15525304 -1.00000000
v 1.10032116 -2.15525304 1.00000000
v 1.10128327 -2.18464244 -1.00000000
v 1.10128327 -2.18464244 1.00000000
v 1.10796048 -2.21327943 -1.00000000
v 1.10796048 -2.21327943 1.00000000
v 1.12009619 -2.24006351 -1.00000000
v 1.12009619 -2.24006351 1.00000000
v 1.13722403 -2.26396538 -1.00000000
v 1.13722403 -2.26396538 1.00000000
v 1.15868579 -2.28406651 -1.00000000
v 1.15868579 -2.28406651 1.00000000
v 1.18365670 -2.29959442 -1.00000000
v 1.18365670 -2.29959442 1.00000000
v 1.21117714 -2.30995238 -1.00000000
v 1.21117714 -2.30995238 1.00000000
v 1.24018953 -2.31474235 -1.00000000
v 1.24018953 -2.31474235 1.00000000
v 1.26957893 -2.31378024 -1.00000000
v 1.26957893 -2.31378024 1.00000000
v 1.29821592 -2.30710303 -1.00000000
v 1.29821592 -2.30710303 1.00000000
v -2.00000000 -1.00000000 -0.35000000
v -1.97549571 -1.00000000 -0.34879618
v -1.95122742 -1.00000000 -0.34519632
v -1.92742883 -1.00000000 -0.33923508
v -1.90432914 -1.00000000 -0.33096988
v -1.88215082 -1.00000000 -0.32048032
v -1.86110744 -1.00000000 -0.30786740
v -1.84140168 -1.00000000 -0.29325261
v -1.82322330 -1.00000000 -0.27677670
v -1.80674739 -1.00000000 -0.25859832
v -1.79213260 -1.00000000 -0.23889256
v -1.77951968 -1.00000000 -0.21784918
v -1.76903012 -1.00000000 -0.19567086
v -1.76076492 -1.00000000 -0.17257117
v -1.75480368 -1.00000000 -0.14877258
v -1.75120382 -1.00000000 -0.12450429
v -1.75000000 -1.00000000 -0.10000000
v -1.75000000 -1.00000000 1.10000000
v -1.75120382 -1.00000000 1.12450429
v -1.75480368 -1.00000000 1.14877258
v -1.76076492 -1.00000000 1.17257117
v -1.76903012 -1.00000000 1.19567086
v -1.77951968 -1.00000000 1.21784918
v -1.79213260 -1.00000000 1.23889256
v -1.80674739 -1.00000000 1.25859832
v -1.82322330 -1.00000000 1.27677670
v -1.84140168 -1.00000000 1.29325261
v -1.86110744 -1.00000000 1.30786740
v -1.88215082 -1.00000000 1.32048032
v -1.90432914 -1.00000000 1.33096988
v -1.92742883 -1.00000000 1.33923508
v -1.95122742 -1.00000000 1.34519632
v -1.97549571 -1.00000000 1.34879618
v -2.00000000 -1.00000000 1.35000000
v -1.97561371 -0.99759816 -0.34879618
v -1.95146227 -0.99521945 -0.34519632
v -1.92777828 -0.99288678 -0.33923508
v -1.90478982 -0.99062262 -0.33096988
v -1.88271829 -0.98844876 -0.32048032
v -1.86177625 -0.98638615 -0.30786740
v -1.84216537 -0.98445465 -0.29325261
v -1.82407453 -0.98267285 -0.27677670
v -1.80767795 -0.98105793 -0.25859832
v -1.79313354 -0.97962543 -0.23889256
v -1.78058136 -0.97838915 -0.21784918
v -1.77014230 -0.97736099 -0.19567086
v -1.76191690 -0.97655086 -0.17257117
v -1.75598437 -0.97596656 -0.14877258
v -1.75240184 -0.97561371 -0.12450429
v -1.75120382 -0.97549571 -0.10000000
v -1.75120382 -0.97549571 1.10000000
v -1.75240184 -0.97561371 1.12450429
v -1.75598437 -0.97596656 1.14877258
v -1.76191690 -0.97655086 1.17257117
v -1.77014230 -0.97736099 1.19567086
v -1.78058136 -0.97838915 1.21784918
v -1.79313354 -0.97962543 1.23889256
v -1.80767795 -0.98105793 1.25859832
v -1.82407453 -0.98267285 1.27677670
v -1.84216537 -0.98445465 1.29325261
v -1.86177625 -0.98638615 1.30786740
v -1.88271829 -0.98844876 1.32048032
v -1.90478982 -0.99062262 1.33096988
v -1.92777828 -0.99288678 1.33923508
v -1.95146227 -0.99521945 1.34519632
v -1.97561371 -0.99759816 1.34879618
v -1.97596656 -0.99521945 -0.34879618
v -1.95216457 -0.99048494 -0.34519632
v -1.92882327 -0.98584207 -0.33923508
v -1.90616743 -0.98133554 -0.33096988
v -1.88441525 -0.97700876 -0.32048032
v -1.86377622 -0.97290341 -0.30786740
v -1.84444910 -0.96905900 -0.29325261
v -1.82662002 -0.96551258 -0.27677670
v -1.81046068 -0.96229829 -0.25859832
v -1.79612671 -0.95944708 -0.23889256
v -1.78375615 -0.95698642 -0.21784918
v -1.77346814 -0.95494001 -0.19567086
v -1.76536175 -0.95332755 -0.17257117
v -1.75951506 -0.95216457 -0.14877258
v -1.75598437 -0.95146227 -0.12450429
v -1.75480368 -0.95122742 -0.10000000
v -1.75480368 -0.95122742 1.10000000
v -1.75598437 -0.95146227 1.12450429
v -1.75951506 -0.95216457 1.14877258
v -1.76536175 -0.95332755 1.17257117
v -1.77346814 -0.95494001 1.19567086
v -1.78375615 -0.95698642 1.21784918
v -1.79612671 -0.95944708 1.23889256
v -1.81046068 -0.96229829 1.25859832
v -1.82662002 -0.96551258 1.27677670
v -1.84444910 -0.96905900 1.29325261
v -1.86377622 -0.97290341 1.30786740
v -1.88441525 -0.97700876 1.32048032
v -1.90616743 -0.98133554 1.33096988
v -1.92882327 -0.98584207 1.33923508
v -1.95216457 -0.99048494 1.34519632
v -1.97596656 -0.99521945 1.34879618
v -1.97655086 -0.99288678 -0.34879618
v -1.95332755 -0.98584207 -0.34519632
v -1.93055372 -0.97893370 -0.33923508
v -1.90844870 -0.97222822 -0.33096988
v -1.88722536 -0.96579019 -0.32048032
v -1.86708811 -0.95968162 -0.30786740
v -1.84823087 -0.95396134 -0.29325261
v -1.83083525 -0.94868443 -0.27677670
v -1.81506878 -0.94390173 -0.25859832
v -1.80108330 -0.93965928 -0.23889256
v -1.78901349 -0.93599794 -0.21784918
v -1.77897560 -0.93295298 -0.19567086
v -1.77106630 -0.93055372 -0.17257117
v -1.76536175 -0.92882327 -0.14877258
v -1.76191690 -0.92777828 -0.12450429
v -1.76076492 -0.92742883 -0.10000000
v -1.76076492 -0.92742883 1.10000000
v -1.76191690 -0.92777828 1.12450429
v -1.76536175 -0.92882327 1.14877258
v -1.77106630 -0.93055372 1.17257117
v -1.77897560 -0.93295298 1.19567086
v -1.78901349 -0.93599794 1.21784918
v -1.80108330 -0.93965928 1.23889256
v -1.81506878 -0.94390173 1.25859832
v -1.83083525 -0.94868443 1.27677670
v -1.84823087 -0.95396134 1.29325261
v -1.86708811 -0.95968162 1.30786740
v -1.88722536 -0.96579019 1.32048032
v -1.90844870 -0.97222822 1.33096988
v -1.93055372 -0.97893370 1.33923508
v -1.95332755 -0.98584207 1.34519632
v -1.97655086 -0.99288678 1.34879618
v -1.97736099 -0.99062262 -0.34879618
v -1.95494001 -0.98133554 -0.34519632
v -1.93295298 -0.97222822 -0.33923508
v -1.91161165 -0.96338835 -0.33096988
v -1.89112155 -0.95490107 -0.32048032
v -1.87168001 -0.94684812 -0.30786740
v -1.85347426 -0.93930705 -0.29325261
v -1.83667963 -0.93235049 -0.27677670
v -1.82145787 -0.92604543 -0.25859832
v -1.80795556 -0.92045259 -0.23889256
v -1.79630275 -0.91562584 -0.21784918
v -1.78661165 -0.91161165 -0.19567086
v -1.77897560 -0.90844870 -0.17257117
v -1.77346814 -0.90616743 -0.14877258
v -1.77014230 -0.90478982 -0.12450429
v -1.76903012 -0.90432914 -0.10000000
v -1.76903012 -0.90432914 1.10000000
v -1.77014230 -0.90478982 1.12450429
v -1.77346814 -0.90616743 1.14877258
v -1.77897560 -0.90844870 1.17257117
v -1.78661165 -0.91161165 1.19567086
v -1.79630275 -0.91562584 1.21784918
v -1.80795556 -0.92045259 1.23889256
v -1.82145787 -0.92604543 1.25859832
v -1.83667963 -0.93235049 1.27677670
v -1.85347426 -0.93930705 1.29325261
v -1.87168001 -0.94684812 1.30786740
v -1.89112155 -0.95490107 1.32048032
v -1.91161165 -0.96338835 1.33096988
v -1.93295298 -0.97222822 1.33923508
v -1.95494001 -0.98133554 1.34519632
v -1.97736099 -0.99062262 1.34879618
v -1.97838915 -0.98844876 -0.34879618
v -1.95698642 -0.97700876 -0.34519632
v -1.93599794 -0.96579019 -0.33923508
v -1.91562584 -0.95490107 -0.33096988
v -1.89606630 -0.94444628 -0.32048032
v -1.87750770 -0.93452650 -0.30786740
v -1.86012877 -0.92523727 -0.29325261
v -1.84409687 -0.91666804 -0.27677670
v -1.82956641 -0.90890135 -0.25859832
v -1.81667732 -0.90201198 -0.23889256
v -1.80555372 -0.89606630 -0.21784918
v -1.79630275 -0.89112155 -0.19567086
v -1.78901349 -0.88722536 -0.17257117
v -1.78375615 -0.88441525 -0.14877258
v -1.78058136 -0.88271829 -0.12450429
v -1.77951968 -0.88215082 -0.10000000
v -1.77951968 -0.88215082 1.10000000
v -1.78058136 -0.88271829 1.12450429
v -1.78375615 -0.88441525 1.14877258
v -1.78901349 -0.88722536 1.17257117
v -1.79630275 -0.89112155 1.19567086
v -1.80555372 -0.89606630 1.21784918
v -1.81667732 -0.90201198 1.23889256
v -1.82956641 -0.90890135 1.25859832
v -1.84409687 -0.91666804 1.27677670
v -1.86012877 -0.92523727 1.29325261
v -1.87750770 -0.93452650 1.30786740
v -1.89606630 -0.94444628 1.32048032
v -1.91562584 -0.95490107 1.33096988
v -1.93599794 -0.96579019 1.33923508
v -1.95698642 -0.97700876 1.34519632
v -1.97838915 -0.98844876 1.34879618
v -1.97962543 -0.98638615 -0.34879618
v -1.95944708 -0.97290341 -0.34519632
v -1.93965928 -0.95968162 -0.33923508
v -1.92045259 -0.94684812 -0.33096988
v -1.90201198 -0.93452650 -0.32048032
v -1.88451506 -0.92283543 -0.30786740
v -1.86813032 -0.91188749 -0.29325261
v -1.85301555 -0.90178813 -0.27677670
v -1.83931632 -0.89263460 -0.25859832
v -1.82716457 -0.88451506 -0.23889256
v -1.81667732 -0.87750770 -0.21784918
v -1.80795556 -0.87168001 -0.19567086
v -1.80108330 -0.86708811 -0.17257117
v -1.79612671 -0.86377622 -0.14877258
v -1.79313354 -0.86177625 -0.12450429
v -1.79213260 -0.86110744 -0.10000000
v -1.79213260 -0.86110744 1.10000000
v -1.79313354 -0.86177625 1.12450429
v -1.79612671 -0.86377622 1.14877258
v -1.80108330 -0.86708811 1.17257117
v -1.80795556 -0.87168001 1.19567086
v -1.81667732 -0.87750770 1.21784918
v -1.82716457 -0.88451506 1.23889256
v -1.83931632 -0.89263460 1.25859832
v -1.85301555 -0.90178813 1.27677670
v -1.86813032 -0.91188749 1.29325261
v -1.88451506 -0.92283543 1.30786740
v -1.90201198 -0.93452650 1.32048032
v -1.92045259 -0.94684812 1.33096988
v -1.93965928 -0.95968162 1.33923508
v -1.95944708 -0.97290341 1.34519632
v -1.97962543 -0.98638615 1.34879618
v -1.98105793 -0.98445465 -0.34879618
v -1.96229829 -0.96905900 -0.34519632
v -1.94390173 -0.95396134 -0.33923508
v -1.92604543 -0.93930705 -0.33096988
v -1.90890135 -0.92523727 -0.32048032
v -1.89263460 -0.91188749 -0.30786740
v -1.87740184 -0.89938629 -0.29325261
v -1.86334977 -0.88785405 -0.27677670
v -1.85061371 -0.87740184 -0.25859832
v -1.83931632 -0.86813032 -0.23889256
v -1.82956641 -0.86012877 -0.21784918
v -1.82145787 -0.85347426 -0.19567086
v -1.81506878 -0.84823087 -0.17257117
v -1.81046068 -0.84444910 -0.14877258
v -1.80767795 -0.84216537 -0.12450429
v -1.80674739 -0.84140168 -0.10000000
v -1.80674739 -0.84140168 1.10000000
v -1.80767795 -0.84216537 1.12450429
v -1.81046068 -0.84444910 1.14877258
v -1.81506878 -0.84823087 1.17257117
v -1.82145787 -0.85347426 1.19567086
v -1.82956641 -0.86012877 1.21784918
v -1.83931632 -0.86813032 1.23889256
v -1.85061371 -0.87740184 1.25859832
v -1.86334977 -0.88785405 1.27677670
v -1.87740184 -0.89938629 1.29325261
v -1.89263460 -0.91188749 1.30786740
v -1.90890135 -0.92523727 1.32048032
v -1.92604543 -0.93930705 1.33096988
v -1.94390173 -0.95396134 1.33923508
v -1.96229829 -0.96905900 1.34519632
v -1.98105793 -0.98445465 1.34879618
v -1.98267285 -0.98267285 -0.34879618
v -1.96551258 -0.96551258 -0.34519632
v -1.94868443 -0.94868443 -0.33923508
v -1.93235049 -0.93235049 -0.33096988
v -1.91666804 -0.91666804 -0.32048032
v -1.90178813 -0.90178813 -0.30786740
v -1.88785405 -0.88785405 -0.29325261
v -1.87500000 -0.87500000 -0.27677670
v -1.86334977 -0.86334977 -0.25859832
v -1.85301555 -0.85301555 -0.23889256
v -1.84409687 -0.84409687 -0.21784918
v -1.83667963 -0.83667963 -0.19567086
v -1.83083525 -0.83083525 -0.17257117
v -1.82662002 -0.82662002 -0.14877258
v -1.82407453 -0.82407453 -0.12450429
v -1.82322330 -0.82322330 -0.10000000
v -1.82322330 -0.82322330 1.10000000
v -1.82407453 -0.82407453 1.12450429
v -1.82662002 -0.82662002 1.14877258
v -1.83083525 -0.83083525 1.17257117
v -1.83667963 -0.83667963 1.19567086
v -1.84409687 -0.84409687 1.21784918
v -1.85301555 -0.85301555 1.23889256
v -1.86334977 -0.86334977 1.25859832
v -1.87500000 -0.87500000 1.27677670
v -1.88785405 -0.88785405 1.29325261
v -1.90178813 -0.90178813 1.30786740
v -1.91666804 -0.91666804 1.32048032
v -1.93235049 -0.93235049 1.33096988
v -1.94868443 -0.94868443 1.33923508
v -1.96551258 -0.96551258 1.34519632
v -1.98267285 -0.98267285 1.34879618
v -1.98445465 -0.98105793 -0.34879618
v -1.96905900 -0.96229829 -0.34519632
v -1.95396134 -0.94390173 -0.33923508
v -1.93930705 -0.92604543 -0.33096988
v -1.92523727 -0.90890135 -0.32048032
v -1.91188749 -0.89263460 -0.30786740
v -1.89938629 -0.87740184 -0.29325261
v -1.88785405 -0.86334977 -0.27677670
v -1.87740184 -0.85061371 -0.25859832
v -1.86813032 -0.83931632 -0.23889256
v -1.86012877 -0.82956641 -0.21784918
v -1.85347426 -0.82145787 -0.19567086
v -1.84823087 -0.81506878 -0.17257117
v -1.84444910 -0.81046068 -0.14877258
v -1.84216537 -0.80767795 -0.12450429
v -1.84140168 -0.80674739 -0.10000000
v -1.84140168 -0.80674739 1.10000000
v -1.84216537 -0.80767795 1.12450429
v -1.84444910 -0.81046068 1.14877258
v -1.84823087 -0.81506878 1.17257117
v -1.85347426 -0.82145787 1.19567086
v -1.86012877 -0.82956641 1.21784918
v -1.86813032 -0.83931632 1.23889256
v -1.87740184 -0.85061371 1.25859832
v -1.88785405 -0.86334977 1.27677670
v -1.89938629 -0.87740184 1.29325261
v -1.91188749 -0.89263460 1.30786740
v -1.92523727 -0.90890135 1.32048032
v -1.93930705 -0.92604543 1.33096988
v -1.95396134 -0.94390173 1.33923508
v -1.96905900 -0.96229829 1.34519632
v -1.98445465 -0.98105793 1.34879618
v -1.98638615 -0.97962543 -0.34879618
v -1.97290341 -0.95944708 -0.34519632
v -1.95968162 -0.93965928 -0.33923508
v -1.94684812 -0.92045259 -0.33096988
v -1.93452650 -0.90201198 -0.32048032
v -1.92283543 -0.88451506 -0.30786740
v -1.91188749 -0.86813032 -0.29325261
v -1.90178813 -0.85301555 -0.27677670
v -1.89263460 -0.83931632 -0.25859832
v -1.88451506 -0.82716457 -0.23889256
v -1.87750770 -0.81667732 -0.21784918
v -1.87168001 -0.80795556 -0.19567086
v -1.86708811 -0.80108330 -0.17257117
v -1.86377622 -0.79612671 -0.14877258
v -1.86177625 -0.79313354 -0.12450429
v -1.86110744 -0.79213260 -0.10000000
v -1.86110744 -0.79213260 1.10000000
v -1.86177625 -0.79313354 1.12450429
v -1.86377622 -0.79612671 1.14877258
v -1.86708811 -0.80108330 1.17257117
v -1.87168001 -0.80795556 1.19567086
v -1.87750770 -0.81667732 1.21784918
v -1.88451506 -0.82716457 1.23889256
v -1.89263460 -0.83931632 1.25859832
v -1.90178813 -0.85301555 1.27677670
v -1.91188749 -0.86813032 1.29325261
v -1.92283543 -0.88451506 1.30786740
v -1.93452650 -0.90201198 1.32048032
v -1.94684812 -0.92045259 1.33096988
v -1.95968162 -0.93965928 1.33923508
v -1.97290341 -0.95944708 1.34519632
v -1.98638615 -0.97962543 1.34879618
v -1.98844876 -0.97838915 -0.34879618
v -1.97700876 -0.95698642 -0.34519632
v -1.96579019 -0.93599794 -0.33923508
v -1.95490107 -0.91562584 -0.33096988
v -1.94444628 -0.89606630 -0.32048032
v -1.93452650 -0.87750770 -0.30786740
v -1.92523727 -0.86012877 -0.29325261
v -1.91666804 -0.84409687 -0.27677670
v -1.90890135 -0.82956641 -0.25859832
v -1.90201198 -0.81667732 -0.23889256
v -1.89606630 -0.80555372 -0.21784918
v -1.89112155 -0.79630275 -0.19567086
v -1.88722536 -0.78901349 -0.17257117
v -1.88441525 -0.78375615 -0.14877258
v -1.88271829 -0.78058136 -0.12450429
v -1.88215082 -0.77951968 -0.10000000
v -1.88215082 -0.77951968 1.10000000
v -1.88271829 -0.78058136 1.12450429
v -1.88441525 -0.78375615 1.14877258
v -1.88722536 -0.78901349 1.17257117
v -1.89112155 -0.79630275 1.19567086
v -1.89606630 -0.80555372 1.21784918
v -1.90201198 -0.81667732 1.23889256
v -1.90890135 -0.82956641 1.25859832
v -1.91666804 -0.84409687 1.27677670
v -1.92523727 -0.86012877 1.29325261
v -1.93452650 -0.87750770 1.30786740
v -1.94444628 -0.89606630 1.32048032
v -1.95490107 -0.91562584 1.33096988
v -1.96579019 -0.93599794 1.33923508
v -1.97700876 -0.95698642 1.34519632
v -1.98844876 -0.97838915 1.34879618
v -1.99062262 -0.97736099 -0.34879618
v -1.98133554 -0.95494001 -0.34519632
v -1.97222822 -0.93295298 -0.33923508
v -1.96338835 -0.91161165 -0.33096988
v -1.95490107 -0.89112155 -0.32048032
v -1.94684812 -0.87168001 -0.30786740
v -1.93930705 -0.85347426 -0.29325261
v -1.93235049 -0.83667963 -0.27677670
v -1.92604543 -0.82145787 -0.25859832
v -1.92045259 -0.80795556 -0.23889256
v -1.91562584 -0.79630275 -0.21784918
v -1.91161165 -0.78661165 -0.19567086
v -1.90844870 -0.77897560 -0.17257117
v -1.90616743 -0.77346814 -0.14877258
v -1.90478982 -0.77014230 -0.12450429
v -1.90432914 -0.76903012 -0.10000000
v -1.90432914 -0.76903012 1.10000000
v -1.90478982 -0.77014230 1.12450429
v -1.90616743 -0.77346814 1.14877258
v -1.90844870 -0.77897560 1.17257117
v -1.91161165 -0.78661165 1.19567086
v -1.91562584 -0.79630275 1.21784918
v -1.92045259 -0.80795556 1.23889256
v -1.92604543 -0.82145787 1.25859832
v -1.93235049 -0.83667963 1.27677670
v -1.93930705 -0.85347426 1.29325261
v -1.94684812 -0.87168001 1.30786740
v -1.95490107 -0.89112155 1.32048032
v -1.96338835 -0.91161165 1.33096988
v -1.97222822 -0.93295298 1.33923508
v -1.98133554 -0.95494001 1.34519632
v -1.99062262 -0.97736099 1.34879618
v -1.99288678 -0.97655086 -0.34879618
v -1.98584207 -0.95332755 -0.34519632
v -1.97893370 -0.93055372 -0.33923508
v -1.97222822 -0.90844870 -0.33096988
v -1.96579019 -0.88722536 -0.32048032
v -1.95968162 -0.86708811 -0.30786740
v -1.95396134 -0.84823087 -0.29325261
v -1.94868443 -0.83083525 -0.27677670
v -1.94390173 -0.81506878 -0.25859832
v -1.93965928 -0.80108330 -0.23889256
v -1.93599794 -0.78901349 -0.21784918
v -1.93295298 -0.77897560 -0.19567086
v -1.93055372 -0.77106630 -0.17257117
v -1.92882327 -0.76536175 -0.14877258
v -1.92777828 -0.76191690 -0.12450429
v -1.92742883 -0.76076492 -0.10000000
v -1.92742883 -0.76076492 1.10000000
v -1.92777828 -0.76191690 1.12450429
v -1.92882327 -0.76536175 1.14877258
v -1.93055372 -0.77106630 1.17257117
v -1.93295298 -0.77897560 1.19567086
v -1.93599794 -0.78901349 1.21784918
v -1.93965928 -0.80108330 1.23889256
v -1.94390173 -0.81506878 1.25859832
v -1.94868443 -0.83083525 1.27677670
v -1.95396134 -0.84823087 1.29325261
v -1.95968162 -0.86708811 1.30786740
v -1.96579019 -0.88722536 1.32048032
v -1.97222822 -0.90844870 1.33096988
v -1.97893370 -0.93055372 1.33923508
v -1.98584207 -0.95332755 1.34519632
v -1.99288678 -0.97655086 1.34879618
v -1.99521945 -0.97596656 -0.34879618
v -1.99048494 -0.95216457 -0.34519632
v -1.98584207 -0.92882327 -0.33923508
v -1.98133554 -0.90616743 -0.33096988
v -1.97700876 -0.88441525 -0.32048032
v -1.97290341 -0.86377622 -0.30786740
v -1.96905900 -0.84444910 -0.29325261
v -1.96551258 -0.82662002 -0.27677670
v -1.96229829 -0.81046068 -0.25859832
v -1.95944708 -0.79612671 -0.23889256
v -1.95698642 -0.78375615 -0.21784918
v -1.95494001 -0.77346814 -0.19567086
v -1.95332755 -0.76536175 -0.17257117
v -1.95216457 -0.75951506 -0.14877258
v -1.95146227 -0.75598437 -0.12450429
v -1.95122742 -0.75480368 -0.10000000
v -1.95122742 -0.75480368 1.10000000
v -1.95146227 -0.75598437 1.12450429
v -1.95216457 -0.75951506 1.14877258
v -1.95332755 -0.76536175 1.17257117
v -1.95494001 -0.77346814 1.19567086
v -1.95698642 -0.78375615 1.21784918
v -1.95944708 -0.79612671 1.23889256
v -1.96229829 -0.81046068 1.25859832
v -1.96551258 -0.82662002 1.27677670
v -1.96905900 -0.84444910 1.29325261
v -1.97290341 -0.86377622 1.30786740
v -1.97700876 -0.88441525 1.32048032
v -1.98133554 -0.90616743 1.33096988
v -1.98584207 -0.92882327 1.33923508
v -1.99048494 -0.95216457 1.34519632
v -1.99521945 -0.97596656 1.34879618
v -1.99759816 -0.97561371 -0.34879618
v -1.99521945 -0.95146227 -0.34519632
v -1.99288678 -0.92777828 -0.33923508
v -1.99062262 -0.90478982 -0.33096988
v -1.98844876 -0.88271829 -0.32048032
v -1.98638615 -0.86177625 -0.30786740
v -1.98445465 -0.84216537 -0.29325261
v -1.98267285 -0.82407453 -0.27677670
v -1.98105793 -0.80767795 -0.25859832
v -1.97962543 -0.79313354 -0.23889256
v -1.97838915 -0.78058136 -0.21784918
v -1.97736099 -0.77014230 -0.19567086
v -1.97655086 -0.76191690 -0.17257117
v -1.97596656 -0.75598437 -0.14877258
v -1.97561371 -0.75240184 -0.12450429
v -1.97549571 -0.75120382 -0.10000000
v -1.97549571 -0.75120382 1.10000000
v -1.97561371 -0.75240184 1.12450429
v -1.97596656 -0.75598437 1.14877258
v -1.97655086 -0.76191690 1.17257117
v -1.97736099 -0.77014230 1.19567086
v -1.97838915 -0.78058136 1.21784918
v -1.97962543 -0.79313354 1.23889256
v -1.98105793 -0.80767795 1.25859832
v -1.98267285 -0.82407453 1.27677670
v -1.98445465 -0.84216537 1.29325261
v -1.98638615 -0.86177625 1.30786740
v -1.98844876 -0.88271829 1.32048032
v -1.99062262 -0.90478982 1.33096988
v -1.99288678 -0.92777828 1.33923508
v -1.99521945 -0.95146227 1.34519632
v -1.99759816 -0.97561371 1.34879618
v -2.00000000 -0.97549571 -0.34879618
v -2.00000000 -0.95122742 -0.34519632
v -2.00000000 -0.92742883 -0.33923508
v -2.00000000 -0.90432914 -0.33096988
v -2.00000000 -0.88215082 -0.32048032
v -2.00000000 -0.86110744 -0.30786740
v -2.00000000 -0.84140168 -0.29325261
v -2.00000000 -0.82322330 -0.27677670
v -2.00000000 -0.80674739 -0.25859832
v -2.00000000 -0.79213260 -0.23889256
v -2.00000000 -0.77951968 -0.21784918
v -2.00000000 -0.76903012 -0.19567086
v -2.00000000 -0.76076492 -0.17257117
v -2.00000000 -0.75480368 -0.14877258
v -2.00000000 -0.75120382 -0.12450429
v -2.00000000 -0.75000000 -0.10000000
v -2.00000000 -0.75000000 1.10000000
v -2.00000000 -0.75120382 1.12450429
v -2.00000000 -0.75480368 1.14877258
v -2.00000000 -0.76076492 1.17257117
v -2.00000000 -0.76903012 1.19567086
v -2.00000000 -0.77951968 1.21784918
v -2.00000000 -0.79213260 1.23889256
v -2.00000000 -0.80674739 1.25859832
v -2.00000000 -0.82322330 1.27677670
v -2.00000000 -0.84140168 1.29325261
v -2.00000000 -0.86110744 1.30786740
v -2.00000000 -0.88215082 1.32048032
v -2.00000000 -0.90432914 1.33096988
v -2.00000000 -0.92742883 1.33923508
v -2.00000000 -0.95122742 1.34519632
v -2.00000000 -0.97549571 1.34879618
v -2.00240184 -0.97561371 -0.34879618
v -2.00478055 -0.95146227 -0.34519632
v -2.00711322 -0.92777828 -0.33923508
v -2.00937738 -0.90478982 -0.33096988
v -2.01155124 -0.88271829 -0.32048032
v -2.01361385 -0.86177625 -0.30786740
v -2.01554535 -0.84216537 -0.29325261
v -2.01732715 -0.82407453 -0.27677670
v -2.01894207 -0.80767795 -0.25859832
v -2.02037457 -0.79313354 -0.23889256
v -2.02161085 -0.78058136 -0.21784918
v -2.02263901 -0.77014230 -0.19567086
v -2.02344914 -0.76191690 -0.17257117
v -2.02403344 -0.75598437 -0.14877258
v -2.02438629 -0.75240184 -0.12450429
v -2.02450429 -0.75120382 -0.10000000
v -2.02450429 -0.75120382 1.10000000
v -2.02438629 -0.75240184 1.12450429
v -2.02403344 -0.75598437 1.14877258
v -2.02344914 -0.76191690 1.17257117
v -2.02263901 -0.77014230 1.19567086
v -2.02161085 -0.78058136 1.21784918
v -2.02037457 -0.79313354 1.23889256
v -2.01894207 -0.80767795 1.25859832
v -2.01732715 -0.82407453 1.27677670
v -2.01554535 -0.84216537 1.29325261
v -2.01361385 -0.86177625 1.30786740
v -2.01155124 -0.88271829 1.32048032
v -2.00937738 -0.90478982 1.33096988
v -2.00711322 -0.92777828 1.33923508
v -2.00478055 -0.95146227 1.34519632
v -2.00240184 -0.97561371 1.34879618
v -2.00478055 -0.97596656 -0.34879618
v -2.00951506 -0.95216457 -0.34519632
v -2.01415793 -0.92882327 -0.33923508
v -2.01866446 -0.90616743 -0.33096988
v -2.02299124 -0.88441525 -0.32048032
v -2.02709659 -0.86377622 -0.30786740
v -2.03094100 -0.84444910 -0.29325261
v -2.03448742 -0.82662002 -0.27677670
v -2.03770171 -0.81046068 -0.25859832
v -2.04055292 -0.79612671 -0.23889256
v -2.04301358 -0.78375615 -0.21784918
v -2.04505999 -0.77346814 -0.19567086
v -2.04667245 -0.76536175 -0.17257117
v -2.04783543 -0.75951506 -0.14877258
v -2.04853773 -0.75598437 -0.12450429
v -2.04877258 -0.75480368 -0.10000000
v -2.04877258 -0.75480368 1.10000000
v -2.04853773 -0.75598437 1.12450429
v -2.04783543 -0.75951506 1.14877258
v -2.04667245 -0.76536175 1.17257117
v -2.04505999 -0.77346814 1.19567086
v -2.04301358 -0.78375615 1.21784918
v -2.04055292 -0.79612671 1.23889256
v -2.03770171 -0.81046068 1.25859832
v -2.03448742 -0.82662002 1.27677670
v -2.03094100 -0.84444910 1.29325261
v -2.02709659 -0.86377622 1.30786740
v -2.02299124 -0.88441525 1.32048032
v -2.01866446 -0.90616743 1.33096988
v -2.01415793 -0.92882327 1.33923508
v -2.00951506 -0.95216457 1.34519632
v -2.00478055 -0.97596656 1.34879618
v -2.00711322 -0.97655086 -0.34879618
v -2.01415793 -0.95332755 -0.34519632
v -2.02106630 -0.93055372 -0.33923508
v -2.02777178 -0.90844870 -0.33096988
v -2.03420981 -0.88722536 -0.32048032
v -2.04031838 -0.86708811 -0.30786740
v -2.04603866 -0.84823087 -0.29325261
v -2.05131557 -0.83083525 -0.27677670
v -2.05609827 -0.81506878 -0.25859832
v -2.06034072 -0.80108330 -0.23889256
v -2.06400206 -0.78901349 -0.21784918
v -2.06704702 -0.77897560 -0.19567086
v -2.06944628 -0.77106630 -0.17257117
v -2.07117673 -0.76536175 -0.14877258
v -2.07222172 -0.76191690 -0.12450429
v -2.07257117 -0.76076492 -0.10000000
v -2.07257117 -0.76076492 1.10000000
v -2.07222172 -0.76191690 1.12450429
v -2.07117673 -0.76536175 1.14877258
v -2.06944628 -0.77106630 1.17257117
v -2.06704702 -0.77897560 1.19567086
v -2.06400206 -0.78901349 1.21784918
v -2.06034072 -0.80108330 1.23889256
v -2.05609827 -0.81506878 1.25859832
v -2.05131557 -0.83083525 1.27677670
v -2.04603866 -0.84823087 1.29325261
v -2.04031838 -0.86708811 1.30786740
v -2.03420981 -0.88722536 1.32048032
v -2.02777178 -0.90844870 1.33096988
v -2.02106630 -0.93055372 1.33923508
v -2.01415793 -0.95332755 1.34519632
v -2.00711322 -0.97655086 1.34879618
v -2.00937738 -0.97736099 -0.34879618
v -2.01866446 -0.95494001 -0.34519632
v -2.02777178 -0.93295298 -0.33923508
v -2.03661165 -0.91161165 -0.33096988
v -2.04509893 -0.89112155 -0.32048032
v -2.05315188 -0.87168001 -0.30786740
v -2.06069295 -0.85347426 -0.29325261
v -2.06764951 -0.83667963 -0.27677670
v -2.07395457 -0.82145787 -0.25859832
v -2.07954741 -0.80795556 -0.23889256
v -2.08437416 -0.79630275 -0.21784918
v -2.08838835 -0.78661165 -0.19567086
v -2.09155130 -0.77897560 -0.17257117
v -2.09383257 -0.77346814 -0.14877258
v -2.09521018 -0.77014230 -0.12450429
v -2.09567086 -0.76903012 -0.10000000
v -2.09567086 -0.76903012 1.10000000
v -2.09521018 -0.77014230 1.12450429
v -2.09383257 -0.77346814 1.14877258
v -2.09155130 -0.77897560 1.17257117
v -2.08838835 -0.78661165 1.19567086
v -2.08437416 -0.79630275 1.21784918
v -2.07954741 -0.80795556 1.23889256
v -2.07395457 -0.82145787 1.25859832
v -2.06764951 -0.83667963 1.27677670
v -2.06069295 -0.85347426 1.29325261
v -2.05315188 -0.87168001 1.30786740
v -2.04509893 -0.89112155 1.32048032
v -2.03661165 -0.91161165 1.33096988
v -2.02777178 -0.93295298 1.33923508
v -2.01866446 -0.95494001 1.34519632
v -2.00937738 -0.97736099 1.34879618
v -2.01155124 -0.97838915 -0.34879618
v -2.02299124 -0.95698642 -0.34519632
v -2.03420981 -0.93599794 -0.33923508
v -2.04509893 -0.91562584 -0.33096988
v -2.05555372 -0.89606630 -0.32048032
v -2.06547350 -0.87750770 -0.30786740
v -2.07476273 -0.86012877 -0.29325261
v -2.08333196 -0.84409687 -0.27677670
v -2.09109865 -0.82956641 -0.25859832
v -2.09798802 -0.81667732 -0.23889256
v -2.10393370 -0.80555372 -0.21784918
v -2.10887845 -0.79630275 -0.19567086
v -2.11277464 -0.78901349 -0.17257117
v -2.11558475 -0.78375615 -0.14877258
v -2.11728171 -0.78058136 -0.12450429
v -2.11784918 -0.77951968 -0.10000000
v -2.11784918 -0.77951968 1.10000000
v -2.11728171 -0.78058136 1.12450429
v -2.11558475 -0.78375615 1.14877258
v -2.11277464 -0.78901349 1.17257117
v -2.10887845 -0.79630275 1.19567086
v -2.10393370 -0.80555372 1.21784918
v -2.09798802 -0.81667732 1.23889256
v -2.09109865 -0.82956641 1.25859832
v -2.08333196 -0.84409687 1.27677670
v -2.07476273 -0.86012877 1.29325261
v -2.06547350 -0.87750770 1.30786740
v -2.05555372 -0.89606630 1.32048032
v -2.04509893 -0.91562584 1.33096988
v -2.03420981 -0.93599794 1.33923508
v -2.02299124 -0.95698642 1.34519632
v -2.01155124 -0.97838915 1.34879618
v -2.01361385 -0.97962543 -0.34879618
v -2.02709659 -0.95944708 -0.34519632
v -2.04031838 -0.93965928 -0.33923508
v -2.05315188 -0.92045259 -0.33096988
v -2.06547350 -0.90201198 -0.32048032
v -2.07716457 -0.88451506 -0.30786740
v -2.08811251 -0.86813032 -0.29325261
v -2.09821187 -0.85301555 -0.27677670
v -2.10736540 -0.83931632 -0.25859832
v -2.11548494 -0.82716457 -0.23889256
v -2.12249230 -0.81667732 -0.21784918
v -2.12831999 -0.80795556 -0.19567086
v -2.13291189 -0.80108330 -0.17257117
v -2.13622378 -0.79612671 -0.14877258
v -2.13822375 -0.79313354 -0.12450429
v -2.13889256 -0.79213260 -0.10000000
v -2.13889256 -0.79213260 1.10000000
v -2.13822375 -0.79313354 1.12450429
v -2.13622378 -0.79612671 1.14877258
v -2.13291189 -0.80108330 1.17257117
v -2.12831999 -0.80795556 1.19567086
v -2.12249230 -0.81667732 1.21784918
v -2.11548494 -0.82716457 1.23889256
v -2.10736540 -0.83931632 1.25859832
v -2.09821187 -0.85301555 1.27677670
v -2.08811251 -0.86813032 1.29325261
v -2.07716457 -0.88451506 1.30786740
v -2.06547350 -0.90201198 1.32048032
v -2.05315188 -0.92045259 1.33096988
v -2.04031838 -0.93965928 1.33923508
v -2.02709659 -0.95944708 1.34519632
v -2.01361385 -0.97962543 1.34879618
v -2.01554535 -0.98105793 -0.34879618
v -2.03094100 -0.96229829 -0.34519632
v -2.04603866 -0.94390173 -0.33923508
v -2.06069295 -0.92604543 -0.33096988
v -2.07476273 -0.90890135 -0.32048032
v -2.08811251 -0.89263460 -0.30786740
v -2.10061371 -0.87740184 -0.29325261
v -2.11214595 -0.86334977 -0.27677670
v -2.12259816 -0.85061371 -0.25859832
v -2.13186968 -0.83931632 -0.23889256
v -2.13987123 -0.82956641 -0.21784918
v -2.14652574 -0.82145787 -0.19567086
v -2.15176913 -0.81506878 -0.17257117
v -2.15555090 -0.81046068 -0.14877258
v -2.15783463 -0.80767795 -0.12450429
v -2.15859832 -0.80674739 -0.10000000
v -2.15859832 -0.80674739 1.10000000
v -2.15783463 -0.80767795 1.12450429
v -2.15555090 -0.81046068 1.14877258
v -2.15176913 -0.81506878 1.17257117
v -2.14652574 -0.82145787 1.19567086
v -2.13987123 -0.82956641 1.21784918
v -2.13186968 -0.83931632 1.23889256
v -2.12259816 -0.85061371 1.25859832
v -2.11214595 -0.86334977 1.27677670
v -2.10061371 -0.87740184 1.29325261
v -2.08811251 -0.89263460 1.30786740
v -2.07476273 -0.90890135 1.32048032
v -2.06069295 -0.92604543 1.33096988
v -2.04603866 -0.94390173 1.33923508
v -2.03094100 -0.96229829 1.34519632
v -2.01554535 -0.98105793 1.34879618
v -2.01732715 -0.98267285 -0.34879618
v -2.03448742 -0.96551258 -0.34519632
v -2.05131557 -0.94868443 -0.33923508
v -2.06764951 -0.93235049 -0.33096988
v -2.08333196 -0.91666804 -0.32048032
v -2.09821187 -0.90178813 -0.30786740
v -2.11214595 -0.88785405 -0.29325261
v -2.12500000 -0.87500000 -0.27677670
v -2.13665023 -0.86334977 -0.25859832
v -2.14698445 -0.85301555 -0.23889256
v -2.15590313 -0.84409687 -0.21784918
v -2.16332037 -0.83667963 -0.19567086
v -2.16916475 -0.83083525 -0.17257117
v -2.17337998 -0.82662002 -0.14877258
v -2.17592547 -0.82407453 -0.12450429
v -2.17677670 -0.82322330 -0.10000000
v -2.17677670 -0.82322330 1.10000000
v -2.17592547 -0.82407453 1.12450429
v -2.17337998 -0.82662002 1.14877258
v -2.16916475 -0.83083525 1.17257117
v -2.16332037 -0.83667963 1.19567086
v -2.15590313 -0.84409687 1.21784918
v -2.14698445 -0.85301555 1.23889256
v -2.13665023 -0.86334977 1.25859832
v -2.12500000 -0.87500000 1.27677670
v -2.11214595 -0.88785405 1.29325261
v -2.09821187 -0.90178813 1.30786740
v -2.08333196 -0.91666804 1.32048032
v -2.06764951 -0.93235049 1.33096988
v -2.05131557 -0.94868443 1.33923508
v -2.03448742 -0.96551258 1.34519632
v -2.01732715 -0.98267285 1.34879618
v -2.01894207 -0.98445465 -0.34879618
v -2.03770171 -0.96905900 -0.34519632
v -2.05609827 -0.95396134 -0.33923508
v -2.07395457 -0.93930705 -0.33096988
v -2.09109865 -0.92523727 -0.32048032
v -2.10736540 -0.91188749 -0.30786740
v -2.12259816 -0.89938629 -0.29325261
v -2.13665023 -0.88785405 -0.27677670
v -2.14938629 -0.87740184 -0.25859832
v -2.16068368 -0.86813032 -0.23889256
v -2.17043359 -0.86012877 -0.21784918
v -2.17854213 -0.85347426 -0.19567086
v -2.18493122 -0.84823087 -0.17257117
v -2.18953932 -0.84444910 -0.14877258
v -2.19232205 -0.84216537 -0.12450429
v -2.19325261 -0.84140168 -0.10000000
v -2.19325261 -0.84140168 1.10000000
v -2.19232205 -0.84216537 1.12450429
v -2.18953932 -0.84444910 1.14877258
v -2.18493122 -0.84823087 1.17257117
v -2.17854213 -0.85347426 1.19567086
v -2.17043359 -0.86012877 1.21784918
v -2.16068368 -0.86813032 1.23889256
v -2.14938629 -0.87740184 1.25859832
v -2.13665023 -0.88785405 1.27677670
v -2.12259816 -0.89938629 1.29325261
v -2.10736540 -0.91188749 1.30786740
v -2.09109865 -0.92523727 1.32048032
v -2.07395457 -0.93930705 1.33096988
v -2.05609827 -0.95396134 1.33923508
v -2.03770171 -0.96905900 1.34519632
v -2.01894207 -0.98445465 1.34879618
v -2.02037457 -0.98638615 -0.34879618
v -2.04055292 -0.97290341 -0.34519632
v -2.06034072 -0.95968162 -0.33923508
v -2.07954741 -0.94684812 -0.33096988
v -2.09798802 -0.93452650 -0.32048032
v -2.11548494 -0.92283543 -0.30786740
v -2.13186968 -0.91188749 -0.29325261
v -2.14698445 -0.90178813 -0.27677670
v -2.16068368 -0.89263460 -0.25859832
v -2.17283543 -0.88451506 -0.23889256
v -2.18332268 -0.87750770 -0.21784918
v -2.19204444 -0.87168001 -0.19567086
v -2.19891670 -0.86708811 -0.17257117
v -2.20387329 -0.86377622 -0.14877258
v -2.20686646 -0.86177625 -0.12450429
v -2.20786740 -0.86110744 -0.10000000
v -2.20786740 -0.86110744 1.10000000
v -2.20686646 -0.86177625 1.12450429
v -2.20387329 -0.86377622 1.14877258
v -2.19891670 -0.86708811 1.17257117
v -2.19204444 -0.87168001 1.19567086
v -2.18332268 -0.87750770 1.21784918
v -2.17283543 -0.88451506 1.23889256
v -2.16068368 -0.89263460 1.25859832
v -2.14698445 -0.90178813 1.27677670
v -2.13186968 -0.91188749 1.29325261
v -2.11548494 -0.92283543 1.30786740
v -2.09798802 -0.93452650 1.32048032
v -2.07954741 -0.94684812 1.33096988
v -2.06034072 -0.95968162 1.33923508
v -2.04055292 -0.97290341 1.34519632
v -2.02037457 -0.98638615 1.34879618
v -2.02161085 -0.98844876 -0.34879618
v -2.04301358 -0.97700876 -0.34519632
v -2.06400206 -0.96579019 -0.33923508
v -2.08437416 -0.95490107 -0.33096988
v -2.10393370 -0.94444628 -0.32048032
v -2.12249230 -0.93452650 -0.30786740
v -2.13987123 -0.92523727 -0.29325261
v -2.15590313 -0.91666804 -0.27677670
v -2.17043359 -0.90890135 -0.25859832
v -2.18332268 -0.90201198 -0.23889256
v -2.19444628 -0.89606630 -0.21784918
v -2.20369725 -0.89112155 -0.19567086
v -2.21098651 -0.88722536 -0.17257117
v -2.21624385 -0.88441525 -0.14877258
v -2.21941864 -0.88271829 -0.12450429
v -2.22048032 -0.88215082 -0.10000000
v -2.22048032 -0.88215082 1.10000000
v -2.21941864 -0.88271829 1.12450429
v -2.21624385 -0.88441525 1.14877258
v -2.21098651 -0.88722536 1.17257117
v -2.20369725 -0.89112155 1.19567086
v -2.19444628 -0.89606630 1.21784918
v -2.18332268 -0.90201198 1.23889256
v -2.17043359 -0.90890135 1.25859832
v -2.15590313 -0.91666804 1.27677670
v -2.13987123 -0.92523727 1.29325261
v -2.12249230 -0.93452650 1.30786740
v -2.10393370 -0.94444628 1.32048032
v -2.08437416 -0.95490107 1.33096988
v -2.06400206 -0.96579019 1.33923508
v -2.04301358 -0.97700876 1.34519632
v -2.02161085 -0.98844876 1.34879618
v -2.02263901 -0.99062262 -0.34879618
v -2.04505999 -0.98133554 -0.34519632
v -2.06704702 -0.97222822 -0.33923508
v -2.08838835 -0.96338835 -0.33096988
v -2.10887845 -0.95490107 -0.32048032
v -2.12831999 -0.94684812 -0.30786740
v -2.14652574 -0.93930705 -0.29325261
v -2.16332037 -0.93235049 -0.27677670
v -2.17854213 -0.92604543 -0.25859832
v -2.19204444 -0.92045259 -0.23889256
v -2.20369725 -0.91562584 -0.21784918
v -2.21338835 -0.91161165 -0.19567086
v -2.22102440 -0.90844870 -0.17257117
v -2.22653186 -0.90616743 -0.14877258
v -2.22985770 -0.90478982 -0.12450429
v -2.23096988 -0.90432914 -0.10000000
v -2.23096988 -0.90432914 1.10000000
v -2.22985770 -0.90478982 1.12450429
v -2.22653186 -0.90616743 1.14877258
v -2.22102440 -0.90844870 1.17257117
v -2.21338835 -0.91161165 1.19567086
v -2.20369725 -0.91562584 1.21784918
v -2.19204444 -0.92045259 1.23889256
v -2.17854213 -0.92604543 1.25859832
v -2.16332037 -0.93235049 1.27677670
v -2.14652574 -0.93930705 1.29325261
v -2.12831999 -0.94684812 1.30786740
v -2.10887845 -0.95490107 1.32048032
v -2.08838835 -0.96338835 1.33096988
v -2.06704702 -0.97222822 1.33923508
v -2.04505999 -0.98133554 1.34519632
v -2.02263901 -0.99062262 1.34879618
v -2.02344914 -0.99288678 -0.34879618
v -2.04667245 -0.98584207 -0.34519632
v -2.06944628 -0.97893370 -0.33923508
v -2.09155130 -0.97222822 -0.33096988
v -2.11277464 -0.96579019 -0.32048032
v -2.13291189 -0.95968162 -0.30786740
v -2.15176913 -0.95396134 -0.29325261
v -2.16916475 -0.94868443 -0.27677670
v -2.18493122 -0.94390173 -0.25859832
v -2.19891670 -0.93965928 -0.23889256
v -2.21098651 -0.93599794 -0.21784918
v -2.22102440 -0.93295298 -0.19567086
v -2.22893370 -0.93055372 -0.17257117
v -2.23463825 -0.92882327 -0.14877258
v -2.23808310 -0.92777828 -0.12450429
v -2.23923508 -0.92742883 -0.10000000
v -2.23923508 -0.92742883 1.10000000
v -2.23808310 -0.92777828 1.12450429
v -2.23463825 -0.92882327 1.14877258
v -2.22893370 -0.93055372 1.17257117
v -2.22102440 -0.93295298 1.19567086
v -2.21098651 -0.93599794 1.21784918
v -2.19891670 -0.93965928 1.23889256
v -2.18493122 -0.94390173 1.25859832
v -2.16916475 -0.94868443 1.27677670
v -2.15176913 -0.95396134 1.29325261
v -2.13291189 -0.95968162 1.30786740
v -2.11277464 -0.96579019 1.32048032
v -2.09155130 -0.97222822 1.33096988
v -2.06944628 -0.97893370 1.33923508
v -2.04667245 -0.98584207 1.34519632
v -2.02344914 -0.99288678 1.34879618
v -2.02403344 -0.99521945 -0.34879618
v -2.04783543 -0.99048494 -0.34519632
v -2.07117673 -0.98584207 -0.33923508
v -2.09383257 -0.98133554 -0.33096988
v -2.11558475 -0.97700876 -0.32048032
v -2.13622378 -0.97290341 -0.30786740
v -2.15555090 -0.96905900 -0.29325261
v -2.17337998 -0.96551258 -0.27677670
v -2.18953932 -0.96229829 -0.25859832
v -2.20387329 -0.95944708 -0.23889256
v -2.21624385 -0.95698642 -0.21784918
v -2.22653186 -0.95494001 -0.19567086
v -2.23463825 -0.95332755 -0.17257117
v -2.24048494 -0.95216457 -0.14877258
v -2.24401563 -0.95146227 -0.12450429
v -2.24519632 -0.95122742 -0.10000000
v -2.24519632 -0.95122742 1.10000000
v -2.24401563 -0.95146227 1.12450429
v -2.24048494 -0.95216457 1.14877258
v -2.23463825 -0.95332755 1.17257117
v -2.22653186 -0.95494001 1.19567086
v -2.21624385 -0.95698642 1.21784918
v -2.20387329 -0.95944708 1.23889256
v -2.18953932 -0.96229829 1.25859832
v -2.17337998 -0.96551258 1.27677670
v -2.15555090 -0.96905900 1.29325261
v -2.13622378 -0.97290341 1.30786740
v -2.11558475 -0.97700876 1.32048032
v -2.09383257 -0.98133554 1.33096988
v -2.07117673 -0.98584207 1.33923508
v -2.04783543 -0.99048494 1.34519632
v -2.02403344 -0.99521945 1.34879618
v -2.02438629 -0.99759816 -0.34879618
v -2.04853773 -0.99521945 -0.34519632
v -2.07222172 -0.99288678 -0.33923508
v -2.09521018 -0.99062262 -0.33096988
v -2.11728171 -0.98844876 -0.32048032
v -2.13822375 -0.98638615 -0.30786740
v -2.15783463 -0.98445465 -0.29325261
v -2.17592547 -0.98267285 -0.27677670
v -2.19232205 -0.98105793 -0.25859832
v -2.20686646 -0.97962543 -0.23889256
v -2.21941864 -0.97838915 -0.21784918
v -2.22985770 -0.97736099 -0.19567086
v -2.23808310 -0.97655086 -0.17257117
v -2.24401563 -0.97596656 -0.14877258
v -2.24759816 -0.97561371 -0.12450429
v -2.24879618 -0.97549571 -0.10000000
v -2.24879618 -0.97549571 1.10000000
v -2.24759816 -0.97561371 1.12450429
v -2.24401563 -0.97596656 1.14877258
v -2.23808310 -0.97655086 1.17257117
v -2.22985770 -0.97736099 1.19567086
v -2.21941864 -0.97838915 1.21784918
v -2.20686646 -0.97962543 1.23889256
v -2.19232205 -0.98105793 1.25859832
v -2.17592547 -0.98267285 1.27677670
v -2.15783463 -0.98445465 1.29325261
v -2.13822375 -0.98638615 1.30786740
v -2.11728171 -0.98844876 1.32048032
v -2.09521018 -0.99062262 1.33096988
v -2.07222172 -0.99288678 1.33923508
v -2.04853773 -0.99521945 1.34519632
v -2.02438629 -0.99759816 1.34879618
v -2.02450429 -1.00000000 -0.34879618
v -2.04877258 -1.00000000 -0.34519632
v -2.07257117 -1.00000000 -0.33923508
v -2.09567086 -1.00000000 -0.33096988
v -2.11784918 -1.00000000 -0.32048032
v -2.13889256 -1.00000000 -0.30786740
v -2.15859832 -1.00000000 -0.29325261
v -2.17677670 -1.00000000 -0.27677670
v -2.19325261 -1.00000000 -0.25859832
v -2.20786740 -1.00000000 -0.23889256
v -2.22048032 -1.00000000 -0.21784918
v -2.23096988 -1.00000000 -0.19567086
v -2.23923508 -1.00000000 -0.17257117
v -2.24519632 -1.00000000 -0.14877258
v -2.24879618 -1.00000000 -0.12450429
v -2.25000000 -1.00000000 -0.10000000
v -2.25000000 -1.00000000 1.10000000
v -2.24879618 -1.00000000 1.12450429
v -2.24519632 -1.00000000 1.14877258
v -2.23923508 -1.00000000 1.17257117
v -2.23096988 -1.00000000 1.19567086
v -2.22048032 -1.00000000 1.21784918
v -2.20786740 -1.00000000 1.23889256
v -2.19325261 -1.00000000 1.25859832
v -2.17677670 -1.00000000 1.27677670
v -2.15859832 -1.00000000 1.29325261
v -2.13889256 -1.00000000 1.30786740
v -2.11784918 -1.00000000 1.32048032
v -2.09567086 -1.00000000 1.33096988
v -2.07257117 -1.00000000 1.33923508
v -2.04877258 -1.00000000 1.34519632
v -2.02450429 -1.00000000 1.34879618
v -2.02438629 -1.00240184 -0.34879618
v -2.04853773 -1.00478055 -0.34519632
v -2.07222172 -1.00711322 -0.33923508
v -2.09521018 -1.00937738 -0.33096988
v -2.11728171 -1.01155124 -0.32048032
v -2.13822375 -1.01361385 -0.30786740
v -2.15783463 -1.01554535 -0.29325261
v -2.17592547 -1.01732715 -0.27677670
v -2.19232205 -1.01894207 -0.25859832
v -2.20686646 -1.02037457 -0.23889256
v -2.21941864 -1.02161085 -0.21784918
v -2.22985770 -1.02263901 -0.19567086
v -2.23808310 -1.02344914 -0.17257117
v -2.24401563 -1.02403344 -0.14877258
v -2.24759816 -1.02438629 -0.12450429
v -2.24879618 -1.02450429 -0.10000000
v -2.24879618 -1.02450429 1.10000000
v -2.24759816 -1.02438629 1.12450429
v -2.24401563 -1.02403344 1.14877258
v -2.23808310 -1.02344914 1.17257117
v -2.22985770 -1.02263901 1.19567086
v -2.21941864 -1.02161085 1.21784918
v -2.20686646 -1.02037457 1.23889256
v -2.19232205 -1.01894207 1.25859832
v -2.17592547 -1.01732715 1.27677670
v -2.15783463 -1.01554535 1.29325261
v -2.13822375 -1.01361385 1.30786740
v -2.11728171 -1.01155124 1.32048032
v -2.09521018 -1.00937738 1.33096988
v -2.07222172 -1.00711322 1.33923508
v -2.04853773 -1.00478055 1.34519632
v -2.02438629 -1.00240184 1.34879618
v -2.02403344 -1.00478055 -0.34879618
v -2.04783543 -1.00951506 -0.34519632
v -2.07117673 -1.01415793 -0.33923508
v -2.09383257 -1.01866446 -0.33096988
v -2.11558475 -1.02299124 -0.32048032
v -2.13622378 -1.02709659 -0.30786740
v -2.15555090 -1.03094100 -0.29325261
v -2.17337998 -1.03448742 -0.27677670
v -2.18953932 -1.03770171 -0.25859832
v -2.20387329 -1.04055292 -0.23889256
v -2.21624385 -1.04301358 -0.21784918
v -2.22653186 -1.04505999 -0.19567086
v -2.23463825 -1.04667245 -0.17257117
v -2.24048494 -1.04783543 -0.14877258
v -2.24401563 -1.04853773 -0.12450429
v -2.24519632 -1.04877258 -0.10000000
v -2.24519632 -1.04877258 1.10000000
v -2.24401563 -1.04853773 1.12450429
v -2.24048494 -1.04783543 1.14877258
v -2.23463825 -1.04667245 1.17257117
v -2.22653186 -1.04505999 1.19567086
v -2.21624385 -1.04301358 1.21784918
v -2.20387329 -1.04055292 1.23889256
v -2.18953932 -1.03770171 1.25859832
v -2.17337998 -1.03448742 1.27677670
v -2.15555090 -1.03094100 1.29325261
v -2.13622378 -1.02709659 1.30786740
v -2.11558475 -1.02299124 1.32048032
v -2.09383257 -1.01866446 1.33096988
v -2.07117673 -1.01415793 1.33923508
v -2.04783543 -1.00951506 1.34519632
v -2.02403344 -1.00478055 1.34879618
v -2.02344914 -1.00711322 -0.34879618
v -2.04667245 -1.01415793 -0.34519632
v -2.06944628 -1.02106630 -0.33923508
v -2.09155130 -1.02777178 -0.33096988
v -2.11277464 -1.03420981 -0.32048032
v -2.13291189 -1.04031838 -0.30786740
v -2.15176913 -1.04603866 -0.29325261
v -2.16916475 -1.05131557 -0.27677670
v -2.18493122 -1.05609827 -0.25859832
v -2.19891670 -1.06034072 -0.23889256
v -2.21098651 -1.06400206 -0.21784918
v -2.22102440 -1.06704702 -0.19567086
v -2.22893370 -1.06944628 -0.17257117
v -2.23463825 -1.07117673 -0.14877258
v -2.23808310 -1.07222172 -0.12450429
v -2.23923508 -1.07257117 -0.10000000
v -2.23923508 -1.07257117 1.10000000
v -2.23808310 -1.07222172 1.12450429
v -2.23463825 -1.07117673 1.14877258
v -2.22893370 -1.06944628 1.17257117
v -2.22102440 -1.06704702 1.19567086
v -2.21098651 -1.06400206 1.21784918
v -2.19891670 -1.06034072 1.23889256
v -2.18493122 -1.05609827 1.25859832
v -2.16916475 -1.05131557 1.27677670
v -2.15176913 -1.04603866 1.29325261
v -2.13291189 -1.04031838 1.30786740
v -2.11277464 -1.03420981 1.32048032
v -2.09155130 -1.02777178 1.33096988
v -2.06944628 -1.02106630 1.33923508
v -2.04667245 -1.01415793 1.34519632
v -2.02344914 -1.00711322 1.34879618
v -2.02263901 -1.00937738 -0.34879618
v -2.04505999 -1.01866446 -0.34519632
v -2.06704702 -1.02777178 -0.33923508
v -2.08838835 -1.03661165 -0.33096988
v -2.10887845 -1.04509893 -0.32048032
v -2.12831999 -1.05315188 -0.30786740
v -2.14652574 -1.06069295 -0.29325261
v -2.16332037 -1.06764951 -0.27677670
v -2.17854213 -1.07395457 -0.25859832
v -2.19204444 -1.07954741 -0.23889256
v -2.20369725 -1.08437416 -0.21784918
v -2.21338835 -1.08838835 -0.19567086
v -2.22102440 -1.09155130 -0.17257117
v -2.22653186 -1.09383257 -0.14877258
v -2.22985770 -1.09521018 -0.12450429
v -2.23096988 -1.09567086 -0.10000000
v -2.23096988 -1.09567086 1.10000000
v -2.22985770 -1.09521018 1.12450429
v -2.22653186 -1.09383257 1.14877258
v -2.22102440 -1.09155130 1.17257117
v -2.21338835 -1.08838835 1.19567086
v -2.20369725 -1.08437416 1.21784918
v -2.19204444 -1.07954741 1.23889256
v -2.17854213 -1.07395457 1.25859832
v -2.16332037 -1.06764951 1.27677670
v -2.14652574 -1.06069295 1.29325261
v -2.12831999 -1.05315188 1.30786740
v -2.10887845 -1.04509893 1.32048032
v -2.08838835 -1.03661165 1.33096988
v -2.06704702 -1.02777178 1.33923508
v -2.04505999 -1.01866446 1.34519632
v -2.02263901 -1.00937738 1.34879618
v -2.02161085 -1.01155124 -0.34879618
v -2.04301358 -1.02299124 -0.34519632
v -2.06400206 -1.03420981 -0.33923508
v -2.08437416 -1.04509893 -0.33096988
v -2.10393370 -1.05555372 -0.32048032
v -2.12249230 -1.06547350 -0.30786740
v -2.13987123 -1.07476273 -0.29325261
v -2.15590313 -1.08333196 -0.27677670
v -2.17043359 -1.09109865 -0.25859832
v -2.18332268 -1.09798802 -0.23889256
v -2.19444628 -1.10393370 -0.21784918
v -2.20369725 -1.10887845 -0.19567086
v -2.21098651 -1.11277464 -0.17257117
v -2.21624385 -1.11558475 -0.14877258
v -2.21941864 -1.11728171 -0.12450429
v -2.22048032 -1.11784918 -0.10000000
v -2.22048032 -1.11784918 1.10000000
v -2.21941864 -1.11728171 1.12450429
v -2.21624385 -1.11558475 1.14877258
v -2.21098651 -1.11277464 1.17257117
v -2.20369725 -1.10887845 1.19567086
v -2.19444628 -1.10393370 1.21784918
v -2.18332268 -1.09798802 1.23889256
v -2.17043359 -1.09109865 1.25859832
v -2.15590313 -1.08333196 1.27677670
v -2.13987123 -1.07476273 1.29325261
v -2.12249230 -1.06547350 1.30786740
v -2.10393370 -1.05555372 1.32048032
v -2.08437416 -1.04509893 1.33096988
v -2.06400206 -1.03420981 1.33923508
v -2.04301358 -1.02299124 1.34519632
v -2.02161085 -1.01155124 1.34879618
v -2.02037457 -1.01361385 -0.34879618
v -2.04055292 -1.02709659 -0.34519632
v -2.06034072 -1.04031838 -0.33923508
v -2.07954741 -1.05315188 -0.33096988
v -2.09798802 -1.06547350 -0.32048032
v -2.11548494 -1.07716457 -0.30786740
v -2.13186968 -1.08811251 -0.29325261
v -2.14698445 -1.09821187 -0.27677670
v -2.16068368 -1.10736540 -0.25859832
v -2.17283543 -1.11548494 -0.23889256
v -2.18332268 -1.12249230 -0.21784918
v -2.19204444 -1.12831999 -0.19567086
v -2.19891670 -1.13291189 -0.17257117
v -2.20387329 -1.13622378 -0.14877258
v -2.20686646 -1.13822375 -0.12450429
v -2.20786740 -1.13889256 -0.10000000
v -2.20786740 -1.13889256 1.10000000
v -2.20686646 -1.13822375 1.12450429
v -2.20387329 -1.13622378 1.14877258
v -2.19891670 -1.13291189 1.17257117
v -2.19204444 -1.12831999 1.19567086
v -2.18332268 -1.12249230 1.21784918
v -2.17283543 -1.11548494 1.23889256
v -2.16068368 -1.10736540 1.25859832
v -2.14698445 -1.09821187 1.27677670
v -2.13186968 -1.08811251 1.29325261
v -2.11548494 -1.07716457 1.30786740
v -2.09798802 -1.06547350 1.32048032
v -2.07954741 -1.05315188 1.33096988
v -2.06034072 -1.04031838 1.33923508
v -2.04055292 -1.02709659 1.34519632
v -2.02037457 -1.01361385 1.34879618
v -2.01894207 -1.01554535 -0.34879618
v -2.03770171 -1.03094100 -0.34519632
v -2.05609827 -1.04603866 -0.33923508
v -2.07395457 -1.06069295 -0.33096988
v -2.09109865 -1.07476273 -0.32048032
v -2.10736540 -1.08811251 -0.30786740
v -2.12259816 -1.10061371 -0.29325261
v -2.13665023 -1.11214595 -0.27677670
v -2.14938629 -1.12259816 -0.25859832
v -2.16068368 -1.13186968 -0.23889256
v -2.17043359 -1.13987123 -0.21784918
v -2.17854213 -1.14652574 -0.19567086
v -2.18493122 -1.15176913 -0.17257117
v -2.18953932 -1.15555090 -0.14877258
v -2.19232205 -1.15783463 -0.12450429
v -2.19325261 -1.15859832 -0.10000000
v -2.19325261 -1.15859832 1.10000000
v -2.19232205 -1.15783463 1.12450429
v -2.18953932 -1.15555090 1.14877258
v -2.18493122 -1.15176913 1.17257117
v -2.17854213 -1.14652574 1.19567086
v -2.17043359 -1.13987123 1.21784918
v -2.16068368 -1.13186968 1.23889256
v -2.14938629 -1.12259816 1.25859832
v -2.13665023 -1.11214595 1.27677670
v -2.12259816 -1.10061371 1.29325261
v -2.10736540 -1.08811251 1.30786740
v -2.09109865 -1.07476273 1.32048032
v -2.07395457 -1.06069295 1.33096988
v -2.05609827 -1.04603866 1.33923508
v -2.03770171 -1.03094100 1.34519632
v -2.01894207 -1.01554535 1.34879618
v -2.01732715 -1.01732715 -0.34879618
v -2.03448742 -1.03448742 -0.34519632
v -2.05131557 -1.05131557 -0.33923508
v -2.06764951 -1.06764951 -0.33096988
v -2.08333196 -1.08333196 -0.32048032
v -2.09821187 -1.09821187 -0.30786740
v -2.11214595 -1.11214595 -0.29325261
v -2.12500000 -1.12500000 -0.27677670
v -2.13665023 -1.13665023 -0.25859832
v -2.14698445 -1.14698445 -0.23889256
v -2.15590313 -1.15590313 -0.21784918
v -2.16332037 -1.16332037 -0.19567086
v -2.16916475 -1.16916475 -0.17257117
v -2.17337998 -1.17337998 -0.14877258
v -2.17592547 -1.17592547 -0.12450429
v -2.17677670 -1.17677670 -0.10000000
v -2.17677670 -1.17677670 1.10000000
v -2.17592547 -1.17592547 1.12450429
v -2.17337998 -1.17337998 1.14877258
v -2.16916475 -1.16916475 1.17257117
v -2.16332037 -1.16332037 1.19567086
v -2.15590313 -1.15590313 1.21784918
v -2.14698445 -1.14698445 1.23889256
v -2.13665023 -1.13665023 1.25859832
v -2.12500000 -1.12500000 1.27677670
v -2.11214595 -1.11214595 1.29325261
v -2.09821187 -1.09821187 1.30786740
v -2.08333196 -1.08333196 1.32048032
v -2.06764951 -1.06764951 1.33096988
v -2.05131557 -1.05131557 1.33923508
v -2.03448742 -1.03448742 1.34519632
v -2.01732715 -1.01732715 1.34879618
v -2.01554535 -1.01894207 -0.34879618
v -2.03094100 -1.03770171 -0.34519632
v -2.04603866 -1.05609827 -0.33923508
v -2.06069295 -1.07395457 -0.33096988
v -2.07476273 -1.09109865 -0.32048032
v -2.08811251 -1.10736540 -0.30786740
v -2.10061371 -1.12259816 -0.29325261
v -2.11214595 -1.13665023 -0.27677670
v -2.12259816 -1.14938629 -0.25859832
v -2.13186968 -1.16068368 -0.23889256
v -2.13987123 -1.17043359 -0.21784918
v -2.14652574 -1.17854213 -0.19567086
v -2.15176913 -1.18493122 -0.17257117
v -2.15555090 -1.18953932 -0.14877258
v -2.15783463 -1.19232205 -0.12450429
v -2.15859832 -1.19325261 -0.10000000
v -2.15859832 -1.19325261 1.10000000
v -2.15783463 -1.19232205 1.12450429
v -2.15555090 -1.18953932 1.14877258
v -2.15176913 -1.18493122 1.17257117
v -2.14652574 -1.17854213 1.19567086
v -2.13987123 -1.17043359 1.21784918
v -2.13186968 -1.16068368 1.23889256
v -2.12259816 -1.14938629 1.25859832
v -2.11214595 -1.13665023 1.27677670
v -2.10061371 -1.12259816 1.29325261
v -2.08811251 -1.10736540 1.30786740
v -2.07476273 -1.09109865 1.32048032
v -2.06069295 -1.07395457 1.33096988
v -2.04603866 -1.05609827 1.33923508
v -2.03094100 -1.03770171 1.34519632
v -2.01554535 -1.01894207 1.34879618
v -2.01361385 -1.02037457 -0.34879618
v -2.02709659 -1.04055292 -0.34519632
v -2.04031838 -1.06034072 -0.33923508
v -2.05315188 -1.07954741 -0.33096988
v -2.06547350 -1.09798802 -0.32048032
v -2.07716457 -1.11548494 -0.30786740
v -2.08811251 -1.13186968 -0.29325261
v -2.09821187 -1.14698445 -0.27677670
v -2.10736540 -1.16068368 -0.25859832
v -2.11548494 -1.17283543 -0.23889256
v -2.12249230 -1.18332268 -0.21784918
v -2.12831999 -1.19204444 -0.19567086
v -2.13291189 -1.19891670 -0.17257117
v -2.13622378 -1.20387329 -0.14877258
v -2.13822375 -1.20686646 -0.12450429
v -2.13889256 -1.20786740 -0.10000000
v -2.13889256 -1.20786740 1.10000000
v -2.13822375 -1.20686646 1.12450429
v -2.13622378 -1.20387329 1.14877258
v -2.13291189 -1.19891670 1.17257117
v -2.12831999 -1.19204444 1.19567086
v -2.12249230 -1.18332268 1.21784918
v -2.11548494 -1.17283543 1.23889256
v -2.10736540 -1.16068368 1.25859832
v -2.09821187 -1.14698445 1.27677670
v -2.08811251 -1.13186968 1.29325261
v -2.07716457 -1.11548494 1.30786740
v -2.06547350 -1.09798802 1.32048032
v -2.05315188 -1.07954741 1.33096988
v -2.04031838 -1.06034072 1.33923508
v -2.02709659 -1.04055292 1.34519632
v -2.01361385 -1.02037457 1.34879618
v -2.01155124 -1.02161085 -0.34879618
v -2.02299124 -1.04301358 -0.34519632
v -2.03420981 -1.06400206 -0.33923508
v -2.04509893 -1.08437416 -0.33096988
v -2.05555372 -1.10393370 -0.32048032
v -2.06547350 -1.12249230 -0.30786740
v -2.07476273 -1.13987123 -0.29325261
v -2.08333196 -1.15590313 -0.27677670
v -2.09109865 -1.17043359 -0.25859832
v -2.09798802 -1.18332268 -0.23889256
v -2.10393370 -1.19444628 -0.21784918
v -2.10887845 -1.20369725 -0.19567086
v -2.11277464 -1.21098651 -0.17257117
v -2.11558475 -1.21624385 -0.14877258
v -2.11728171 -1.21941864 -0.12450429
v -2.11784918 -1.22048032 -0.10000000
v -2.11784918 -1.22048032 1.10000000
v -2.11728171 -1.21941864 1.12450429
v -2.11558475 -1.21624385 1.14877258
v -2.11277464 -1.21098651 1.17257117
v -2.10887845 -1.20369725 1.19567086
v -2.10393370 -1.19444628 1.21784918
v -2.09798802 -1.18332268 1.23889256
v -2.09109865 -1.17043359 1.25859832
v -2.08333196 -1.15590313 1.27677670
v -2.07476273 -1.13987123 1.29325261
v -2.06547350 -1.12249230 1.30786740
v -2.05555372 -1.10393370 1.32048032
v -2.04509893 -1.08437416 1.33096988
v -2.03420981 -1.06400206 1.33923508
v -2.02299124 -1.04301358 1.34519632
v -2.01155124 -1.02161085 1.34879618
v -2.00937738 -1.02263901 -0.34879618
v -2.01866446 -1.04505999 -0.34519632
v -2.02777178 -1.06704702 -0.33923508
v -2.03661165 -1.08838835 -0.33096988
v -2.04509893 -1.10887845 -0.32048032
v -2.05315188 -1.12831999 -0.30786740
v -2.06069295 -1.14652574 -0.29325261
v -2.06764951 -1.16332037 -0.27677670
v -2.07395457 -1.17854213 -0.25859832
v -2.07954741 -1.19204444 -0.23889256
v -2.08437416 -1.20369725 -0.21784918
v -2.08838835 -1.21338835 -0.19567086
v -2.09155130 -1.22102440 -0.17257117
v -2.09383257 -1.22653186 -0.14877258
v -2.09521018 -1.22985770 -0.12450429
v -2.09567086 -1.23096988 -0.10000000
v -2.09567086 -1.23096988 1.10000000
v -2.09521018 -1.22985770 1.12450429
v -2.09383257 -1.22653186 1.14877258
v -2.09155130 -1.22102440 1.17257117
v -2.08838835 -1.21338835 1.19567086
v -2.08437416 -1.20369725 1.21784918
v -2.07954741 -1.19204444 1.23889256
v -2.07395457 -1.17854213 1.25859832
v -2.06764951 -1.16332037 1.27677670
v -2.06069295 -1.14652574 1.29325261
v -2.05315188 -1.12831999 1.30786740
v -2.04509893 -1.10887845 1.32048032
v -2.03661165 -1.08838835 1.33096988
v -2.02777178 -1.06704702 1.33923508
v -2.01866446 -1.04505999 1.34519632
v -2.00937738 -1.02263901 1.34879618
v -2.00711322 -1.02344914 -0.34879618
v -2.01415793 -1.04667245 -0.34519632
v -2.02106630 -1.06944628 -0.33923508
v -2.02777178 -1.09155130 -0.33096988
v -2.03420981 -1.11277464 -0.32048032
v -2.04031838 -1.13291189 -0.30786740
v -2.04603866 -1.15176913 -0.29325261
v -2.05131557 -1.16916475 -0.27677670
v -2.05609827 -1.18493122 -0.25859832
v -2.06034072 -1.19891670 -0.23889256
v -2.06400206 -1.21098651 -0.21784918
v -2.06704702 -1.22102440 -0.19567086
v -2.06944628 -1.22893370 -0.17257117
v -2.07117673 -1.23463825 -0.14877258
v -2.07222172 -1.23808310 -0.12450429
v -2.07257117 -1.23923508 -0.10000000
v -2.07257117 -1.23923508 1.10000000
v -2.07222172 -1.23808310 1.12450429
v -2.07117673 -1.23463825 1.14877258
v -2.06944628 -1.22893370 1.17257117
v -2.06704702 -1.22102440 1.19567086
v -2.06400206 -1.21098651 1.21784918
v -2.06034072 -1.19891670 1.23889256
v -2.05609827 -1.18493122 1.25859832
v -2.05131557 -1.16916475 1.27677670
v -2.04603866 -1.15176913 1.29325261
v -2.04031838 -1.13291189 1.30786740
v -2.03420981 -1.11277464 1.32048032
v -2.02777178 -1.09155130 1.33096988
v -2.02106630 -1.06944628 1.33923508
v -2.01415793 -1.04667245 1.34519632
v -2.00711322 -1.02344914 1.34879618
v -2.00478055 -1.02403344 -0.34879618
v -2.00951506 -1.04783543 -0.34519632
v -2.01415793 -1.07117673 -0.33923508
v -2.01866446 -1.09383257 -0.33096988
v -2.02299124 -1.11558475 -0.32048032
v -2.02709659 -1.13622378 -0.30786740
v -2.03094100 -1.15555090 -0.29325261
v -2.03448742 -1.17337998 -0.27677670
v -2.03770171 -1.18953932 -0.25859832
v -2.04055292 -1.20387329 -0.23889256
v -2.04301358 -1.21624385 -0.21784918
v -2.04505999 -1.22653186 -0.19567086
v -2.04667245 -1.23463825 -0.17257117
v -2.04783543 -1.24048494 -0.14877258
v -2.04853773 -1.24401563 -0.12450429
v -2.04877258 -1.24519632 -0.10000000
v -2.04877258 -1.24519632 1.10000000
v -2.04853773 -1.24401563 1.12450429
v -2.04783543 -1.24048494 1.14877258
v -2.04667245 -1.23463825 1.17257117
v -2.04505999 -1.22653186 1.19567086
v -2.04301358 -1.21624385 1.21784918
v -2.04055292 -1.20387329 1.23889256
v -2.03770171 -1.18953932 1.25859832
v -2.03448742 -1.17337998 1.27677670
v -2.03094100 -1.15555090 1.29325261
v -2.02709659 -1.13622378 1.30786740
v -2.02299124 -1.11558475 1.32048032
v -2.01866446 -1.09383257 1.33096988
v -2.01415793 -1.07117673 1.33923508
v -2.00951506 -1.04783543 1.34519632
v -2.00478055 -1.02403344 1.34879618
v -2.00240184 -1.02438629 -0.34879618
v -2.00478055 -1.04853773 -0.34519632
v -2.00711322 -1.07222172 -0.33923508
v -2.00937738 -1.09521018 -0.33096988
v -2.01155124 -1.11728171 -0.32048032
v -2.01361385 -1.13822375 -0.30786740
v -2.01554535 -1.15783463 -0.29325261
v -2.01732715 -1.17592547 -0.27677670
v -2.01894207 -1.19232205 -0.25859832
v -2.02037457 -1.20686646 -0.23889256
v -2.02161085 -1.21941864 -0.21784918
v -2.02263901 -1.22985770 -0.19567086
v -2.02344914 -1.23808310 -0.17257117
v -2.02403344 -1.24401563 -0.14877258
v -2.02438629 -1.24759816 -0.12450429
v -2.02450429 -1.24879618 -0.10000000
v -2.02450429 -1.24879618 1.10000000
v -2.02438629 -1.24759816 1.12450429
v -2.02403344 -1.24401563 1.14877258
v -2.02344914 -1.23808310 1.17257117
v -2.02263901 -1.22985770 1.19567086
v -2.02161085 -1.21941864 1.21784918
v -2.02037457 -1.20686646 1.23889256
v -2.01894207 -1.19232205 1.25859832
v -2.01732715 -1.17592547 1.27677670
v -2.01554535 -1.15783463 1.29325261
v -2.01361385 -1.13822375 1.30786740
v -2.01155124 -1.11728171 1.32048032
v -2.00937738 -1.09521018 1.33096988
v -2.00711322 -1.07222172 1.33923508
v -2.00478055 -1.04853773 1.34519632
v -2.00240184 -1.02438629 1.34879618
v -2.00000000 -1.02450429 -0.34879618
v -2.00000000 -1.04877258 -0.34519632
v -2.00000000 -1.07257117 -0.33923508
v -2.00000000 -1.09567086 -0.33096988
v -2.00000000 -1.11784918 -0.32048032
v -2.00000000 -1.13889256 -0.30786740
v -2.00000000 -1.15859832 -0.29325261
v -2.00000000 -1.17677670 -0.27677670
v -2.00000000 -1.19325261 -0.25859832
v -2.00000000 -1.20786740 -0.23889256
v -2.00000000 -1.22048032 -0.21784918
v -2.00000000 -1.23096988 -0.19567086
v -2.00000000 -1.23923508 -0.17257117
v -2.00000000 -1.24519632 -0.14877258
v -2.00000000 -1.24879618 -0.12450429
v -2.00000000 -1.25000000 -0.10000000
v -2.00000000 -1.25000000 1.10000000
v -2.00000000 -1.24879618 1.12450429
v -2.00000000 -1.24519632 1.14877258
v -2.00000000 -1.23923508 1.17257117
v -2.00000000 -1.23096988 1.19567086
v -2.00000000 -1.22048032 1.21784918
v -2.00000000 -1.20786740 1.23889256
v -2.00000000 -1.19325261 1.25859832
v -2.00000000 -1.17677670 1.27677670
v -2.00000000 -1.15859832 1.29325261
v -2.00000000 -1.13889256 1.30786740
v -2.00000000 -1.11784918 1.32048032
v -2.00000000 -1.09567086 1.33096988
v -2.00000000 -1.07257117 1.33923508
v -2.00000000 -1.04877258 1.34519632
v -2.00000000 -1.02450429 1.34879618
v -1.99759816 -1.02438629 -0.34879618
v -1.99521945 -1.04853773 -0.34519632
v -1.99288678 -1.07222172 -0.33923508
v -1.99062262 -1.09521018 -0.33096988
v -1.98844876 -1.11728171 -0.32048032
v -1.98638615 -1.13822375 -0.30786740
v -1.98445465 -1.15783463 -0.29325261
v -1.98267285 -1.17592547 -0.27677670
v -1.98105793 -1.19232205 -0.25859832
v -1.97962543 -1.20686646 -0.23889256
v -1.97838915 -1.21941864 -0.21784918
v -1.97736099 -1.22985770 -0.19567086
v -1.97655086 -1.23808310 -0.17257117
v -1.97596656 -1.24401563 -0.14877258
v -1.97561371 -1.24759816 -0.12450429
v -1.97549571 -1.24879618 -0.10000000
v -1.97549571 -1.24879618 1.10000000
v -1.97561371 -1.24759816 1.12450429
v -1.97596656 -1.24401563 1.14877258
v -1.97655086 -1.23808310 1.17257117
v -1.97736099 -1.22985770 1.19567086
v -1.97838915 -1.21941864 1.21784918
v -1.97962543 -1.20686646 1.23889256
v -1.98105793 -1.19232205 1.25859832
v -1.98267285 -1.17592547 1.27677670
v -1.98445465 -1.15783463 1.29325261
v -1.98638615 -1.13822375 1.30786740
v -1.98844876 -1.11728171 1.32048032
v -1.99062262 -1.09521018 1.33096988
v -1.99288678 -1.07222172 1.33923508
v -1.99521945 -1.04853773 1.34519632
v -1.99759816 -1.02438629 1.34879618
v -1.99521945 -1.02403344 -0.34879618
v -1.99048494 -1.04783543 -0.34519632
v -1.98584207 -1.07117673 -0.33923508
v -1.98133554 -1.09383257 -0.33096988
v -1.97700876 -1.11558475 -0.32048032
v -1.97290341 -1.13622378 -0.30786740
v -1.96905900 -1.15555090 -0.29325261
v -1.96551258 -1.17337998 -0.27677670
v -1.96229829 -1.18953932 -0.25859832
v -1.95944708 -1.20387329 -0.23889256
v -1.95698642 -1.21624385 -0.21784918
v -1.95494001 -1.22653186 -0.19567086
v -1.95332755 -1.23463825 -0.17257117
v -1.95216457 -1.24048494 -0.14877258
v -1.95146227 -1.24401563 -0.12450429
v -1.95122742 -1.24519632 -0.10000000
v -1.95122742 -1.24519632 1.10000000
v -1.95146227 -1.24401563 1.12450429
v -1.95216457 -1.24048494 1.14877258
v -1.95332755 -1.23463825 1.17257117
v -1.95494001 -1.22653186 1.19567086
v -1.95698642 -1.21624385 1.21784918
v -1.95944708 -1.20387329 1.23889256
v -1.96229829 -1.18953932 1.25859832
v -1.96551258 -1.17337998 1.27677670
v -1.96905900 -1.15555090 1.29325261
v -1.97290341 -1.13622378 1.30786740
v -1.97700876 -1.11558475 1.32048032
v -1.98133554 -1.09383257 1.33096988
v -1.98584207 -1.07117673 1.33923508
v -1.99048494 -1.04783543 1.34519632
v -1.99521945 -1.02403344 1.34879618
v -1.99288678 -1.02344914 -0.34879618
v -1.98584207 -1.04667245 -0.34519632
v -1.97893370 -1.06944628 -0.33923508
v -1.97222822 -1.09155130 -0.33096988
v -1.96579019 -1.11277464 -0.32048032
v -1.95968162 -1.13291189 -0.30786740
v -1.95396134 -1.15176913 -0.29325261
v -1.94868443 -1.16916475 -0.27677670
v -1.94390173 -1.18493122 -0.25859832
v -1.93965928 -1.19891670 -0.23889256
v -1.93599794 -1.21098651 -0.21784918
v -1.93295298 -1.22102440 -0.19567086
v -1.93055372 -1.22893370 -0.17257117
v -1.92882327 -1.23463825 -0.14877258
v -1.92777828 -1.23808310 -0.12450429
v -1.92742883 -1.23923508 -0.10000000
v -1.92742883 -1.23923508 1.10000000
v -1.92777828 -1.23808310 1.12450429
v -1.92882327 -1.23463825 1.14877258
v -1.93055372 -1.22893370 1.17257117
v -1.93295298 -1.22102440 1.19567086
v -1.93599794 -1.21098651 1.21784918
v -1.93965928 -1.19891670 1.23889256
v -1.94390173 -1.18493122 1.25859832
v -1.94868443 -1.16916475 1.27677670
v -1.95396134 -1.15176913 1.29325261
v -1.95968162 -1.13291189 1.30786740
v -1.96579019 -1.11277464 1.32048032
v -1.97222822 -1.09155130 1.33096988
v -1.97893370 -1.06944628 1.33923508
v -1.98584207 -1.04667245 1.34519632
v -1.99288678 -1.02344914 1.34879618
v -1.99062262 -1.02263901 -0.34879618
v -1.98133554 -1.04505999 -0.34519632
v -1.97222822 -1.06704702 -0.33923508
v -1.96338835 -1.08838835 -0.33096988
v -1.95490107 -1.10887845 -0.32048032
v -1.94684812 -1.12831999 -0.30786740
v -1.93930705 -1.14652574 -0.29325261
v -1.93235049 -1.16332037 -0.27677670
v -1.92604543 -1.17854213 -0.25859832
v -1.92045259 -1.19204444 -0.23889256
v -1.91562584 -1.20369725 -0.21784918
v -1.91161165 -1.21338835 -0.19567086
v -1.90844870 -1.22102440 -0.17257117
v -1.90616743 -1.22653186 -0.14877258
v -1.90478982 -1.22985770 -0.12450429
v -1.90432914 -1.23096988 -0.10000000
v -1.90432914 -1.23096988 1.10000000
v -1.90478982 -1.22985770 1.12450429
v -1.90616743 -1.22653186 1.14877258
v -1.90844870 -1.22102440 1.17257117
v -1.91161165 -1.21338835 1.19567086
v -1.91562584 -1.20369725 1.21784918
v -1.92045259 -1.19204444 1.23889256
v -1.92604543 -1.17854213 1.25859832
v -1.93235049 -1.16332037 1.27677670
v -1.93930705 -1.14652574 1.29325261
v -1.94684812 -1.12831999 1.30786740
v -1.95490107 -1.10887845 1.32048032
v -1.96338835 -1.08838835 1.33096988
v -1.97222822 -1.06704702 1.33923508
v -1.98133554 -1.04505999 1.34519632
v -1.99062262 -1.02263901 1.34879618
v -1.98844876 -1.02161085 -0.34879618
v -1.97700876 -1.04301358 -0.34519632
v -1.96579019 -1.06400206 -0.33923508
v -1.95490107 -1.08437416 -0.33096988
v -1.94444628 -1.10393370 -0.32048032
v -1.93452650 -1.12249230 -0.30786740
v -1.92523727 -1.13987123 -0.29325261
v -1.91666804 -1.15590313 -0.27677670
v -1.90890135 -1.17043359 -0.25859832
v -1.90201198 -1.18332268 -0.23889256
v -1.89606630 -1.19444628 -0.21784918
v -1.89112155 -1.20369725 -0.19567086
v -1.88722536 -1.21098651 -0.17257117
v -1.88441525 -1.21624385 -0.14877258
v -1.88271829 -1.21941864 -0.12450429
v -1.88215082 -1.22048032 -0.10000000
v -1.88215082 -1.22048032 1.10000000
v -1.88271829 -1.21941864 1.12450429
v -1.88441525 -1.21624385 1.14877258
v -1.88722536 -1.21098651 1.17257117
v -1.89112155 -1.20369725 1.19567086
v -1.89606630 -1.19444628 1.21784918
v -1.90201198 -1.18332268 1.23889256
v -1.90890135 -1.17043359 1.25859832
v -1.91666804 -1.15590313 1.27677670
v -1.92523727 -1.13987123 1.29325261
v -1.93452650 -1.12249230 1.30786740
v -1.94444628 -1.10393370 1.32048032
v -1.95490107 -1.08437416 1.33096988
v -1.96579019 -1.06400206 1.33923508
v -1.97700876 -1.04301358 1.34519632
v -1.98844876 -1.02161085 1.34879618
v -1.98638615 -1.02037457 -0.34879618
v -1.97290341 -1.04055292 -0.34519632
v -1.95968162 -1.06034072 -0.33923508
v -1.94684812 -1.07954741 -0.33096988
v -1.93452650 -1.09798802 -0.32048032
v -1.92283543 -1.11548494 -0.30786740
v -1.91188749 -1.13186968 -0.29325261
v -1.90178813 -1.14698445 -0.27677670
v -1.89263460 -1.16068368 -0.25859832
v -1.88451506 -1.17283543 -0.23889256
v -1.87750770 -1.18332268 -0.21784918
v -1.87168001 -1.19204444 -0.19567086
v -1.86708811 -1.19891670 -0.17257117
v -1.86377622 -1.20387329 -0.14877258
v -1.86177625 -1.20686646 -0.12450429
v -1.86110744 -1.20786740 -0.10000000
v -1.86110744 -1.20786740 1.10000000
v -1.86177625 -1.20686646 1.12450429
v -1.86377622 -1.20387329 1.14877258
v -1.86708811 -1.19891670 1.17257117
v -1.87168001 -1.19204444 1.19567086
v -1.87750770 -1.18332268 1.21784918
v -1.88451506 -1.17283543 1.23889256
v -1.89263460 -1.16068368 1.25859832
v -1.90178813 -1.14698445 1.27677670
v -1.91188749 -1.13186968 1.29325261
v -1.92283543 -1.11548494 1.30786740
v -1.93452650 -1.09798802 1.32048032
v -1.94684812 -1.07954741 1.33096988
v -1.95968162 -1.06034072 1.33923508
v -1.97290341 -1.04055292 1.34519632
v -1.98638615 -1.02037457 1.34879618
v -1.98445465 -1.01894207 -0.34879618
v -1.96905900 -1.03770171 -0.34519632
v -1.95396134 -1.05609827 -0.33923508
v -1.93930705 -1.07395457 -0.33096988
v -1.92523727 -1.09109865 -0.32048032
v -1.91188749 -1.10736540 -0.30786740
v -1.89938629 -1.12259816 -0.29325261
v -1.88785405 -1.13665023 -0.27677670
v -1.87740184 -1.14938629 -0.25859832
v -1.86813032 -1.16068368 -0.23889256
v -1.86012877 -1.17043359 -0.21784918
v -1.85347426 -1.17854213 -0.19567086
v -1.84823087 -1.18493122 -0.17257117
v -1.84444910 -1.18953932 -0.14877258
v -1.84216537 -1.19232205 -0.12450429
v -1.84140168 -1.19325261 -0.10000000
v -1.84140168 -1.19325261 1.10000000
v -1.84216537 -1.19232205 1.12450429
v -1.84444910 -1.18953932 1.14877258
v -1.84823087 -1.18493122 1.17257117
v -1.85347426 -1.17854213 1.19567086
v -1.86012877 -1.17043359 1.21784918
v -1.86813032 -1.16068368 1.23889256
v -1.87740184 -1.14938629 1.25859832
v -1.88785405 -1.13665023 1.27677670
v -1.89938629 -1.12259816 1.29325261
v -1.91188749 -1.10736540 1.30786740
v -1.92523727 -1.09109865 1.32048032
v -1.93930705 -1.07395457 1.33096988
v -1.95396134 -1.05609827 1.33923508
v -1.96905900 -1.03770171 1.34519632
v -1.98445465 -1.01894207 1.34879618
v -1.98267285 -1.01732715 -0.34879618
v -1.96551258 -1.03448742 -0.34519632
v -1.94868443 -1.05131557 -0.33923508
v -1.93235049 -1.06764951 -0.33096988
v -1.91666804 -1.08333196 -0.32048032
v -1.90178813 -1.09821187 -0.30786740
v -1.88785405 -1.11214595 -0.29325261
v -1.87500000 -1.12500000 -0.27677670
v -1.86334977 -1.13665023 -0.25859832
v -1.85301555 -1.14698445 -0.23889256
v -1.84409687 -1.15590313 -0.21784918
v -1.83667963 -1.16332037 -0.19567086
v -1.83083525 -1.16916475 -0.17257117
v -1.82662002 -1.17337998 -0.14877258
v -1.82407453 -1.17592547 -0.12450429
v -1.82322330 -1.17677670 -0.10000000
v -1.82322330 -1.17677670 1.10000000
v -1.82407453 -1.17592547 1.12450429
v -1.82662002 -1.17337998 1.14877258
v -1.83083525 -1.16916475 1.17257117
v -1.83667963 -1.16332037 1.19567086
v -1.84409687 -1.15590313 1.21784918
v -1.85301555 -1.14698445 1.23889256
v -1.86334977 -1.13665023 1.25859832
v -1.87500000 -1.12500000 1.27677670
v -1.88785405 -1.11214595 1.29325261
v -1.90178813 -1.09821187 1.30786740
v -1.91666804 -1.08333196 1.32048032
v -1.93235049 -1.06764951 1.33096988
v -1.94868443 -1.05131557 1.33923508
v -1.96551258 -1.03448742 1.34519632
v -1.98267285 -1.01732715 1.34879618
v -1.98105793 -1.01554535 -0.34879618
v -1.96229829 -1.03094100 -0.34519632
v -1.94390173 -1.04603866 -0.33923508
v -1.92604543 -1.06069295 -0.33096988
v -1.90890135 -1.07476273 -0.32048032
v -1.89263460 -1.08811251 -0.30786740
v -1.87740184 -1.10061371 -0.29325261
v -1.86334977 -1.11214595 -0.27677670
v -1.85061371 -1.12259816 -0.25859832
v -1.83931632 -1.13186968 -0.23889256
v -1.82956641 -1.13987123 -0.21784918
v -1.82145787 -1.14652574 -0.19567086
v -1.81506878 -1.15176913 -0.17257117
v -1.81046068 -1.15555090 -0.14877258
v -1.80767795 -1.15783463 -0.12450429
v -1.80674739 -1.15859832 -0.10000000
v -1.80674739 -1.15859832 1.10000000
v -1.80767795 -1.15783463 1.12450429
v -1.81046068 -1.15555090 1.14877258
v -1.81506878 -1.15176913 1.17257117
v -1.82145787 -1.14652574 1.19567086
v -1.82956641 -1.13987123 1.21784918
v -1.83931632 -1.13186968 1.23889256
v -1.85061371 -1.12259816 1.25859832
v -1.86334977 -1.11214595 1.27677670
v -1.87740184 -1.10061371 1.29325261
v -1.89263460 -1.08811251 1.30786740
v -1.90890135 -1.07476273 1.32048032
v -1.92604543 -1.06069295 1.33096988
v -1.94390173 -1.04603866 1.33923508
v -1.96229829 -1.03094100 1.34519632
v -1.98105793 -1.01554535 1.34879618
v -1.97962543 -1.01361385 -0.34879618
v -1.95944708 -1.02709659 -0.34519632
v -1.93965928 -1.04031838 -0.33923508
v -1.92045259 -1.05315188 -0.33096988
v -1.90201198 -1.06547350 -0.32048032
v -1.88451506 -1.07716457 -0.30786740
v -1.86813032 -1.08811251 -0.29325261
v -1.85301555 -1.09821187 -0.27677670
v -1.83931632 -1.10736540 -0.25859832
v -1.82716457 -1.11548494 -0.23889256
v -1.81667732 -1.12249230 -0.21784918
v -1.80795556 -1.12831999 -0.19567086
v -1.80108330 -1.13291189 -0.17257117
v -1.79612671 -1.13622378 -0.14877258
v -1.79313354 -1.13822375 -0.12450429
v -1.79213260 -1.13889256 -0.10000000
v -1.79213260 -1.13889256 1.10000000
v -1.79313354 -1.13822375 1.12450429
v -1.79612671 -1.13622378 1.14877258
v -1.80108330 -1.13291189 1.17257117
v -1.80795556 -1.12831999 1.19567086
v -1.81667732 -1.12249230 1.21784918
v -1.82716457 -1.11548494 1.23889256
v -1.83931632 -1.10736540 1.25859832
v -1.85301555 -1.09821187 1.27677670
v -1.86813032 -1.08811251 1.29325261
v -1.88451506 -1.07716457 1.30786740
v -1.90201198 -1.06547350 1.32048032
v -1.92045259 -1.05315188 1.33096988
v -1.93965928 -1.04031838 1.33923508
v -1.95944708 -1.02709659 1.34519632
v -1.97962543 -1.01361385 1.34879618
v -1.97838915 -1.01155124 -0.34879618
v -1.95698642 -1.02299124 -0.34519632
v -1.93599794 -1.03420981 -0.33923508
v -1.91562584 -1.04509893 -0.33096988
v -1.89606630 -1.05555372 -0.32048032
v -1.87750770 -1.06547350 -0.30786740
v -1.86012877 -1.07476273 -0.29325261
v -1.84409687 -1.08333196 -0.27677670
v -1.82956641 -1.09109865 -0.25859832
v -1.81667732 -1.09798802 -0.23889256
v -1.80555372 -1.10393370 -0.21784918
v -1.79630275 -1.10887845 -0.19567086
v -1.78901349 -1.11277464 -0.17257117
v -1.78375615 -1.11558475 -0.14877258
v -1.78058136 -1.11728171 -0.12450429
v -1.77951968 -1.11784918 -0.10000000
v -1.77951968 -1.11784918 1.10000000
v -1.78058136 -1.11728171 1.12450429
v -1.78375615 -1.11558475 1.14877258
v -1.78901349 -1.11277464 1.17257117
v -1.79630275 -1.10887845 1.19567086
v -1.80555372 -1.10393370 1.21784918
v -1.81667732 -1.09798802 1.23889256
v -1.82956641 -1.09109865 1.25859832
v -1.84409687 -1.08333196 1.27677670
v -1.86012877 -1.07476273 1.29325261
v -1.87750770 -1.06547350 1.30786740
v -1.89606630 -1.05555372 1.32048032
v -1.91562584 -1.04509893 1.33096988
v -1.93599794 -1.03420981 1.33923508
v -1.95698642 -1.02299124 1.34519632
v -1.97838915 -1.01155124 1.34879618
v -1.97736099 -1.00937738 -0.34879618
v -1.95494001 -1.01866446 -0.34519632
v -1.93295298 -1.02777178 -0.33923508
v -1.91161165 -1.03661165 -0.33096988
v -1.89112155 -1.04509893 -0.32048032
v -1.87168001 -1.05315188 -0.30786740
v -1.85347426 -1.06069295 -0.29325261
v -1.83667963 -1.06764951 -0.27677670
v -1.82145787 -1.07395457 -0.25859832
v -1.80795556 -1.07954741 -0.23889256
v -1.79630275 -1.08437416 -0.21784918
v -1.78661165 -1.08838835 -0.19567086
v -1.77897560 -1.09155130 -0.17257117
v -1.77346814 -1.09383257 -0.14877258
v -1.77014230 -1.09521018 -0.12450429
v -1.76903012 -1.09567086 -0.10000000
v -1.76903012 -1.09567086 1.10000000
v -1.77014230 -1.09521018 1.12450429
v -1.77346814 -1.09383257 1.14877258
v -1.77897560 -1.09155130 1.17257117
v -1.78661165 -1.08838835 1.19567086
v -1.79630275 -1.08437416 1.21784918
v -1.80795556 -1.07954741 1.23889256
v -1.82145787 -1.07395457 1.25859832
v -1.83667963 -1.06764951 1.27677670
v -1.85347426 -1.06069295 1.29325261
v -1.87168001 -1.05315188 1.30786740
v -1.89112155 -1.04509893 1.32048032
v -1.91161165 -1.03661165 1.33096988
v -1.93295298 -1.02777178 1.33923508
v -1.95494001 -1.01866446 1.34519632
v -1.97736099 -1.00937738 1.34879618
v -1.97655086 -1.00711322 -0.34879618
v -1.95332755 -1.01415793 -0.34519632
v -1.93055372 -1.02106630 -0.33923508
v -1.90844870 -1.02777178 -0.33096988
v -1.88722536 -1.03420981 -0.32048032
v -1.86708811 -1.04031838 -0.30786740
v -1.84823087 -1.04603866 -0.29325261
v -1.83083525 -1.05131557 -0.27677670
v -1.81506878 -1.05609827 -0.25859832
v -1.80108330 -1.06034072 -0.23889256
v -1.78901349 -1.06400206 -0.21784918
v -1.77897560 -1.06704702 -0.19567086
v -1.77106630 -1.06944628 -0.17257117
v -1.76536175 -1.07117673 -0.14877258
v -1.76191690 -1.07222172 -0.12450429
v -1.76076492 -1.07257117 -0.10000000
v -1.76076492 -1.07257117 1.10000000
v -1.76191690 -1.07222172 1.12450429
v -1.76536175 -1.07117673 1.14877258
v -1.77106630 -1.06944628 1.17257117
v -1.77897560 -1.06704702 1.19567086
v -1.78901349 -1.06400206 1.21784918
v -1.80108330 -1.06034072 1.23889256
v -1.81506878 -1.05609827 1.25859832
v -1.83083525 -1.05131557 1.27677670
v -1.84823087 -1.04603866 1.29325261
v -1.86708811 -1.04031838 1.30786740
v -1.88722536 -1.03420981 1.32048032
v -1.90844870 -1.02777178 1.33096988
v -1.93055372 -1.02106630 1.33923508
v -1.95332755 -1.01415793 1.34519632
v -1.97655086 -1.00711322 1.34879618
v -1.97596656 -1.00478055 -0.34879618
v -1.95216457 -1.00951506 -0.34519632
v -1.92882327 -1.01415793 -0.33923508
v -1.90616743 -1.01866446 -0.33096988
v -1.88441525 -1.02299124 -0.32048032
v -1.86377622 -1.02709659 -0.30786740
v -1.84444910 -1.03094100 -0.29325261
v -1.82662002 -1.03448742 -0.27677670
v -1.81046068 -1.03770171 -0.25859832
v -1.79612671 -1.04055292 -0.23889256
v -1.78375615 -1.04301358 -0.21784918
v -1.77346814 -1.04505999 -0.19567086
v -1.76536175 -1.04667245 -0.17257117
v -1.75951506 -1.04783543 -0.14877258
v -1.75598437 -1.04853773 -0.12450429
v -1.75480368 -1.04877258 -0.10000000
v -1.75480368 -1.04877258 1.10000000
v -1.75598437 -1.04853773 1.12450429
v -1.75951506 -1.04783543 1.14877258
v -1.76536175 -1.04667245 1.17257117
v -1.77346814 -1.04505999 1.19567086
v -1.78375615 -1.04301358 1.21784918
v -1.79612671 -1.04055292 1.23889256
v -1.81046068 -1.03770171 1.25859832
v -1.82662002 -1.03448742 1.27677670
v -1.84444910 -1.03094100 1.29325261
v -1.86377622 -1.02709659 1.30786740
v -1.88441525 -1.02299124 1.32048032
v -1.90616743 -1.01866446 1.33096988
v -1.92882327 -1.01415793 1.33923508
v -1.95216457 -1.00951506 1.34519632
v -1.97596656 -1.00478055 1.34879618
v -1.97561371 -1.00240184 -0.34879618
v -1.95146227 -1.00478055 -0.34519632
v -1.92777828 -1.00711322 -0.33923508
v -1.90478982 -1.00937738 -0.33096988
v -1.88271829 -1.01155124 -0.32048032
v -1.86177625 -1.01361385 -0.30786740
v -1.84216537 -1.01554535 -0.29325261
v -1.82407453 -1.01732715 -0.27677670
v -1.80767795 -1.01894207 -0.25859832
v -1.79313354 -1.02037457 -0.23889256
v -1.78058136 -1.02161085 -0.21784918
v -1.77014230 -1.02263901 -0.19567086
v -1.76191690 -1.02344914 -0.17257117
v -1.75598437 -1.02403344 -0.14877258
v -1.75240184 -1.02438629 -0.12450429
v -1.75120382 -1.02450429 -0.10000000
v -1.75120382 -1.02450429 1.10000000
v -1.75240184 -1.02438629 1.12450429
v -1.75598437 -1.02403344 1.14877258
v -1.76191690 -1.02344914 1.17257117
v -1.77014230 -1.02263901 1.19567086
v -1.78058136 -1.02161085 1.21784918
v -1.79313354 -1.02037457 1.23889256
v -1.80767795 -1.01894207 1.25859832
v -1.82407453 -1.01732715 1.27677670
v -1.84216537 -1.01554535 1.29325261
v -1.86177625 -1.01361385 1.30786740
v -1.88271829 -1.01155124 1.32048032
v -1.90478982 -1.00937738 1.33096988
v -1.92777828 -1.00711322 1.33923508
v -1.95146227 -1.00478055 1.34519632
v -1.97561371 -1.00240184 1.34879618
v 2.00000000 -1.00000000 -0.35000000
v 2.02450429 -1.00000000 -0.34879618
v 2.04877258 -1.00000000 -0.34519632
v 2.07257117 -1.00000000 -0.33923508
v 2.09567086 -1.00000000 -0.33096988
v 2.11784918 -1.00000000 -0.32048032
v 2.13889256 -1.00000000 -0.30786740
v 2.15859832 -1.00000000 -0.29325261
v 2.17677670 -1.00000000 -0.27677670
v 2.19325261 -1.00000000 -0.25859832
v 2.20786740 -1.00000000 -0.23889256
v 2.22048032 -1.00000000 -0.21784918
v 2.23096988 -1.00000000 -0.19567086
v 2.23923508 -1.00000000 -0.17257117
v 2.24519632 -1.00000000 -0.14877258
v 2.24879618 -1.00000000 -0.12450429
v 2.25000000 -1.00000000 -0.10000000
v 2.25000000 -1.00000000 1.10000000
v 2.24879618 -1.00000000 1.12450429
v 2.24519632 -1.00000000 1.14877258
v 2.23923508 -1.00000000 1.17257117
v 2.23096988 -1.00000000 1.19567086
v 2.22048032 -1.00000000 1.21784918
v 2.20786740 -1.00000000 1.23889256
v 2.19325261 -1.00000000 1.25859832
v 2.17677670 -1.00000000 1.27677670
v 2.15859832 -1.00000000 1.29325261
v 2.13889256 -1.00000000 1.30786740
v 2.11784918 -1.00000000 1.32048032
v 2.09567086 -1.00000000 1.33096988
v 2.07257117 -1.00000000 1.33923508
v 2.04877258 -1.00000000 1.34519632
v 2.02450429 -1.00000000 1.34879618
v 2.00000000 -1.00000000 1.35000000
v 2.02438629 -0.99759816 -0.34879618
v 2.04853773 -0.99521945 -0.34519632
v 2.07222172 -0.99288678 -0.33923508
v 2.09521018 -0.99062262 -0.33096988
v 2.11728171 -0.98844876 -0.32048032
v 2.13822375 -0.98638615 -0.30786740
v 2.15783463 -0.98445465 -0.29325261
v 2.17592547 -0.98267285 -0.27677670
v 2.19232205 -0.98105793 -0.25859832
v 2.20686646 -0.97962543 -0.23889256
v 2.21941864 -0.97838915 -0.21784918
v 2.22985770 -0.97736099 -0.19567086
v 2.23808310 -0.97655086 -0.17257117
v 2.24401563 -0.97596656 -0.14877258
v 2.24759816 -0.97561371 -0.12450429
v 2.24879618 -0.97549571 -0.10000000
v 2.24879618 -0.97549571 1.10000000
v 2.24759816 -0.97561371 1.12450429
v 2.24401563 -0.97596656 1.14877258
v 2.23808310 -0.97655086 1.17257117
v 2.22985770 -0.97736099 1.19567086
v 2.21941864 -0.97838915 1.21784918
v 2.20686646 -0.97962543 1.23889256
v 2.19232205 -0.98105793 1.25859832
v 2.17592547 -0.98267285 1.27677670
v 2.15783463 -0.98445465 1.29325261
v 2.13822375 -0.98638615 1.30786740
v 2.11728171 -0.98844876 1.32048032
v 2.09521018 -0.99062262 1.33096988
v 2.07222172 -0.99288678 1.33923508
v 2.04853773 -0.99521945 1.34519632
v 2.02438629 -0.99759816 1.34879618
v 2.02403344 -0.99521945 -0.34879618
v 2.04783543 -0.99048494 -0.34519632
v 2.07117673 -0.98584207 -0.33923508
v 2.09383257 -0.98133554 -0.33096988
v 2.11558475 -0.97700876 -0.32048032
v 2.13622378 -0.97290341 -0.30786740
v 2.15555090 -0.96905900 -0.29325261
v 2.17337998 -0.96551258 -0.27677670
v 2.18953932 -0.96229829 -0.25859832
v 2.20387329 -0.95944708 -0.23889256
v 2.21624385 -0.95698642 -0.21784918
v 2.22653186 -0.95494001 -0.19567086
v 2.23463825 -0.95332755 -0.17257117
v 2.24048494 -0.95216457 -0.14877258
v 2.24401563 -0.95146227 -0.12450429
v 2.24519632 -0.95122742 -0.10000000
v 2.24519632 -0.95122742 1.10000000
v 2.24401563 -0.95146227 1.12450429
v 2.24048494 -0.95216457 1.14877258
v 2.23463825 -0.95332755 1.17257117
v 2.22653186 -0.95494001 1.19567086
v 2.21624385 -0.95698642 1.21784918
v 2.20387329 -0.95944708 1.23889256
v 2.18953932 -0.96229829 1.25859832
v 2.17337998 -0.96551258 1.27677670
v 2.15555090 -0.96905900 1.29325261
v 2.13622378 -0.97290341 1.30786740
v 2.11558475 -0.97700876 1.32048032
v 2.09383257 -0.98133554 1.33096988
v 2.07117673 -0.98584207 1.33923508
v 2.04783543 -0.99048494 1.34519632
v 2.02403344 -0.99521945 1.34879618
v 2.02344914 -0.99288678 -0.34879618
v 2.04667245 -0.98584207 -0.34519632
v 2.06944628 -0.97893370 -0.33923508
v 2.09155130 -0.97222822 -0.33096988
v 2.11277464 -0.96579019 -0.32048032
v 2.13291189 -0.95968162 -0.30786740
v 2.15176913 -0.95396134 -0.29325261
v 2.16916475 -0.94868443 -0.27677670
v 2.18493122 -0.94390173 -0.25859832
v 2.19891670 -0.93965928 -0.23889256
v 2.21098651 -0.93599794 -0.21784918
v 2.22102440 -0.93295298 -0.19567086
v 2.22893370 -0.93055372 -0.17257117
v 2.23463825 -0.92882327 -0.14877258
v 2.23808310 -0.92777828 -0.12450429
v 2.23923508 -0.92742883 -0.10000000
v 2.23923508 -0.92742883 1.10000000
v 2.23808310 -0.92777828 1.12450429
v 2.23463825 -0.92882327 1.14877258
v 2.22893370 -0.93055372 1.17257117
v 2.22102440 -0.93295298 1.19567086
v 2.21098651 -0.93599794 1.21784918
v 2.19891670 -0.93965928 1.23889256
v 2.18493122 -0.94390173 1.25859832
v 2.16916475 -0.94868443 1.27677670
v 2.15176913 -0.95396134 1.29325261
v 2.13291189 -0.95968162 1.30786740
v 2.11277464 -0.96579019 1.32048032
v 2.09155130 -0.97222822 1.33096988
v 2.06944628 -0.97893370 1.33923508
v 2.04667245 -0.98584207 1.34519632
v 2.02344914 -0.99288678 1.34879618
v 2.02263901 -0.99062262 -0.34879618
v 2.04505999 -0.98133554 -0.34519632
v 2.06704702 -0.97222822 -0.33923508
v 2.08838835 -0.96338835 -0.33096988
v 2.10887845 -0.95490107 -0.32048032
v 2.12831999 -0.94684812 -0.30786740
v 2.14652574 -0.93930705 -0.29325261
v 2.16332037 -0.93235049 -0.27677670
v 2.17854213 -0.92604543 -0.25859832
v 2.19204444 -0.92045259 -0.23889256
v 2.20369725 -0.91562584 -0.21784918
v 2.21338835 -0.91161165 -0.19567086
v 2.22102440 -0.90844870 -0.17257117
v 2.22653186 -0.90616743 -0.14877258
v 2.22985770 -0.90478982 -0.12450429
v 2.23096988 -0.90432914 -0.10000000
v 2.23096988 -0.90432914 1.10000000
v 2.22985770 -0.90478982 1.12450429
v 2.22653186 -0.90616743 1.14877258
v 2.22102440 -0.90844870 1.17257117
v 2.21338835 -0.91161165 1.19567086
v 2.20369725 -0.91562584 1.21784918
v 2.19204444 -0.92045259 1.23889256
v 2.17854213 -0.92604543 1.25859832
v 2.16332037 -0.93235049 1.27677670
v 2.14652574 -0.93930705 1.29325261
v 2.12831999 -0.94684812 1.30786740
v 2.10887845 -0.95490107 1.32048032
v 2.08838835 -0.96338835 1.33096988
v 2.06704702 -0.97222822 1.33923508
v 2.04505999 -0.98133554 1.34519632
v 2.02263901 -0.99062262 1.34879618
v 2.02161085 -0.98844876 -0.34879618
v 2.04301358 -0.97700876 -0.34519632
v 2.06400206 -0.96579019 -0.33923508
v 2.08437416 -0.95490107 -0.33096988
v 2.10393370 -0.94444628 -0.32048032
v 2.12249230 -0.93452650 -0.30786740
v 2.13987123 -0.92523727 -0.29325261
v 2.15590313 -0.91666804 -0.27677670
v 2.17043359 -0.90890135 -0.25859832
v 2.18332268 -0.90201198 -0.23889256
v 2.19444628 -0.89606630 -0.21784918
v 2.20369725 -0.89112155 -0.19567086
v 2.21098651 -0.88722536 -0.17257117
v 2.21624385 -0.88441525 -0.14877258
v 2.21941864 -0.88271829 -0.12450429
v 2.22048032 -0.88215082 -0.10000000
v 2.22048032 -0.88215082 1.10000000
v 2.21941864 -0.88271829 1.12450429
v 2.21624385 -0.88441525 1.14877258
v 2.21098651 -0.88722536 1.17257117
v 2.20369725 -0.89112155 1.19567086
v 2.19444628 -0.89606630 1.21784918
v 2.18332268 -0.90201198 1.23889256
v 2.17043359 -0.90890135 1.25859832
v 2.15590313 -0.91666804 1.27677670
v 2.13987123 -0.92523727 1.29325261
v 2.12249230 -0.93452650 1.30786740
v 2.10393370 -0.94444628 1.32048032
v 2.08437416 -0.95490107 1.33096988
v 2.06400206 -0.96579019 1.33923508
v 2.04301358 -0.97700876 1.34519632
v 2.02161085 -0.98844876 1.34879618
v 2.02037457 -0.98638615 -0.34879618
v 2.04055292 -0.97290341 -0.34519632
v 2.06034072 -0.95968162 -0.33923508
v 2.07954741 -0.94684812 -0.33096988
v 2.09798802 -0.93452650 -0.32048032
v 2.11548494 -0.92283543 -0.30786740
v 2.13186968 -0.91188749 -0.29325261
v 2.14698445 -0.90178813 -0.27677670
v 2.16068368 -0.89263460 -0.25859832
v 2.17283543 -0.88451506 -0.23889256
v 2.18332268 -0.87750770 -0.21784918
v 2.19204444 -0.87168001 -0.19567086
v 2.19891670 -0.86708811 -0.17257117
v 2.20387329 -0.86377622 -0.14877258
v 2.20686646 -0.86177625 -0.12450429
v 2.20786740 -0.86110744 -0.10000000
v 2.20786740 -0.86110744 1.10000000
v 2.20686646 -0.86177625 1.12450429
v 2.20387329 -0.86377622 1.14877258
v 2.19891670 -0.86708811 1.17257117
v 2.19204444 -0.87168001 1.19567086
v 2.18332268 -0.87750770 1.21784918
v 2.17283543 -0.88451506 1.23889256
v 2.16068368 -0.89263460 1.25859832
v 2.14698445 -0.90178813 1.27677670
v 2.13186968 -0.91188749 1.29325261
v 2.11548494 -0.92283543 1.30786740
v 2.09798802 -0.93452650 1.32048032
v 2.07954741 -0.94684812 1.33096988
v 2.06034072 -0.95968162 1.33923508
v 2.04055292 -0.97290341 1.34519632
v 2.02037457 -0.98638615 1.34879618
v 2.01894207 -0.98445465 -0.34879618
v 2.03770171 -0.96905900 -0.34519632
v 2.05609827 -0.95396134 -0.33923508
v 2.07395457 -0.93930705 -0.33096988
v 2.09109865 -0.92523727 -0.32048032
v 2.10736540 -0.91188749 -0.30786740
v 2.12259816 -0.89938629 -0.29325261
v 2.13665023 -0.88785405 -0.27677670
v 2.14938629 -0.87740184 -0.25859832
v 2.16068368 -0.86813032 -0.23889256
v 2.17043359 -0.86012877 -0.21784918
v 2.17854213 -0.85347426 -0.19567086
v 2.18493122 -0.84823087 -0.17257117
v 2.18953932 -0.84444910 -0.14877258
v 2.19232205 -0.84216537 -0.12450429
v 2.19325261 -0.84140168 -0.10000000
v 2.19325261 -0.84140168 1.10000000
v 2.19232205 -0.84216537 1.12450429
v 2.18953932 -0.84444910 1.14877258
v 2.18493122 -0.84823087 1.17257117
v 2.17854213 -0.85347426 1.19567086
v 2.17043359 -0.86012877 1.21784918
v 2.16068368 -0.86813032 1.23889256
v 2.14938629 -0.87740184 1.25859832
v 2.13665023 -0.88785405 1.27677670
v 2.12259816 -0.89938629 1.29325261
v 2.10736540 -0.91188749 1.30786740
v 2.09109865 -0.92523727 1.32048032
v 2.07395457 -0.93930705 1.33096988
v 2.05609827 -0.95396134 1.33923508
v 2.03770171 -0.96905900 1.34519632
v 2.01894207 -0.98445465 1.34879618
v 2.01732715 -0.98267285 -0.34879618
v 2.03448742 -0.96551258 -0.34519632
v 2.05131557 -0.94868443 -0.33923508
v 2.06764951 -0.93235049 -0.33096988
v 2.08333196 -0.91666804 -0.32048032
v 2.09821187 -0.90178813 -0.30786740
v 2.11214595 -0.88785405 -0.29325261
v 2.12500000 -0.87500000 -0.27677670
v 2.13665023 -0.86334977 -0.25859832
v 2.14698445 -0.85301555 -0.23889256
v 2.15590313 -0.84409687 -0.21784918
v 2.16332037 -0.83667963 -0.19567086
v 2.16916475 -0.83083525 -0.17257117
v 2.17337998 -0.82662002 -0.14877258
v 2.17592547 -0.82407453 -0.12450429
v 2.17677670 -0.82322330 -0.10000000
v 2.17677670 -0.82322330 1.10000000
v 2.17592547 -0.82407453 1.12450429
v 2.17337998 -0.82662002 1.14877258
v 2.16916475 -0.83083525 1.17257117
v 2.16332037 -0.83667963 1.19567086
v 2.15590313 -0.84409687 1.21784918
v 2.14698445 -0.85301555 1.23889256
v 2.13665023 -0.86334977 1.25859832
v 2.12500000 -0.87500000 1.27677670
v 2.11214595 -0.88785405 1.29325261
v 2.09821187 -0.90178813 1.30786740
v 2.08333196 -0.91666804 1.32048032
v 2.06764951 -0.93235049 1.33096988
v 2.05131557 -0.94868443 1.33923508
v 2.03448742 -0.96551258 1.34519632
v 2.01732715 -0.98267285 1.34879618
v 2.01554535 -0.98105793 -0.34879618
v 2.03094100 -0.96229829 -0.34519632
v 2.04603866 -0.94390173 -0.33923508
v 2.06069295 -0.92604543 -0.33096988
v 2.07476273 -0.90890135 -0.32048032
v 2.08811251 -0.89263460 -0.30786740
v 2.10061371 -0.87740184 -0.29325261
v 2.11214595 -0.86334977 -0.27677670
v 2.12259816 -0.85061371 -0.25859832
v 2.13186968 -0.83931632 -0.23889256
v 2.13987123 -0.82956641 -0.21784918
v 2.14652574 -0.82145787 -0.19567086
v 2.15176913 -0.81506878 -0.17257117
v 2.15555090 -0.81046068 -0.14877258
v 2.15783463 -0.80767795 -0.12450429
v 2.15859832 -0.80674739 -0.10000000
v 2.15859832 -0.80674739 1.10000000
v 2.15783463 -0.80767795 1.12450429
v 2.15555090 -0.81046068 1.14877258
v 2.15176913 -0.81506878 1.17257117
v 2.14652574 -0.82145787 1.19567086
v 2.13987123 -0.82956641 1.21784918
v 2.13186968 -0.83931632 1.23889256
v 2.12259816 -0.85061371 1.25859832
v 2.11214595 -0.86334977 1.27677670
v 2.10061371 -0.87740184 1.29325261
v 2.08811251 -0.89263460 1.30786740
v 2.07476273 -0.90890135 1.32048032
v 2.06069295 -0.92604543 1.33096988
v 2.04603866 -0.94390173 1.33923508
v 2.03094100 -0.96229829 1.34519632
v 2.01554535 -0.98105793 1.34879618
v 2.01361385 -0.97962543 -0.34879618
v 2.02709659 -0.95944708 -0.34519632
v 2.04031838 -0.93965928 -0.33923508
v 2.05315188 -0.92045259 -0.33096988
v 2.06547350 -0.90201198 -0.32048032
v 2.07716457 -0.88451506 -0.30786740
v 2.08811251 -0.86813032 -0.29325261
v 2.09821187 -0.85301555 -0.27677670
v 2.10736540 -0.83931632 -0.25859832
v 2.11548494 -0.82716457 -0.23889256
v 2.12249230 -0.81667732 -0.21784918
v 2.12831999 -0.80795556 -0.19567086
v 2.13291189 -0.80108330 -0.17257117
v 2.13622378 -0.79612671 -0.14877258
v 2.13822375 -0.79313354 -0.12450429
v 2.13889256 -0.79213260 -0.10000000
v 2.13889256 -0.79213260 1.10000000
v 2.13822375 -0.79313354 1.12450429
v 2.13622378 -0.79612671 1.14877258
v 2.13291189 -0.80108330 1.17257117
v 2.12831999 -0.80795556 1.19567086
v 2.12249230 -0.81667732 1.21784918
v 2.11548494 -0.82716457 1.23889256
v 2.10736540 -0.83931632 1.25859832
v 2.09821187 -0.85301555 1.27677670
v 2.08811251 -0.86813032 1.29325261
v 2.07716457 -0.88451506 1.30786740
v 2.06547350 -0.90201198 1.32048032
v 2.05315188 -0.92045259 1.33096988
v 2.04031838 -0.93965928 1.33923508
v 2.02709659 -0.95944708 1.34519632
v 2.01361385 -0.97962543 1.34879618
v 2.01155124 -0.97838915 -0.34879618
v 2.02299124 -0.95698642 -0.34519632
v 2.03420981 -0.93599794 -0.33923508
v 2.04509893 -0.91562584 -0.33096988
v 2.05555372 -0.89606630 -0.32048032
v 2.06547350 -0.87750770 -0.30786740
v 2.07476273 -0.86012877 -0.29325261
v 2.08333196 -0.84409687 -0.27677670
v 2.09109865 -0.82956641 -0.25859832
v 2.09798802 -0.81667732 -0.23889256
v 2.10393370 -0.80555372 -0.21784918
v 2.10887845 -0.79630275 -0.19567086
v 2.11277464 -0.78901349 -0.17257117
v 2.11558475 -0.78375615 -0.14877258
v 2.11728171 -0.78058136 -0.12450429
v 2.11784918 -0.77951968 -0.10000000
v 2.11784918 -0.77951968 1.10000000
v 2.11728171 -0.78058136 1.12450429
v 2.11558475 -0.78375615 1.14877258
v 2.11277464 -0.78901349 1.17257117
v 2.10887845 -0.79630275 1.19567086
v 2.10393370 -0.80555372 1.21784918
v 2.09798802 -0.81667732 1.23889256
v 2.09109865 -0.82956641 1.25859832
v 2.08333196 -0.84409687 1.27677670
v 2.07476273 -0.86012877 1.29325261
v 2.06547350 -0.87750770 1.30786740
v 2.05555372 -0.89606630 1.32048032
v 2.04509893 -0.91562584 1.33096988
v 2.03420981 -0.93599794 1.33923508
v 2.02299124 -0.95698642 1.34519632
v 2.01155124 -0.97838915 1.34879618
v 2.00937738 -0.97736099 -0.34879618
v 2.01866446 -0.95494001 -0.34519632
v 2.02777178 -0.93295298 -0.33923508
v 2.03661165 -0.91161165 -0.33096988
v 2.04509893 -0.89112155 -0.32048032
v 2.05315188 -0.87168001 -0.30786740
v 2.06069295 -0.85347426 -0.29325261
v 2.06764951 -0.83667963 -0.27677670
v 2.07395457 -0.82145787 -0.25859832
v 2.07954741 -0.80795556 -0.23889256
v 2.08437416 -0.79630275 -0.21784918
v 2.08838835 -0.78661165 -0.19567086
v 2.09155130 -0.77897560 -0.17257117
v 2.09383257 -0.77346814 -0.14877258
v 2.09521018 -0.77014230 -0.12450429
v 2.09567086 -0.76903012 -0.10000000
v 2.09567086 -0.76903012 1.10000000
v 2.09521018 -0.77014230 1.12450429
v 2.09383257 -0.77346814 1.14877258
v 2.09155130 -0.77897560 1.17257117
v 2.08838835 -0.78661165 1.19567086
v 2.08437416 -0.79630275 1.21784918
v 2.07954741 -0.80795556 1.23889256
v 2.07395457 -0.82145787 1.25859832
v 2.06764951 -0.83667963 1.27677670
v 2.06069295 -0.85347426 1.29325261
v 2.05315188 -0.87168001 1.30786740
v 2.04509893 -0.89112155 1.32048032
v 2.03661165 -0.91161165 1.33096988
v 2.02777178 -0.93295298 1.33923508
v 2.01866446 -0.95494001 1.34519632
v 2.00937738 -0.97736099 1.34879618
v 2.00711322 -0.97655086 -0.34879618
v 2.01415793 -0.95332755 -0.34519632
v 2.02106630 -0.93055372 -0.33923508
v 2.02777178 -0.90844870 -0.33096988
v 2.03420981 -0.88722536 -0.32048032
v 2.04031838 -0.86708811 -0.30786740
v 2.04603866 -0.84823087 -0.29325261
v 2.05131557 -0.83083525 -0.27677670
v 2.05609827 -0.81506878 -0.25859832
v 2.06034072 -0.80108330 -0.23889256
v 2.06400206 -0.78901349 -0.21784918
v 2.06704702 -0.77897560 -0.19567086
v 2.06944628 -0.77106630 -0.17257117
v 2.07117673 -0.76536175 -0.14877258
v 2.07222172 -0.76191690 -0.12450429
v 2.07257117 -0.76076492 -0.10000000
v 2.07257117 -0.76076492 1.10000000
v 2.07222172 -0.76191690 1.12450429
v 2.07117673 -0.76536175 1.14877258
v 2.06944628 -0.77106630 1.17257117
v 2.06704702 -0.77897560 1.19567086
v 2.06400206 -0.78901349 1.21784918
v 2.06034072 -0.80108330 1.23889256
v 2.05609827 -0.81506878 1.25859832
v 2.05131557 -0.83083525 1.27677670
v 2.04603866 -0.84823087 1.29325261
v 2.04031838 -0.86708811 1.30786740
v 2.03420981 -0.88722536 1.32048032
v 2.02777178 -0.90844870 1.33096988
v 2.02106630 -0.93055372 1.33923508
v 2.01415793 -0.95332755 1.34519632
v 2.00711322 -0.97655086 1.34879618
v 2.00478055 -0.97596656 -0.34879618
v 2.00951506 -0.95216457 -0.34519632
v 2.01415793 -0.92882327 -0.33923508
v 2.01866446 -0.90616743 -0.33096988
v 2.02299124 -0.88441525 -0.32048032
v 2.02709659 -0.86377622 -0.30786740
v 2.03094100 -0.84444910 -0.29325261
v 2.03448742 -0.82662002 -0.27677670
v 2.03770171 -0.81046068 -0.25859832
v 2.04055292 -0.79612671 -0.23889256
v 2.04301358 -0.78375615 -0.21784918
v 2.04505999 -0.77346814 -0.19567086
v 2.04667245 -0.76536175 -0.17257117
v 2.04783543 -0.75951506 -0.14877258
v 2.04853773 -0.75598437 -0.12450429
v 2.04877258 -0.75480368 -0.10000000
v 2.04877258 -0.75480368 1.10000000
v 2.04853773 -0.75598437 1.12450429
v 2.04783543 -0.75951506 1.14877258
v 2.04667245 -0.76536175 1.17257117
v 2.04505999 -0.77346814 1.19567086
v 2.04301358 -0.78375615 1.21784918
v 2.04055292 -0.79612671 1.23889256
v 2.03770171 -0.81046068 1.25859832
v 2.03448742 -0.82662002 1.27677670
v 2.03094100 -0.84444910 1.29325261
v 2.02709659 -0.86377622 1.30786740
v 2.02299124 -0.88441525 1.32048032
v 2.01866446 -0.90616743 1.33096988
v 2.01415793 -0.92882327 1.33923508
v 2.00951506 -0.95216457 1.34519632
v 2.00478055 -0.97596656 1.34879618
v 2.00240184 -0.97561371 -0.34879618
v 2.00478055 -0.95146227 -0.34519632
v 2.00711322 -0.92777828 -0.33923508
v 2.00937738 -0.90478982 -0.33096988
v 2.01155124 -0.88271829 -0.32048032
v 2.01361385 -0.86177625 -0.30786740
v 2.01554535 -0.84216537 -0.29325261
v 2.01732715 -0.82407453 -0.27677670
v 2.01894207 -0.80767795 -0.25859832
v 2.02037457 -0.79313354 -0.23889256
v 2.02161085 -0.78058136 -0.21784918
v 2.02263901 -0.77014230 -0.19567086
v 2.02344914 -0.76191690 -0.17257117
v 2.02403344 -0.75598437 -0.14877258
v 2.02438629 -0.75240184 -0.12450429
v 2.02450429 -0.75120382 -0.10000000
v 2.02450429 -0.75120382 1.10000000
v 2.02438629 -0.75240184 1.12450429
v 2.02403344 -0.75598437 1.14877258
v 2.02344914 -0.76191690 1.17257117
v 2.02263901 -0.77014230 1.19567086
v 2.02161085 -0.78058136 1.21784918
v 2.02037457 -0.79313354 1.23889256
v 2.01894207 -0.80767795 1.25859832
v 2.01732715 -0.82407453 1.27677670
v 2.01554535 -0.84216537 1.29325261
v 2.01361385 -0.86177625 1.30786740
v 2.01155124 -0.88271829 1.32048032
v 2.00937738 -0.90478982 1.33096988
v 2.00711322 -0.92777828 1.33923508
v 2.00478055 -0.95146227 1.34519632
v 2.00240184 -0.97561371 1.34879618
v 2.00000000 -0.97549571 -0.34879618
v 2.00000000 -0.95122742 -0.34519632
v 2.00000000 -0.92742883 -0.33923508
v 2.00000000 -0.90432914 -0.33096988
v 2.00000000 -0.88215082 -0.32048032
v 2.00000000 -0.86110744 -0.30786740
v 2.00000000 -0.84140168 -0.29325261
v 2.00000000 -0.82322330 -0.27677670
v 2.00000000 -0.80674739 -0.25859832
v 2.00000000 -0.79213260 -0.23889256
v 2.00000000 -0.77951968 -0.21784918
v 2.00000000 -0.76903012 -0.19567086
v 2.00000000 -0.76076492 -0.17257117
v 2.00000000 -0.75480368 -0.14877258
v 2.00000000 -0.75120382 -0.12450429
v 2.00000000 -0.75000000 -0.10000000
v 2.00000000 -0.75000000 1.10000000
v 2.00000000 -0.75120382 1.12450429
v 2.00000000 -0.75480368 1.14877258
v 2.00000000 -0.76076492 1.17257117
v 2.00000000 -0.76903012 1.19567086
v 2.00000000 -0.77951968 1.21784918
v 2.00000000 -0.79213260 1.23889256
v 2.00000000 -0.80674739 1.25859832
v 2.00000000 -0.82322330 1.27677670
v 2.00000000 -0.84140168 1.29325261
v 2.00000000 -0.86110744 1.30786740
v 2.00000000 -0.88215082 1.32048032
v 2.00000000 -0.90432914 1.33096988
v 2.00000000 -0.92742883 1.33923508
v 2.00000000 -0.95122742 1.34519632
v 2.00000000 -0.97549571 1.34879618
v 1.99759816 -0.97561371 -0.34879618
v 1.99521945 -0.95146227 -0.34519632
v 1.99288678 -0.92777828 -0.33923508
v 1.99062262 -0.90478982 -0.33096988
v 1.98844876 -0.88271829 -0.32048032
v 1.98638615 -0.86177625 -0.30786740
v 1.98445465 -0.84216537 -0.29325261
v 1.98267285 -0.82407453 -0.27677670
v 1.98105793 -0.80767795 -0.25859832
v 1.97962543 -0.79313354 -0.23889256
v 1.97838915 -0.78058136 -0.21784918
v 1.97736099 -0.77014230 -0.19567086
v 1.97655086 -0.76191690 -0.17257117
v 1.97596656 -0.75598437 -0.14877258
v 1.97561371 -0.75240184 -0.12450429
v 1.97549571 -0.75120382 -0.10000000
v 1.97549571 -0.75120382 1.10000000
v 1.97561371 -0.75240184 1.12450429
v 1.97596656 -0.75598437 1.14877258
v 1.97655086 -0.76191690 1.17257117
v 1.97736099 -0.77014230 1.19567086
v 1.97838915 -0.78058136 1.21784918
v 1.97962543 -0.79313354 1.23889256
v 1.98105793 -0.80767795 1.25859832
v 1.98267285 -0.82407453 1.27677670
v 1.98445465 -0.84216537 1.29325261
v 1.98638615 -0.86177625 1.30786740
v 1.98844876 -0.88271829 1.32048032
v 1.99062262 -0.90478982 1.33096988
v 1.99288678 -0.92777828 1.33923508
v 1.99521945 -0.95146227 1.34519632
v 1.99759816 -0.97561371 1.34879618
v 1.99521945 -0.97596656 -0.34879618
v 1.99048494 -0.95216457 -0.34519632
v 1.98584207 -0.92882327 -0.33923508
v 1.98133554 -0.90616743 -0.33096988
v 1.97700876 -0.88441525 -0.32048032
v 1.97290341 -0.86377622 -0.30786740
v 1.96905900 -0.84444910 -0.29325261
v 1.96551258 -0.82662002 -0.27677670
v 1.96229829 -0.81046068 -0.25859832
v 1.95944708 -0.79612671 -0.23889256
v 1.95698642 -0.78375615 -0.21784918
v 1.95494001 -0.77346814 -0.19567086
v 1.95332755 -0.76536175 -0.17257117
v 1.95216457 -0.75951506 -0.14877258
v 1.95146227 -0.75598437 -0.12450429
v 1.95122742 -0.75480368 -0.10000000
v 1.95122742 -0.75480368 1.10000000
v 1.95146227 -0.75598437 1.12450429
v 1.95216457 -0.75951506 1.14877258
v 1.95332755 -0.76536175 1.17257117
v 1.95494001 -0.77346814 1.19567086
v 1.95698642 -0.78375615 1.21784918
v 1.95944708 -0.79612671 1.23889256
v 1.96229829 -0.81046068 1.25859832
v 1.96551258 -0.82662002 1.27677670
v 1.96905900 -0.84444910 1.29325261
v 1.97290341 -0.86377622 1.30786740
v 1.97700876 -0.88441525 1.32048032
v 1.98133554 -0.90616743 1.33096988
v 1.98584207 -0.92882327 1.33923508
v 1.99048494 -0.95216457 1.34519632
v 1.99521945 -0.97596656 1.34879618
v 1.99288678 -0.97655086 -0.34879618
v 1.98584207 -0.95332755 -0.34519632
v 1.97893370 -0.93055372 -0.33923508
v 1.97222822 -0.90844870 -0.33096988
v 1.96579019 -0.88722536 -0.32048032
v 1.95968162 -0.86708811 -0.30786740
v 1.95396134 -0.84823087 -0.29325261
v 1.94868443 -0.83083525 -0.27677670
v 1.94390173 -0.81506878 -0.25859832
v 1.93965928 -0.80108330 -0.23889256
v 1.93599794 -0.78901349 -0.21784918
v 1.93295298 -0.77897560 -0.19567086
v 1.93055372 -0.77106630 -0.17257117
v 1.92882327 -0.76536175 -0.14877258
v 1.92777828 -0.76191690 -0.12450429
v 1.92742883 -0.76076492 -0.10000000
v 1.92742883 -0.76076492 1.10000000
v 1.92777828 -0.76191690 1.12450429
v 1.92882327 -0.76536175 1.14877258
v 1.93055372 -0.77106630 1.17257117
v 1.93295298 -0.77897560 1.19567086
v 1.93599794 -0.78901349 1.21784918
v 1.93965928 -0.80108330 1.23889256
v 1.94390173 -0.81506878 1.25859832
v 1.94868443 -0.83083525 1.27677670
v 1.95396134 -0.84823087 1.29325261
v 1.95968162 -0.86708811 1.30786740
v 1.96579019 -0.88722536 1.32048032
v 1.97222822 -0.90844870 1.33096988
v 1.97893370 -0.93055372 1.33923508
v 1.98584207 -0.95332755 1.34519632
v 1.99288678 -0.97655086 1.34879618
v 1.99062262 -0.97736099 -0.34879618
v 1.98133554 -0.95494001 -0.34519632
v 1.97222822 -0.93295298 -0.33923508
v 1.96338835 -0.91161165 -0.33096988
v 1.95490107 -0.89112155 -0.32048032
v 1.94684812 -0.87168001 -0.30786740
v 1.93930705 -0.85347426 -0.29325261
v 1.93235049 -0.83667963 -0.27677670
v 1.92604543 -0.82145787 -0.25859832
v 1.92045259 -0.80795556 -0.23889256
v 1.91562584 -0.79630275 -0.21784918
v 1.91161165 -0.78661165 -0.19567086
v 1.90844870 -0.77897560 -0.17257117
v 1.90616743 -0.77346814 -0.14877258
v 1.90478982 -0.77014230 -0.12450429
v 1.90432914 -0.76903012 -0.10000000
v 1.90432914 -0.76903012 1.10000000
v 1.90478982 -0.77014230 1.12450429
v 1.90616743 -0.77346814 1.14877258
v 1.90844870 -0.77897560 1.17257117
v 1.91161165 -0.78661165 1.19567086
v 1.91562584 -0.79630275 1.21784918
v 1.92045259 -0.80795556 1.23889256
v 1.92604543 -0.82145787 1.25859832
v 1.93235049 -0.83667963 1.27677670
v 1.93930705 -0.85347426 1.29325261
v 1.94684812 -0.87168001 1.30786740
v 1.95490107 -0.89112155 1.32048032
v 1.96338835 -0.91161165 1.33096988
v 1.97222822 -0.93295298 1.33923508
v 1.98133554 -0.95494001 1.34519632
v 1.99062262 -0.97736099 1.34879618
v 1.98844876 -0.97838915 -0.34879618
v 1.97700876 -0.95698642 -0.34519632
v 1.96579019 -0.93599794 -0.33923508
v 1.95490107 -0.91562584 -0.33096988
v 1.94444628 -0.89606630 -0.32048032
v 1.93452650 -0.87750770 -0.30786740
v 1.92523727 -0.86012877 -0.29325261
v 1.91666804 -0.84409687 -0.27677670
v 1.90890135 -0.82956641 -0.25859832
v 1.90201198 -0.81667732 -0.23889256
v 1.89606630 -0.80555372 -0.21784918
v 1.89112155 -0.79630275 -0.19567086
v 1.88722536 -0.78901349 -0.17257117
v 1.88441525 -0.78375615 -0.14877258
v 1.88271829 -0.78058136 -0.12450429
v 1.88215082 -0.77951968 -0.10000000
v 1.88215082 -0.77951968 1.10000000
v 1.88271829 -0.78058136 1.12450429
v 1.88441525 -0.78375615 1.14877258
v 1.88722536 -0.78901349 1.17257117
v 1.89112155 -0.79630275 1.19567086
v 1.89606630 -0.80555372 1.21784918
v 1.90201198 -0.81667732 1.23889256
v 1.90890135 -0.82956641 1.25859832
v 1.91666804 -0.84409687 1.27677670
v 1.92523727 -0.86012877 1.29325261
v 1.93452650 -0.87750770 1.30786740
v 1.94444628 -0.89606630 1.32048032
v 1.95490107 -0.91562584 1.33096988
v 1.96579019 -0.93599794 1.33923508
v 1.97700876 -0.95698642 1.34519632
v 1.98844876 -0.97838915 1.34879618
v 1.98638615 -0.97962543 -0.34879618
v 1.97290341 -0.95944708 -0.34519632
v 1.95968162 -0.93965928 -0.33923508
v 1.94684812 -0.92045259 -0.33096988
v 1.93452650 -0.90201198 -0.32048032
v 1.92283543 -0.88451506 -0.30786740
v 1.91188749 -0.86813032 -0.29325261
v 1.90178813 -0.85301555 -0.27677670
v 1.89263460 -0.83931632 -0.25859832
v 1.88451506 -0.82716457 -0.23889256
v 1.87750770 -0.81667732 -0.21784918
v 1.87168001 -0.80795556 -0.19567086
v 1.86708811 -0.80108330 -0.17257117
v 1.86377622 -0.79612671 -0.14877258
v 1.86177625 -0.79313354 -0.12450429
v 1.86110744 -0.79213260 -0.10000000
v 1.86110744 -0.79213260 1.10000000
v 1.86177625 -0.79313354 1.12450429
v 1.86377622 -0.79612671 1.14877258
v 1.86708811 -0.80108330 1.17257117
v 1.87168001 -0.80795556 1.19567086
v 1.87750770 -0.81667732 1.21784918
v 1.88451506 -0.82716457 1.23889256
v 1.89263460 -0.83931632 1.25859832
v 1.90178813 -0.85301555 1.27677670
v 1.91188749 -0.86813032 1.29325261
v 1.92283543 -0.88451506 1.30786740
v 1.93452650 -0.90201198 1.32048032
v 1.94684812 -0.92045259 1.33096988
v 1.95968162 -0.93965928 1.33923508
v 1.97290341 -0.95944708 1.34519632
v 1.98638615 -0.97962543 1.34879618
v 1.98445465 -0.98105793 -0.34879618
v 1.96905900 -0.96229829 -0.34519632
v 1.95396134 -0.94390173 -0.33923508
v 1.93930705 -0.92604543 -0.33096988
v 1.92523727 -0.90890135 -0.32048032
v 1.91188749 -0.89263460 -0.30786740
v 1.89938629 -0.87740184 -0.29325261
v 1.88785405 -0.86334977 -0.27677670
v 1.87740184 -0.85061371 -0.25859832
v 1.86813032 -0.83931632 -0.23889256
v 1.86012877 -0.82956641 -0.21784918
v 1.85347426 -0.82145787 -0.19567086
v 1.84823087 -0.81506878 -0.17257117
v 1.84444910 -0.81046068 -0.14877258
v 1.84216537 -0.80767795 -0.12450429
v 1.84140168 -0.80674739 -0.10000000
v 1.84140168 -0.80674739 1.10000000
v 1.84216537 -0.80767795 1.12450429
v 1.84444910 -0.81046068 1.14877258
v 1.84823087 -0.81506878 1.17257117
v 1.85347426 -0.82145787 1.19567086
v 1.86012877 -0.82956641 1.21784918
v 1.86813032 -0.83931632 1.23889256
v 1.87740184 -0.85061371 1.25859832
v 1.88785405 -0.86334977 1.27677670
v 1.89938629 -0.87740184 1.29325261
v 1.91188749 -0.89263460 1.30786740
v 1.92523727 -0.90890135 1.32048032
v 1.93930705 -0.92604543 1.33096988
v 1.95396134 -0.94390173 1.33923508
v 1.96905900 -0.96229829 1.34519632
v 1.98445465 -0.98105793 1.34879618
v 1.98267285 -0.98267285 -0.34879618
v 1.96551258 -0.96551258 -0.34519632
v 1.94868443 -0.94868443 -0.33923508
v 1.93235049 -0.93235049 -0.33096988
v 1.91666804 -0.91666804 -0.32048032
v 1.90178813 -0.90178813 -0.30786740
v 1.88785405 -0.88785405 -0.29325261
v 1.87500000 -0.87500000 -0.27677670
v 1.86334977 -0.86334977 -0.25859832
v 1.85301555 -0.85301555 -0.23889256
v 1.84409687 -0.84409687 -0.21784918
v 1.83667963 -0.83667963 -0.19567086
v 1.83083525 -0.83083525 -0.17257117
v 1.82662002 -0.82662002 -0.14877258
v 1.82407453 -0.82407453 -0.12450429
v 1.82322330 -0.82322330 -0.10000000
v 1.82322330 -0.82322330 1.10000000
v 1.82407453 -0.82407453 1.12450429
v 1.82662002 -0.82662002 1.14877258
v 1.83083525 -0.83083525 1.17257117
v 1.83667963 -0.83667963 1.19567086
v 1.84409687 -0.84409687 1.21784918
v 1.85301555 -0.85301555 1.23889256
v 1.86334977 -0.86334977 1.25859832
v 1.87500000 -0.87500000 1.27677670
v 1.88785405 -0.88785405 1.29325261
v 1.90178813 -0.90178813 1.30786740
v 1.91666804 -0.91666804 1.32048032
v 1.93235049 -0.93235049 1.33096988
v 1.94868443 -0.94868443 1.33923508
v 1.96551258 -0.96551258 1.34519632
v 1.98267285 -0.98267285 1.34879618
v 1.98105793 -0.98445465 -0.34879618
v 1.96229829 -0.96905900 -0.34519632
v 1.94390173 -0.95396134 -0.33923508
v 1.92604543 -0.93930705 -0.33096988
v 1.90890135 -0.92523727 -0.32048032
v 1.89263460 -0.91188749 -0.30786740
v 1.87740184 -0.89938629 -0.29325261
v 1.86334977 -0.88785405 -0.27677670
v 1.85061371 -0.87740184 -0.25859832
v 1.83931632 -0.86813032 -0.23889256
v 1.82956641 -0.86012877 -0.21784918
v 1.82145787 -0.85347426 -0.19567086
v 1.81506878 -0.84823087 -0.17257117
v 1.81046068 -0.84444910 -0.14877258
v 1.80767795 -0.84216537 -0.12450429
v 1.80674739 -0.84140168 -0.10000000
v 1.80674739 -0.84140168 1.10000000
v 1.80767795 -0.84216537 1.12450429
v 1.81046068 -0.84444910 1.14877258
v 1.81506878 -0.84823087 1.17257117
v 1.82145787 -0.85347426 1.19567086
v 1.82956641 -0.86012877 1.21784918
v 1.83931632 -0.86813032 1.23889256
v 1.85061371 -0.87740184 1.25859832
v 1.86334977 -0.88785405 1.27677670
v 1.87740184 -0.89938629 1.29325261
v 1.89263460 -0.91188749 1.30786740
v 1.90890135 -0.92523727 1.32048032
v 1.92604543 -0.93930705 1.33096988
v 1.94390173 -0.95396134 1.33923508
v 1.96229829 -0.96905900 1.34519632
v 1.98105793 -0.98445465 1.34879618
v 1.97962543 -0.98638615 -0.34879618
v 1.95944708 -0.97290341 -0.34519632
v 1.93965928 -0.95968162 -0.33923508
v 1.92045259 -0.94684812 -0.33096988
v 1.90201198 -0.93452650 -0.32048032
v 1.88451506 -0.92283543 -0.30786740
v 1.86813032 -0.91188749 -0.29325261
v 1.85301555 -0.90178813 -0.27677670
v 1.83931632 -0.89263460 -0.25859832
v 1.82716457 -0.88451506 -0.23889256
v 1.81667732 -0.87750770 -0.21784918
v 1.80795556 -0.87168001 -0.19567086
v 1.80108330 -0.86708811 -0.17257117
v 1.79612671 -0.86377622 -0.14877258
v 1.79313354 -0.86177625 -0.12450429
v 1.79213260 -0.86110744 -0.10000000
v 1.79213260 -0.86110744 1.10000000
v 1.79313354 -0.86177625 1.12450429
v 1.79612671 -0.86377622 1.14877258
v 1.80108330 -0.86708811 1.17257117
v 1.80795556 -0.87168001 1.19567086
v 1.81667732 -0.87750770 1.21784918
v 1.82716457 -0.88451506 1.23889256
v 1.83931632 -0.89263460 1.25859832
v 1.85301555 -0.90178813 1.27677670
v 1.86813032 -0.91188749 1.29325261
v 1.88451506 -0.92283543 1.30786740
v 1.90201198 -0.93452650 1.32048032
v 1.92045259 -0.94684812 1.33096988
v 1.93965928 -0.95968162 1.33923508
v 1.95944708 -0.97290341 1.34519632
v 1.97962543 -0.98638615 1.34879618
v 1.97838915 -0.98844876 -0.34879618
v 1.95698642 -0.97700876 -0.34519632
v 1.93599794 -0.96579019 -0.33923508
v 1.91562584 -0.95490107 -0.33096988
v 1.89606630 -0.94444628 -0.32048032
v 1.87750770 -0.93452650 -0.30786740
v 1.86012877 -0.92523727 -0.29325261
v 1.84409687 -0.91666804 -0.27677670
v 1.82956641 -0.90890135 -0.25859832
v 1.81667732 -0.90201198 -0.23889256
v 1.80555372 -0.89606630 -0.21784918
v 1.79630275 -0.89112155 -0.19567086
v 1.78901349 -0.88722536 -0.17257117
v 1.78375615 -0.88441525 -0.14877258
v 1.78058136 -0.88271829 -0.12450429
v 1.77951968 -0.88215082 -0.10000000
v 1.77951968 -0.88215082 1.10000000
v 1.78058136 -0.88271829 1.12450429
v 1.78375615 -0.88441525 1.14877258
v 1.78901349 -0.88722536 1.17257117
v 1.79630275 -0.89112155 1.19567086
v 1.80555372 -0.89606630 1.21784918
v 1.81667732 -0.90201198 1.23889256
v 1.82956641 -0.90890135 1.25859832
v 1.84409687 -0.91666804 1.27677670
v 1.86012877 -0.92523727 1.29325261
v 1.87750770 -0.93452650 1.30786740
v 1.89606630 -0.94444628 1.32048032
v 1.91562584 -0.95490107 1.33096988
v 1.93599794 -0.96579019 1.33923508
v 1.95698642 -0.97700876 1.34519632
v 1.97838915 -0.98844876 1.34879618
v 1.97736099 -0.99062262 -0.34879618
v 1.95494001 -0.98133554 -0.34519632
v 1.93295298 -0.97222822 -0.33923508
v 1.91161165 -0.96338835 -0.33096988
v 1.89112155 -0.95490107 -0.32048032
v 1.87168001 -0.94684812 -0.30786740
v 1.85347426 -0.93930705 -0.29325261
v 1.83667963 -0.93235049 -0.27677670
v 1.82145787 -0.92604543 -0.25859832
v 1.80795556 -0.92045259 -0.23889256
v 1.79630275 -0.91562584 -0.21784918
v 1.78661165 -0.91161165 -0.19567086
v 1.77897560 -0.90844870 -0.17257117
v 1.77346814 -0.90616743 -0.14877258
v 1.77014230 -0.90478982 -0.12450429
v 1.76903012 -0.90432914 -0.10000000
v 1.76903012 -0.90432914 1.10000000
v 1.77014230 -0.90478982 1.12450429
v 1.77346814 -0.90616743 1.14877258
v 1.77897560 -0.90844870 1.17257117
v 1.78661165 -0.91161165 1.19567086
v 1.79630275 -0.91562584 1.21784918
v 1.80795556 -0.92045259 1.23889256
v 1.82145787 -0.92604543 1.25859832
v 1.83667963 -0.93235049 1.27677670
v 1.85347426 -0.93930705 1.29325261
v 1.87168001 -0.94684812 1.30786740
v 1.89112155 -0.95490107 1.32048032
v 1.91161165 -0.96338835 1.33096988
v 1.93295298 -0.97222822 1.33923508
v 1.95494001 -0.98133554 1.34519632
v 1.97736099 -0.99062262 1.34879618
v 1.97655086 -0.99288678 -0.34879618
v 1.95332755 -0.98584207 -0.34519632
v 1.93055372 -0.97893370 -0.33923508
v 1.90844870 -0.97222822 -0.33096988
v 1.88722536 -0.96579019 -0.32048032
v 1.86708811 -0.95968162 -0.30786740
v 1.84823087 -0.95396134 -0.29325261
v 1.83083525 -0.94868443 -0.27677670
v 1.81506878 -0.94390173 -0.25859832
v 1.80108330 -0.93965928 -0.23889256
v 1.78901349 -0.93599794 -0.21784918
v 1.77897560 -0.93295298 -0.19567086
v 1.77106630 -0.93055372 -0.17257117
v 1.76536175 -0.92882327 -0.14877258
v 1.76191690 -0.92777828 -0.12450429
v 1.76076492 -0.92742883 -0.10000000
v 1.76076492 -0.92742883 1.10000000
v 1.76191690 -0.92777828 1.12450429
v 1.76536175 -0.92882327 1.14877258
v 1.77106630 -0.93055372 1.17257117
v 1.77897560 -0.93295298 1.19567086
v 1.78901349 -0.93599794 1.21784918
v 1.80108330 -0.93965928 1.23889256
v 1.81506878 -0.94390173 1.25859832
v 1.83083525 -0.94868443 1.27677670
v 1.84823087 -0.95396134 1.29325261
v 1.86708811 -0.95968162 1.30786740
v 1.88722536 -0.96579019 1.32048032
v 1.90844870 -0.97222822 1.33096988
v 1.93055372 -0.97893370 1.33923508
v 1.95332755 -0.98584207 1.34519632
v 1.97655086 -0.99288678 1.34879618
v 1.97596656 -0.99521945 -0.34879618
v 1.95216457 -0.99048494 -0.34519632
v 1.92882327 -0.98584207 -0.33923508
v 1.90616743 -0.98133554 -0.33096988
v 1.88441525 -0.97700876 -0.32048032
v 1.86377622 -0.97290341 -0.30786740
v 1.84444910 -0.96905900 -0.29325261
v 1.82662002 -0.96551258 -0.27677670
v 1.81046068 -0.96229829 -0.25859832
v 1.79612671 -0.95944708 -0.23889256
v 1.78375615 -0.95698642 -0.21784918
v 1.77346814 -0.95494001 -0.19567086
v 1.76536175 -0.95332755 -0.17257117
v 1.75951506 -0.95216457 -0.14877258
v 1.75598437 -0.95146227 -0.12450429
v 1.75480368 -0.95122742 -0.10000000
v 1.75480368 -0.95122742 1.10000000
v 1.75598437 -0.95146227 1.12450429
v 1.75951506 -0.95216457 1.14877258
v 1.76536175 -0.95332755 1.17257117
v 1.77346814 -0.95494001 1.19567086
v 1.78375615 -0.95698642 1.21784918
v 1.79612671 -0.95944708 1.23889256
v 1.81046068 -0.96229829 1.25859832
v 1.82662002 -0.96551258 1.27677670
v 1.84444910 -0.96905900 1.29325261
v 1.86377622 -0.97290341 1.30786740
v 1.88441525 -0.97700876 1.32048032
v 1.90616743 -0.98133554 1.33096988
v 1.92882327 -0.98584207 1.33923508
v 1.95216457 -0.99048494 1.34519632
v 1.97596656 -0.99521945 1.34879618
v 1.97561371 -0.99759816 -0.34879618
v 1.95146227 -0.99521945 -0.34519632
v 1.92777828 -0.99288678 -0.33923508
v 1.90478982 -0.99062262 -0.33096988
v 1.88271829 -0.98844876 -0.32048032
v 1.86177625 -0.98638615 -0.30786740
v 1.84216537 -0.98445465 -0.29325261
v 1.82407453 -0.98267285 -0.27677670
v 1.80767795 -0.98105793 -0.25859832
v 1.79313354 -0.97962543 -0.23889256
v 1.78058136 -0.97838915 -0.21784918
v 1.77014230 -0.97736099 -0.19567086
v 1.76191690 -0.97655086 -0.17257117
v 1.75598437 -0.97596656 -0.14877258
v 1.75240184 -0.97561371 -0.12450429
v 1.75120382 -0.97549571 -0.10000000
v 1.75120382 -0.97549571 1.10000000
v 1.75240184 -0.97561371 1.12450429
v 1.75598437 -0.97596656 1.14877258
v 1.76191690 -0.97655086 1.17257117
v 1.77014230 -0.97736099 1.19567086
v 1.78058136 -0.97838915 1.21784918
v 1.79313354 -0.97962543 1.23889256
v 1.80767795 -0.98105793 1.25859832
v 1.82407453 -0.98267285 1.27677670
v 1.84216537 -0.98445465 1.29325261
v 1.86177625 -0.98638615 1.30786740
v 1.88271829 -0.98844876 1.32048032
v 1.90478982 -0.99062262 1.33096988
v 1.92777828 -0.99288678 1.33923508
v 1.95146227 -0.99521945 1.34519632
v 1.97561371 -0.99759816 1.34879618
v 1.97549571 -1.00000000 -0.34879618
v 1.95122742 -1.00000000 -0.34519632
v 1.92742883 -1.00000000 -0.33923508
v 1.90432914 -1.00000000 -0.33096988
v 1.88215082 -1.00000000 -0.32048032
v 1.86110744 -1.00000000 -0.30786740
v 1.84140168 -1.00000000 -0.29325261
v 1.82322330 -1.00000000 -0.27677670
v 1.80674739 -1.00000000 -0.25859832
v 1.79213260 -1.00000000 -0.23889256
v 1.77951968 -1.00000000 -0.21784918
v 1.76903012 -1.00000000 -0.19567086
v 1.76076492 -1.00000000 -0.17257117
v 1.75480368 -1.00000000 -0.14877258
v 1.75120382 -1.00000000 -0.12450429
v 1.75000000 -1.00000000 -0.10000000
v 1.75000000 -1.00000000 1.10000000
v 1.75120382 -1.00000000 1.12450429
v 1.75480368 -1.00000000 1.14877258
v 1.76076492 -1.00000000 1.17257117
v 1.76903012 -1.00000000 1.19567086
v 1.77951968 -1.00000000 1.21784918
v 1.79213260 -1.00000000 1.23889256
v 1.80674739 -1.00000000 1.25859832
v 1.82322330 -1.00000000 1.27677670
v 1.84140168 -1.00000000 1.29325261
v 1.86110744 -1.00000000 1.30786740
v 1.88215082 -1.00000000 1.32048032
v 1.90432914 -1.00000000 1.33096988
v 1.92742883 -1.00000000 1.33923508
v 1.95122742 -1.00000000 1.34519632
v 1.97549571 -1.00000000 1.34879618
v 1.97561371 -1.00240184 -0.34879618
v 1.95146227 -1.00478055 -0.34519632
v 1.92777828 -1.00711322 -0.33923508
v 1.90478982 -1.00937738 -0.33096988
v 1.88271829 -1.01155124 -0.32048032
v 1.86177625 -1.01361385 -0.30786740
v 1.84216537 -1.01554535 -0.29325261
v 1.82407453 -1.01732715 -0.27677670
v 1.80767795 -1.01894207 -0.25859832
v 1.79313354 -1.02037457 -0.23889256
v 1.78058136 -1.02161085 -0.21784918
v 1.77014230 -1.02263901 -0.19567086
v 1.76191690 -1.02344914 -0.17257117
v 1.75598437 -1.02403344 -0.14877258
v 1.75240184 -1.02438629 -0.12450429
v 1.75120382 -1.02450429 -0.10000000
v 1.75120382 -1.02450429 1.10000000
v 1.75240184 -1.02438629 1.12450429
v 1.75598437 -1.02403344 1.14877258
v 1.76191690 -1.02344914 1.17257117
v 1.77014230 -1.02263901 1.19567086
v 1.78058136 -1.02161085 1.21784918
v 1.79313354 -1.02037457 1.23889256
v 1.80767795 -1.01894207 1.25859832
v 1.82407453 -1.01732715 1.27677670
v 1.84216537 -1.01554535 1.29325261
v 1.86177625 -1.01361385 1.30786740
v 1.88271829 -1.01155124 1.32048032
v 1.90478982 -1.00937738 1.33096988
v 1.92777828 -1.00711322 1.33923508
v 1.95146227 -1.00478055 1.34519632
v 1.97561371 -1.00240184 1.34879618
v 1.97596656 -1.00478055 -0.34879618
v 1.95216457 -1.00951506 -0.34519632
v 1.92882327 -1.01415793 -0.33923508
v 1.90616743 -1.01866446 -0.33096988
v 1.88441525 -1.02299124 -0.32048032
v 1.86377622 -1.02709659 -0.30786740
v 1.84444910 -1.03094100 -0.29325261
v 1.82662002 -1.03448742 -0.27677670
v 1.81046068 -1.03770171 -0.25859832
v 1.79612671 -1.04055292 -0.23889256
v 1.78375615 -1.04301358 -0.21784918
v 1.77346814 -1.04505999 -0.19567086
v 1.76536175 -1.04667245 -0.17257117
v 1.75951506 -1.04783543 -0.14877258
v 1.75598437 -1.04853773 -0.12450429
v 1.75480368 -1.04877258 -0.10000000
v 1.75480368 -1.04877258 1.10000000
v 1.75598437 -1.04853773 1.12450429
v 1.75951506 -1.04783543 1.14877258
v 1.76536175 -1.04667245 1.17257117
v 1.77346814 -1.04505999 1.19567086
v 1.78375615 -1.04301358 1.21784918
v 1.79612671 -1.04055292 1.23889256
v 1.81046068 -1.03770171 1.25859832
v 1.82662002 -1.03448742 1.27677670
v 1.84444910 -1.03094100 1.29325261
v 1.86377622 -1.02709659 1.30786740
v 1.88441525 -1.02299124 1.32048032
v 1.90616743 -1.01866446 1.33096988
v 1.92882327 -1.01415793 1.33923508
v 1.95216457 -1.00951506 1.34519632
v 1.97596656 -1.00478055 1.34879618
v 1.97655086 -1.00711322 -0.34879618
v 1.95332755 -1.01415793 -0.34519632
v 1.93055372 -1.02106630 -0.33923508
v 1.90844870 -1.02777178 -0.33096988
v 1.88722536 -1.03420981 -0.32048032
v 1.86708811 -1.04031838 -0.30786740
v 1.84823087 -1.04603866 -0.29325261
v 1.83083525 -1.05131557 -0.27677670
v 1.81506878 -1.05609827 -0.25859832
v 1.80108330 -1.06034072 -0.23889256
v 1.78901349 -1.06400206 -0.21784918
v 1.77897560 -1.06704702 -0.19567086
v 1.77106630 -1.06944628 -0.17257117
v 1.76536175 -1.07117673 -0.14877258
v 1.76191690 -1.07222172 -0.12450429
v 1.76076492 -1.07257117 -0.10000000
v 1.76076492 -1.07257117 1.10000000
v 1.76191690 -1.07222172 1.12450429
v 1.76536175 -1.07117673 1.14877258
v 1.77106630 -1.06944628 1.17257117
v 1.77897560 -1.06704702 1.19567086
v 1.78901349 -1.06400206 1.21784918
v 1.80108330 -1.06034072 1.23889256
v 1.81506878 -1.05609827 1.25859832
v 1.83083525 -1.05131557 1.27677670
v 1.84823087 -1.04603866 1.29325261
v 1.86708811 -1.04031838 1.30786740
v 1.88722536 -1.03420981 1.32048032
v 1.90844870 -1.02777178 1.33096988
v 1.93055372 -1.02106630 1.33923508
v 1.95332755 -1.01415793 1.34519632
v 1.97655086 -1.00711322 1.34879618
v 1.97736099 -1.00937738 -0.34879618
v 1.95494001 -1.01866446 -0.34519632
v 1.93295298 -1.02777178 -0.33923508
v 1.91161165 -1.03661165 -0.33096988
v 1.89112155 -1.04509893 -0.32048032
v 1.87168001 -1.05315188 -0.30786740
v 1.85347426 -1.06069295 -0.29325261
v 1.83667963 -1.06764951 -0.27677670
v 1.82145787 -1.07395457 -0.25859832
v 1.80795556 -1.07954741 -0.23889256
v 1.79630275 -1.08437416 -0.21784918
v 1.78661165 -1.08838835 -0.19567086
v 1.77897560 -1.09155130 -0.17257117
v 1.77346814 -1.09383257 -0.14877258
v 1.77014230 -1.09521018 -0.12450429
v 1.76903012 -1.09567086 -0.10000000
v 1.76903012 -1.09567086 1.10000000
v 1.77014230 -1.09521018 1.12450429
v 1.77346814 -1.09383257 1.14877258
v 1.77897560 -1.09155130 1.17257117
v 1.78661165 -1.08838835 1.19567086
v 1.79630275 -1.08437416 1.21784918
v 1.80795556 -1.07954741 1.23889256
v 1.82145787 -1.07395457 1.25859832
v 1.83667963 -1.06764951 1.27677670
v 1.85347426 -1.06069295 1.29325261
v 1.87168001 -1.05315188 1.30786740
v 1.89112155 -1.04509893 1.32048032
v 1.91161165 -1.03661165 1.33096988
v 1.93295298 -1.02777178 1.33923508
v 1.95494001 -1.01866446 1.34519632
v 1.97736099 -1.00937738 1.34879618
v 1.97838915 -1.01155124 -0.34879618
v 1.95698642 -1.02299124 -0.34519632
v 1.93599794 -1.03420981 -0.33923508
v 1.91562584 -1.04509893 -0.33096988
v 1.89606630 -1.05555372 -0.32048032
v 1.87750770 -1.06547350 -0.30786740
v 1.86012877 -1.07476273 -0.29325261
v 1.84409687 -1.08333196 -0.27677670
v 1.82956641 -1.09109865 -0.25859832
v 1.81667732 -1.09798802 -0.23889256
v 1.80555372 -1.10393370 -0.21784918
v 1.79630275 -1.10887845 -0.19567086
v 1.78901349 -1.11277464 -0.17257117
v 1.78375615 -1.11558475 -0.14877258
v 1.78058136 -1.11728171 -0.12450429
v 1.77951968 -1.11784918 -0.10000000
v 1.77951968 -1.11784918 1.10000000
v 1.78058136 -1.11728171 1.12450429
v 1.78375615 -1.11558475 1.14877258
v 1.78901349 -1.11277464 1.17257117
v 1.79630275 -1.10887845 1.19567086
v 1.80555372 -1.10393370 1.21784918
v 1.81667732 -1.09798802 1.23889256
v 1.82956641 -1.09109865 1.25859832
v 1.84409687 -1.08333196 1.27677670
v 1.86012877 -1.07476273 1.29325261
v 1.87750770 -1.06547350 1.30786740
v 1.89606630 -1.05555372 1.32048032
v 1.91562584 -1.04509893 1.33096988
v 1.93599794 -1.03420981 1.33923508
v 1.95698642 -1.02299124 1.34519632
v 1.97838915 -1.01155124 1.34879618
v 1.97962543 -1.01361385 -0.34879618
v 1.95944708 -1.02709659 -0.34519632
v 1.93965928 -1.04031838 -0.33923508
v 1.92045259 -1.05315188 -0.33096988
v 1.90201198 -1.06547350 -0.32048032
v 1.88451506 -1.07716457 -0.30786740
v 1.86813032 -1.08811251 -0.29325261
v 1.85301555 -1.09821187 -0.27677670
v 1.83931632 -1.10736540 -0.25859832
v 1.82716457 -1.11548494 -0.23889256
v 1.81667732 -1.12249230 -0.21784918
v 1.80795556 -1.12831999 -0.19567086
v 1.80108330 -1.13291189 -0.17257117
v 1.79612671 -1.13622378 -0.14877258
v 1.79313354 -1.13822375 -0.12450429
v 1.79213260 -1.13889256 -0.10000000
v 1.79213260 -1.13889256 1.10000000
v 1.79313354 -1.13822375 1.12450429
v 1.79612671 -1.13622378 1.14877258
v 1.80108330 -1.13291189 1.17257117
v 1.80795556 -1.12831999 1.19567086
v 1.81667732 -1.12249230 1.21784918
v 1.82716457 -1.11548494 1.23889256
v 1.83931632 -1.10736540 1.25859832
v 1.85301555 -1.09821187 1.27677670
v 1.86813032 -1.08811251 1.29325261
v 1.88451506 -1.07716457 1.30786740
v 1.90201198 -1.06547350 1.32048032
v 1.92045259 -1.05315188 1.33096988
v 1.93965928 -1.04031838 1.33923508
v 1.95944708 -1.02709659 1.34519632
v 1.97962543 -1.01361385 1.34879618
v 1.98105793 -1.01554535 -0.34879618
v 1.96229829 -1.03094100 -0.34519632
v 1.94390173 -1.04603866 -0.33923508
v 1.92604543 -1.06069295 -0.33096988
v 1.90890135 -1.07476273 -0.32048032
v 1.89263460 -1.08811251 -0.30786740
v 1.87740184 -1.10061371 -0.29325261
v 1.86334977 -1.11214595 -0.27677670
v 1.85061371 -1.12259816 -0.25859832
v 1.83931632 -1.13186968 -0.23889256
v 1.82956641 -1.13987123 -0.21784918
v 1.82145787 -1.14652574 -0.19567086
v 1.81506878 -1.15176913 -0.17257117
v 1.81046068 -1.15555090 -0.14877258
v 1.80767795 -1.15783463 -0.12450429
v 1.80674739 -1.15859832 -0.10000000
v 1.80674739 -1.15859832 1.10000000
v 1.80767795 -1.15783463 1.12450429
v 1.81046068 -1.15555090 1.14877258
v 1.81506878 -1.15176913 1.17257117
v 1.82145787 -1.14652574 1.19567086
v 1.82956641 -1.13987123 1.21784918
v 1.83931632 -1.13186968 1.23889256
v 1.85061371 -1.12259816 1.25859832
v 1.86334977 -1.11214595 1.27677670
v 1.87740184 -1.10061371 1.29325261
v 1.89263460 -1.08811251 1.30786740
v 1.90890135 -1.07476273 1.32048032
v 1.92604543 -1.06069295 1.33096988
v 1.94390173 -1.04603866 1.33923508
v 1.96229829 -1.03094100 1.34519632
v 1.98105793 -1.01554535 1.34879618
v 1.98267285 -1.01732715 -0.34879618
v 1.96551258 -1.03448742 -0.34519632
v 1.94868443 -1.05131557 -0.33923508
v 1.93235049 -1.06764951 -0.33096988
v 1.91666804 -1.08333196 -0.32048032
v 1.90178813 -1.09821187 -0.30786740
v 1.88785405 -1.11214595 -0.29325261
v 1.87500000 -1.12500000 -0.27677670
v 1.86334977 -1.13665023 -0.25859832
v 1.85301555 -1.14698445 -0.23889256
v 1.84409687 -1.15590313 -0.21784918
v 1.83667963 -1.16332037 -0.19567086
v 1.83083525 -1.16916475 -0.17257117
v 1.82662002 -1.17337998 -0.14877258
v 1.82407453 -1.17592547 -0.12450429
v 1.82322330 -1.17677670 -0.10000000
v 1.82322330 -1.17677670 1.10000000
v 1.82407453 -1.17592547 1.12450429
v 1.82662002 -1.17337998 1.14877258
v 1.83083525 -1.16916475 1.17257117
v 1.83667963 -1.16332037 1.19567086
v 1.84409687 -1.15590313 1.21784918
v 1.85301555 -1.14698445 1.23889256
v 1.86334977 -1.13665023 1.25859832
v 1.87500000 -1.12500000 1.27677670
v 1.88785405 -1.11214595 1.29325261
v 1.90178813 -1.09821187 1.30786740
v 1.91666804 -1.08333196 1.32048032
v 1.93235049 -1.06764951 1.33096988
v 1.94868443 -1.05131557 1.33923508
v 1.96551258 -1.03448742 1.34519632
v 1.98267285 -1.01732715 1.34879618
v 1.98445465 -1.01894207 -0.34879618
v 1.96905900 -1.03770171 -0.34519632
v 1.95396134 -1.05609827 -0.33923508
v 1.93930705 -1.07395457 -0.33096988
v 1.92523727 -1.09109865 -0.32048032
v 1.91188749 -1.10736540 -0.30786740
v 1.89938629 -1.12259816 -0.29325261
v 1.88785405 -1.13665023 -0.27677670
v 1.87740184 -1.14938629 -0.25859832
v 1.86813032 -1.16068368 -0.23889256
v 1.86012877 -1.17043359 -0.21784918
v 1.85347426 -1.17854213 -0.19567086
v 1.84823087 -1.18493122 -0.17257117
v 1.84444910 -1.18953932 -0.14877258
v 1.84216537 -1.19232205 -0.12450429
v 1.84140168 -1.19325261 -0.10000000
v 1.84140168 -1.19325261 1.10000000
v 1.84216537 -1.19232205 1.12450429
v 1.84444910 -1.18953932 1.14877258
v 1.84823087 -1.18493122 1.17257117
v 1.85347426 -1.17854213 1.19567086
v 1.86012877 -1.17043359 1.21784918
v 1.86813032 -1.16068368 1.23889256
v 1.87740184 -1.14938629 1.25859832
v 1.88785405 -1.13665023 1.27677670
v 1.89938629 -1.12259816 1.29325261
v 1.91188749 -1.10736540 1.30786740
v 1.92523727 -1.09109865 1.32048032
v 1.93930705 -1.07395457 1.33096988
v 1.95396134 -1.05609827 1.33923508
v 1.96905900 -1.03770171 1.34519632
v 1.98445465 -1.01894207 1.34879618
v 1.98638615 -1.02037457 -0.34879618
v 1.97290341 -1.04055292 -0.34519632
v 1.95968162 -1.06034072 -0.33923508
v 1.94684812 -1.07954741 -0.33096988
v 1.93452650 -1.09798802 -0.32048032
v 1.92283543 -1.11548494 -0.30786740
v 1.91188749 -1.13186968 -0.29325261
v 1.90178813 -1.14698445 -0.27677670
v 1.89263460 -1.16068368 -0.25859832
v 1.88451506 -1.17283543 -0.23889256
v 1.87750770 -1.18332268 -0.21784918
v 1.87168001 -1.19204444 -0.19567086
v 1.86708811 -1.19891670 -0.17257117
v 1.86377622 -1.20387329 -0.14877258
v 1.86177625 -1.20686646 -0.12450429
v 1.86110744 -1.20786740 -0.10000000
v 1.86110744 -1.20786740 1.10000000
v 1.86177625 -1.20686646 1.12450429
v 1.86377622 -1.20387329 1.14877258
v 1.86708811 -1.19891670 1.17257117
v 1.87168001 -1.19204444 1.19567086
v 1.87750770 -1.18332268 1.21784918
v 1.88451506 -1.17283543 1.23889256
v 1.89263460 -1.16068368 1.25859832
v 1.90178813 -1.14698445 1.27677670
v 1.91188749 -1.13186968 1.29325261
v 1.92283543 -1.11548494 1.30786740
v 1.93452650 -1.09798802 1.32048032
v 1.94684812 -1.07954741 1.33096988
v 1.95968162 -1.06034072 1.33923508
v 1.97290341 -1.04055292 1.34519632
v 1.98638615 -1.02037457 1.34879618
v 1.98844876 -1.02161085 -0.34879618
v 1.97700876 -1.04301358 -0.34519632
v 1.96579019 -1.06400206 -0.33923508
v 1.95490107 -1.08437416 -0.33096988
v 1.94444628 -1.10393370 -0.32048032
v 1.93452650 -1.12249230 -0.30786740
v 1.92523727 -1.13987123 -0.29325261
v 1.91666804 -1.15590313 -0.27677670
v 1.90890135 -1.17043359 -0.25859832
v 1.90201198 -1.18332268 -0.23889256
v 1.89606630 -1.19444628 -0.21784918
v 1.89112155 -1.20369725 -0.19567086
v 1.88722536 -1.21098651 -0.17257117
v 1.88441525 -1.21624385 -0.14877258
v 1.88271829 -1.21941864 -0.12450429
v 1.88215082 -1.22048032 -0.10000000
v 1.88215082 -1.22048032 1.10000000
v 1.88271829 -1.21941864 1.12450429
v 1.88441525 -1.21624385 1.14877258
v 1.88722536 -1.21098651 1.17257117
v 1.89112155 -1.20369725 1.19567086
v 1.89606630 -1.19444628 1.21784918
v 1.90201198 -1.18332268 1.23889256
v 1.90890135 -1.17043359 1.25859832
v 1.91666804 -1.15590313 1.27677670
v 1.92523727 -1.13987123 1.29325261
v 1.93452650 -1.12249230 1.30786740
v 1.94444628 -1.10393370 1.32048032
v 1.95490107 -1.08437416 1.33096988
v 1.96579019 -1.06400206 1.33923508
v 1.97700876 -1.04301358 1.34519632
v 1.98844876 -1.02161085 1.34879618
v 1.99062262 -1.02263901 -0.34879618
v 1.98133554 -1.04505999 -0.34519632
v 1.97222822 -1.06704702 -0.33923508
v 1.96338835 -1.08838835 -0.33096988
v 1.95490107 -1.10887845 -0.32048032
v 1.94684812 -1.12831999 -0.30786740
v 1.93930705 -1.14652574 -0.29325261
v 1.93235049 -1.16332037 -0.27677670
v 1.92604543 -1.17854213 -0.25859832
v 1.92045259 -1.19204444 -0.23889256
v 1.91562584 -1.20369725 -0.21784918
v 1.91161165 -1.21338835 -0.19567086
v 1.90844870 -1.22102440 -0.17257117
v 1.90616743 -1.22653186 -0.14877258
v 1.90478982 -1.22985770 -0.12450429
v 1.90432914 -1.23096988 -0.10000000
v 1.90432914 -1.23096988 1.10000000
v 1.90478982 -1.22985770 1.12450429
v 1.90616743 -1.22653186 1.14877258
v 1.90844870 -1.22102440 1.17257117
v 1.91161165 -1.21338835 1.19567086
v 1.91562584 -1.20369725 1.21784918
v 1.92045259 -1.19204444 1.23889256
v 1.92604543 -1.17854213 1.25859832
v 1.93235049 -1.16332037 1.27677670
v 1.93930705 -1.14652574 1.29325261
v 1.94684812 -1.12831999 1.30786740
v 1.95490107 -1.10887845 1.32048032
v 1.96338835 -1.08838835 1.33096988
v 1.97222822 -1.06704702 1.33923508
v 1.98133554 -1.04505999 1.34519632
v 1.99062262 -1.02263901 1.34879618
v 1.99288678 -1.02344914 -0.34879618
v 1.98584207 -1.04667245 -0.34519632
v 1.97893370 -1.06944628 -0.33923508
v 1.97222822 -1.09155130 -0.33096988
v 1.96579019 -1.11277464 -0.32048032
v 1.95968162 -1.13291189 -0.30786740
v 1.95396134 -1.15176913 -0.29325261
v 1.94868443 -1.16916475 -0.27677670
v 1.94390173 -1.18493122 -0.25859832
v 1.93965928 -1.19891670 -0.23889256
v 1.93599794 -1.21098651 -0.21784918
v 1.93295298 -1.22102440 -0.19567086
v 1.93055372 -1.22893370 -0.17257117
v 1.92882327 -1.23463825 -0.14877258
v 1.92777828 -1.23808310 -0.12450429
v 1.92742883 -1.23923508 -0.10000000
v 1.92742883 -1.23923508 1.10000000
v 1.92777828 -1.23808310 1.12450429
v 1.92882327 -1.23463825 1.14877258
v 1.93055372 -1.22893370 1.17257117
v 1.93295298 -1.22102440 1.19567086
v 1.93599794 -1.21098651 1.21784918
v 1.93965928 -1.19891670 1.23889256
v 1.94390173 -1.18493122 1.25859832
v 1.94868443 -1.16916475 1.27677670
v 1.95396134 -1.15176913 1.29325261
v 1.95968162 -1.13291189 1.30786740
v 1.96579019 -1.11277464 1.32048032
v 1.97222822 -1.09155130 1.33096988
v 1.97893370 -1.06944628 1.33923508
v 1.98584207 -1.04667245 1.34519632
v 1.99288678 -1.02344914 1.34879618
v 1.99521945 -1.02403344 -0.34879618
v 1.99048494 -1.04783543 -0.34519632
v 1.98584207 -1.07117673 -0.33923508
v 1.98133554 -1.09383257 -0.33096988
v 1.97700876 -1.11558475 -0.32048032
v 1.97290341 -1.13622378 -0.30786740
v 1.96905900 -1.15555090 -0.29325261
v 1.96551258 -1.17337998 -0.27677670
v 1.96229829 -1.18953932 -0.25859832
v 1.95944708 -1.20387329 -0.23889256
v 1.95698642 -1.21624385 -0.21784918
v 1.95494001 -1.22653186 -0.19567086
v 1.95332755 -1.23463825 -0.17257117
v 1.95216457 -1.24048494 -0.14877258
v 1.95146227 -1.24401563 -0.12450429
v 1.95122742 -1.24519632 -0.10000000
v 1.95122742 -1.24519632 1.10000000
v 1.95146227 -1.24401563 1.12450429
v 1.95216457 -1.24048494 1.14877258
v 1.95332755 -1.23463825 1.17257117
v 1.95494001 -1.22653186 1.19567086
v 1.95698642 -1.21624385 1.21784918
v 1.95944708 -1.20387329 1.23889256
v 1.96229829 -1.18953932 1.25859832
v 1.96551258 -1.17337998 1.27677670
v 1.96905900 -1.15555090 1.29325261
v 1.97290341 -1.13622378 1.30786740
v 1.97700876 -1.11558475 1.32048032
v 1.98133554 -1.09383257 1.33096988
v 1.98584207 -1.07117673 1.33923508
v 1.99048494 -1.04783543 1.34519632
v 1.99521945 -1.02403344 1.34879618
v 1.99759816 -1.02438629 -0.34879618
v 1.99521945 -1.04853773 -0.34519632
v 1.99288678 -1.07222172 -0.33923508
v 1.99062262 -1.09521018 -0.33096988
v 1.98844876 -1.11728171 -0.32048032
v 1.98638615 -1.13822375 -0.30786740
v 1.98445465 -1.15783463 -0.29325261
v 1.98267285 -1.17592547 -0.27677670
v 1.98105793 -1.19232205 -0.25859832
v 1.97962543 -1.20686646 -0.23889256
v 1.97838915 -1.21941864 -0.21784918
v 1.97736099 -1.22985770 -0.19567086
v 1.97655086 -1.23808310 -0.17257117
v 1.97596656 -1.24401563 -0.14877258
v 1.97561371 -1.24759816 -0.12450429
v 1.97549571 -1.24879618 -0.10000000
v 1.97549571 -1.24879618 1.10000000
v 1.97561371 -1.24759816 1.12450429
v 1.97596656 -1.24401563 1.14877258
v 1.97655086 -1.23808310 1.17257117
v 1.97736099 -1.22985770 1.19567086
v 1.97838915 -1.21941864 1.21784918
v 1.97962543 -1.20686646 1.23889256
v 1.98105793 -1.19232205 1.25859832
v 1.98267285 -1.17592547 1.27677670
v 1.98445465 -1.15783463 1.29325261
v 1.98638615 -1.13822375 1.30786740
v 1.98844876 -1.11728171 1.32048032
v 1.99062262 -1.09521018 1.33096988
v 1.99288678 -1.07222172 1.33923508
v 1.99521945 -1.04853773 1.34519632
v 1.99759816 -1.02438629 1.34879618
v 2.00000000 -1.02450429 -0.34879618
v 2.00000000 -1.04877258 -0.34519632
v 2.00000000 -1.07257117 -0.33923508
v 2.00000000 -1.09567086 -0.33096988
v 2.00000000 -1.11784918 -0.32048032
v 2.00000000 -1.13889256 -0.30786740
v 2.00000000 -1.15859832 -0.29325261
v 2.00000000 -1.17677670 -0.27677670
v 2.00000000 -1.19325261 -0.25859832
v 2.00000000 -1.20786740 -0.23889256
v 2.00000000 -1.22048032 -0.21784918
v 2.00000000 -1.23096988 -0.19567086
v 2.00000000 -1.23923508 -0.17257117
v 2.00000000 -1.24519632 -0.14877258
v 2.00000000 -1.24879618 -0.12450429
v 2.00000000 -1.25000000 -0.10000000
v 2.00000000 -1.25000000 1.10000000
v 2.00000000 -1.24879618 1.12450429
v 2.00000000 -1.24519632 1.14877258
v 2.00000000 -1.23923508 1.17257117
v 2.00000000 -1.23096988 1.19567086
v 2.00000000 -1.22048032 1.21784918
v 2.00000000 -1.20786740 1.23889256
v 2.00000000 -1.19325261 1.25859832
v 2.00000000 -1.17677670 1.27677670
v 2.00000000 -1.15859832 1.29325261
v 2.00000000 -1.13889256 1.30786740
v 2.00000000 -1.11784918 1.32048032
v 2.00000000 -1.09567086 1.33096988
v 2.00000000 -1.07257117 1.33923508
v 2.00000000 -1.04877258 1.34519632
v 2.00000000 -1.02450429 1.34879618
v 2.00240184 -1.02438629 -0.34879618
v 2.00478055 -1.04853773 -0.34519632
v 2.00711322 -1.07222172 -0.33923508
v 2.00937738 -1.09521018 -0.33096988
v 2.01155124 -1.11728171 -0.32048032
v 2.01361385 -1.13822375 -0.30786740
v 2.01554535 -1.15783463 -0.29325261
v 2.01732715 -1.17592547 -0.27677670
v 2.01894207 -1.19232205 -0.25859832
v 2.02037457 -1.20686646 -0.23889256
v 2.02161085 -1.21941864 -0.21784918
v 2.02263901 -1.22985770 -0.19567086
v 2.02344914 -1.23808310 -0.17257117
v 2.02403344 -1.24401563 -0.14877258
v 2.02438629 -1.24759816 -0.12450429
v 2.02450429 -1.24879618 -0.10000000
v 2.02450429 -1.24879618 1.10000000
v 2.02438629 -1.24759816 1.12450429
v 2.02403344 -1.24401563 1.14877258
v 2.02344914 -1.23808310 1.17257117
v 2.02263901 -1.22985770 1.19567086
v 2.02161085 -1.21941864 1.21784918
v 2.02037457 -1.20686646 1.23889256
v 2.01894207 -1.19232205 1.25859832
v 2.01732715 -1.17592547 1.27677670
v 2.01554535 -1.15783463 1.29325261
v 2.01361385 -1.13822375 1.30786740
v 2.01155124 -1.11728171 1.32048032
v 2.00937738 -1.09521018 1.33096988
v 2.00711322 -1.07222172 1.33923508
v 2.00478055 -1.04853773 1.34519632
v 2.00240184 -1.02438629 1.34879618
v 2.00478055 -1.02403344 -0.34879618
v 2.00951506 -1.04783543 -0.34519632
v 2.01415793 -1.07117673 -0.33923508
v 2.01866446 -1.09383257 -0.33096988
v 2.02299124 -1.11558475 -0.32048032
v 2.02709659 -1.13622378 -0.30786740
v 2.03094100 -1.15555090 -0.29325261
v 2.03448742 -1.17337998 -0.27677670
v 2.03770171 -1.18953932 -0.25859832
v 2.04055292 -1.20387329 -0.23889256
v 2.04301358 -1.21624385 -0.21784918
v 2.04505999 -1.22653186 -0.19567086
v 2.04667245 -1.23463825 -0.17257117
v 2.04783543 -1.24048494 -0.14877258
v 2.04853773 -1.24401563 -0.12450429
v 2.04877258 -1.24519632 -0.10000000
v 2.04877258 -1.24519632 1.10000000
v 2.04853773 -1.24401563 1.12450429
v 2.04783543 -1.24048494 1.14877258
v 2.04667245 -1.23463825 1.17257117
v 2.04505999 -1.22653186 1.19567086
v 2.04301358 -1.21624385 1.21784918
v 2.04055292 -1.20387329 1.23889256
v 2.03770171 -1.18953932 1.25859832
v 2.03448742 -1.17337998 1.27677670
v 2.03094100 -1.15555090 1.29325261
v 2.02709659 -1.13622378 1.30786740
v 2.02299124 -1.11558475 1.32048032
v 2.01866446 -1.09383257 1.33096988
v 2.01415793 -1.07117673 1.33923508
v 2.00951506 -1.04783543 1.34519632
v 2.00478055 -1.02403344 1.34879618
v 2.00711322 -1.02344914 -0.34879618
v 2.01415793 -1.04667245 -0.34519632
v 2.02106630 -1.06944628 -0.33923508
v 2.02777178 -1.09155130 -0.33096988
v 2.03420981 -1.11277464 -0.32048032
v 2.04031838 -1.13291189 -0.30786740
v 2.04603866 -1.15176913 -0.29325261
v 2.05131557 -1.16916475 -0.27677670
v 2.05609827 -1.18493122 -0.25859832
v 2.06034072 -1.19891670 -0.23889256
v 2.06400206 -1.21098651 -0.21784918
v 2.06704702 -1.22102440 -0.19567086
v 2.06944628 -1.22893370 -0.17257117
v 2.07117673 -1.23463825 -0.14877258
v 2.07222172 -1.23808310 -0.12450429
v 2.07257117 -1.23923508 -0.10000000
v 2.07257117 -1.23923508 1.10000000
v 2.07222172 -1.23808310 1.12450429
v 2.07117673 -1.23463825 1.14877258
v 2.06944628 -1.22893370 1.17257117
v 2.06704702 -1.22102440 1.19567086
v 2.06400206 -1.21098651 1.21784918
v 2.06034072 -1.19891670 1.23889256
v 2.05609827 -1.18493122 1.25859832
v 2.05131557 -1.16916475 1.27677670
v 2.04603866 -1.15176913 1.29325261
v 2.04031838 -1.13291189 1.30786740
v 2.03420981 -1.11277464 1.32048032
v 2.02777178 -1.09155130 1.33096988
v 2.02106630 -1.06944628 1.33923508
v 2.01415793 -1.04667245 1.34519632
v 2.00711322 -1.02344914 1.34879618
v 2.00937738 -1.02263901 -0.34879618
v 2.01866446 -1.04505999 -0.34519632
v 2.02777178 -1.06704702 -0.33923508
v 2.03661165 -1.08838835 -0.33096988
v 2.04509893 -1.10887845 -0.32048032
v 2.05315188 -1.12831999 -0.30786740
v 2.06069295 -1.14652574 -0.29325261
v 2.06764951 -1.16332037 -0.27677670
v 2.07395457 -1.17854213 -0.25859832
v 2.07954741 -1.19204444 -0.23889256
v 2.08437416 -1.20369725 -0.21784918
v 2.08838835 -1.21338835 -0.19567086
v 2.09155130 -1.22102440 -0.17257117
v 2.09383257 -1.22653186 -0.14877258
v 2.09521018 -1.22985770 -0.12450429
v 2.09567086 -1.23096988 -0.10000000
v 2.09567086 -1.23096988 1.10000000
v 2.09521018 -1.22985770 1.12450429
v 2.09383257 -1.22653186 1.14877258
v 2.09155130 -1.22102440 1.17257117
v 2.08838835 -1.21338835 1.19567086
v 2.08437416 -1.20369725 1.21784918
v 2.07954741 -1.19204444 1.23889256
v 2.07395457 -1.17854213 1.25859832
v 2.06764951 -1.16332037 1.27677670
v 2.06069295 -1.14652574 1.29325261
v 2.05315188 -1.12831999 1.30786740
v 2.04509893 -1.10887845 1.32048032
v 2.03661165 -1.08838835 1.33096988
v 2.02777178 -1.06704702 1.33923508
v 2.01866446 -1.04505999 1.34519632
v 2.00937738 -1.02263901 1.34879618
v 2.01155124 -1.02161085 -0.34879618
v 2.02299124 -1.04301358 -0.34519632
v 2.03420981 -1.06400206 -0.33923508
v 2.04509893 -1.08437416 -0.33096988
v 2.05555372 -1.10393370 -0.32048032
v 2.06547350 -1.12249230 -0.30786740
v 2.07476273 -1.13987123 -0.29325261
v 2.08333196 -1.15590313 -0.27677670
v 2.09109865 -1.17043359 -0.25859832
v 2.09798802 -1.18332268 -0.23889256
v 2.10393370 -1.19444628 -0.21784918
v 2.10887845 -1.20369725 -0.19567086
v 2.11277464 -1.21098651 -0.17257117
v 2.11558475 -1.21624385 -0.14877258
v 2.11728171 -1.21941864 -0.12450429
v 2.11784918 -1.22048032 -0.10000000
v 2.11784918 -1.22048032 1.10000000
v 2.11728171 -1.21941864 1.12450429
v 2.11558475 -1.21624385 1.14877258
v 2.11277464 -1.21098651 1.17257117
v 2.10887845 -1.20369725 1.19567086
v 2.10393370 -1.19444628 1.21784918
v 2.09798802 -1.18332268 1.23889256
v 2.09109865 -1.17043359 1.25859832
v 2.08333196 -1.15590313 1.27677670
v 2.07476273 -1.13987123 1.29325261
v 2.06547350 -1.12249230 1.30786740
v 2.05555372 -1.10393370 1.32048032
v 2.04509893 -1.08437416 1.33096988
v 2.03420981 -1.06400206 1.33923508
v 2.02299124 -1.04301358 1.34519632
v 2.01155124 -1.02161085 1.34879618
v 2.01361385 -1.02037457 -0.34879618
v 2.02709659 -1.04055292 -0.34519632
v 2.04031838 -1.06034072 -0.33923508
v 2.05315188 -1.07954741 -0.33096988
v 2.06547350 -1.09798802 -0.32048032
v 2.07716457 -1.11548494 -0.30786740
v 2.08811251 -1.13186968 -0.29325261
v 2.09821187 -1.14698445 -0.27677670
v 2.10736540 -1.16068368 -0.25859832
v 2.11548494 -1.17283543 -0.23889256
v 2.12249230 -1.18332268 -0.21784918
v 2.12831999 -1.19204444 -0.19567086
v 2.13291189 -1.19891670 -0.17257117
v 2.13622378 -1.20387329 -0.14877258
v 2.13822375 -1.20686646 -0.12450429
v 2.13889256 -1.20786740 -0.10000000
v 2.13889256 -1.20786740 1.10000000
v 2.13822375 -1.20686646 1.12450429
v 2.13622378 -1.20387329 1.14877258
v 2.13291189 -1.19891670 1.17257117
v 2.12831999 -1.19204444 1.19567086
v 2.12249230 -1.18332268 1.21784918
v 2.11548494 -1.17283543 1.23889256
v 2.10736540 -1.16068368 1.25859832
v 2.09821187 -1.14698445 1.27677670
v 2.08811251 -1.13186968 1.29325261
v 2.07716457 -1.11548494 1.30786740
v 2.06547350 -1.09798802 1.32048032
v 2.05315188 -1.07954741 1.33096988
v 2.04031838 -1.06034072 1.33923508
v 2.02709659 -1.04055292 1.34519632
v 2.01361385 -1.02037457 1.34879618
v 2.01554535 -1.01894207 -0.34879618
v 2.03094100 -1.03770171 -0.34519632
v 2.04603866 -1.05609827 -0.33923508
v 2.06069295 -1.07395457 -0.33096988
v 2.07476273 -1.09109865 -0.32048032
v 2.08811251 -1.10736540 -0.30786740
v 2.10061371 -1.12259816 -0.29325261
v 2.11214595 -1.13665023 -0.27677670
v 2.12259816 -1.14938629 -0.25859832
v 2.13186968 -1.16068368 -0.23889256
v 2.13987123 -1.17043359 -0.21784918
v 2.14652574 -1.17854213 -0.19567086
v 2.15176913 -1.18493122 -0.17257117
v 2.15555090 -1.18953932 -0.14877258
v 2.15783463 -1.19232205 -0.12450429
v 2.15859832 -1.19325261 -0.10000000
v 2.15859832 -1.19325261 1.10000000
v 2.15783463 -1.19232205 1.12450429
v 2.15555090 -1.18953932 1.14877258
v 2.15176913 -1.18493122 1.17257117
v 2.14652574 -1.17854213 1.19567086
v 2.13987123 -1.17043359 1.21784918
v 2.13186968 -1.16068368 1.23889256
v 2.12259816 -1.14938629 1.25859832
v 2.11214595 -1.13665023 1.27677670
v 2.10061371 -1.12259816 1.29325261
v 2.08811251 -1.10736540 1.30786740
v 2.07476273 -1.09109865 1.32048032
v 2.06069295 -1.07395457 1.33096988
v 2.04603866 -1.05609827 1.33923508
v 2.03094100 -1.03770171 1.34519632
v 2.01554535 -1.01894207 1.34879618
v 2.01732715 -1.01732715 -0.34879618
v 2.03448742 -1.03448742 -0.34519632
v 2.05131557 -1.05131557 -0.33923508
v 2.06764951 -1.06764951 -0.33096988
v 2.08333196 -1.08333196 -0.32048032
v 2.09821187 -1.09821187 -0.30786740
v 2.11214595 -1.11214595 -0.29325261
v 2.12500000 -1.12500000 -0.27677670
v 2.13665023 -1.13665023 -0.25859832
v 2.14698445 -1.14698445 -0.23889256
v 2.15590313 -1.15590313 -0.21784918
v 2.16332037 -1.16332037 -0.19567086
v 2.16916475 -1.16916475 -0.17257117
v 2.17337998 -1.17337998 -0.14877258
v 2.17592547 -1.17592547 -0.12450429
v 2.17677670 -1.17677670 -0.10000000
v 2.17677670 -1.17677670 1.10000000
v 2.17592547 -1.17592547 1.12450429
v 2.17337998 -1.17337998 1.14877258
v 2.16916475 -1.16916475 1.17257117
v 2.16332037 -1.16332037 1.19567086
v 2.15590313 -1.15590313 1.21784918
v 2.14698445 -1.14698445 1.23889256
v 2.13665023 -1.13665023 1.25859832
v 2.12500000 -1.12500000 1.27677670
v 2.11214595 -1.11214595 1.29325261
v 2.09821187 -1.09821187 1.30786740
v 2.08333196 -1.08333196 1.32048032
v 2.06764951 -1.06764951 1.33096988
v 2.05131557 -1.05131557 1.33923508
v 2.03448742 -1.03448742 1.34519632
v 2.01732715 -1.01732715 1.34879618
v 2.01894207 -1.01554535 -0.34879618
v 2.03770171 -1.03094100 -0.34519632
v 2.05609827 -1.04603866 -0.33923508
v 2.07395457 -1.06069295 -0.33096988
v 2.09109865 -1.07476273 -0.32048032
v 2.10736540 -1.08811251 -0.30786740
v 2.12259816 -1.10061371 -0.29325261
v 2.13665023 -1.11214595 -0.27677670
v 2.14938629 -1.12259816 -0.25859832
v 2.16068368 -1.13186968 -0.23889256
v 2.17043359 -1.13987123 -0.21784918
v 2.17854213 -1.14652574 -0.19567086
v 2.18493122 -1.15176913 -0.17257117
v 2.18953932 -1.15555090 -0.14877258
v 2.19232205 -1.15783463 -0.12450429
v 2.19325261 -1.15859832 -0.10000000
v 2.19325261 -1.15859832 1.10000000
v 2.19232205 -1.15783463 1.12450429
v 2.18953932 -1.15555090 1.14877258
v 2.18493122 -1.15176913 1.17257117
v 2.17854213 -1.14652574 1.19567086
v 2.17043359 -1.13987123 1.21784918
v 2.16068368 -1.13186968 1.23889256
v 2.14938629 -1.12259816 1.25859832
v 2.13665023 -1.11214595 1.27677670
v 2.12259816 -1.10061371 1.29325261
v 2.10736540 -1.08811251 1.30786740
v 2.09109865 -1.07476273 1.32048032
v 2.07395457 -1.06069295 1.33096988
v 2.05609827 -1.04603866 1.33923508
v 2.03770171 -1.03094100 1.34519632
v 2.01894207 -1.01554535 1.34879618
v 2.02037457 -1.01361385 -0.34879618
v 2.04055292 -1.02709659 -0.34519632
v 2.06034072 -1.04031838 -0.33923508
v 2.07954741 -1.05315188 -0.33096988
v 2.09798802 -1.06547350 -0.32048032
v 2.11548494 -1.07716457 -0.30786740
v 2.13186968 -1.08811251 -0.29325261
v 2.14698445 -1.09821187 -0.27677670
v 2.16068368 -1.10736540 -0.25859832
v 2.17283543 -1.11548494 -0.23889256
v 2.18332268 -1.12249230 -0.21784918
v 2.19204444 -1.12831999 -0.19567086
v 2.19891670 -1.13291189 -0.17257117
v 2.20387329 -1.13622378 -0.14877258
v 2.20686646 -1.13822375 -0.12450429
v 2.20786740 -1.13889256 -0.10000000
v 2.20786740 -1.13889256 1.10000000
v 2.20686646 -1.13822375 1.12450429
v 2.20387329 -1.13622378 1.14877258
v 2.19891670 -1.13291189 1.17257117
v 2.19204444 -1.12831999 1.19567086
v 2.18332268 -1.12249230 1.21784918
v 2.17283543 -1.11548494 1.23889256
v 2.16068368 -1.10736540 1.25859832
v 2.14698445 -1.09821187 1.27677670
v 2.13186968 -1.08811251 1.29325261
v 2.11548494 -1.07716457 1.30786740
v 2.09798802 -1.06547350 1.32048032
v 2.07954741 -1.05315188 1.33096988
v 2.06034072 -1.04031838 1.33923508
v 2.04055292 -1.02709659 1.34519632
v 2.02037457 -1.01361385 1.34879618
v 2.02161085 -1.01155124 -0.34879618
v 2.04301358 -1.02299124 -0.34519632
v 2.06400206 -1.03420981 -0.33923508
v 2.08437416 -1.04509893 -0.33096988
v 2.10393370 -1.05555372 -0.32048032
v 2.12249230 -1.06547350 -0.30786740
v 2.13987123 -1.07476273 -0.29325261
v 2.15590313 -1.08333196 -0.27677670
v 2.17043359 -1.09109865 -0.25859832
v 2.18332268 -1.09798802 -0.23889256
v 2.19444628 -1.10393370 -0.21784918
v 2.20369725 -1.10887845 -0.19567086
v 2.21098651 -1.11277464 -0.17257117
v 2.21624385 -1.11558475 -0.14877258
v 2.21941864 -1.11728171 -0.12450429
v 2.22048032 -1.11784918 -0.10000000
v 2.22048032 -1.11784918 1.10000000
v 2.21941864 -1.11728171 1.12450429
v 2.21624385 -1.11558475 1.14877258
v 2.21098651 -1.11277464 1.17257117
v 2.20369725 -1.10887845 1.19567086
v 2.19444628 -1.10393370 1.21784918
v 2.18332268 -1.09798802 1.23889256
v 2.17043359 -1.09109865 1.25859832
v 2.15590313 -1.08333196 1.27677670
v 2.13987123 -1.07476273 1.29325261
v 2.12249230 -1.06547350 1.30786740
v 2.10393370 -1.05555372 1.32048032
v 2.08437416 -1.04509893 1.33096988
v 2.06400206 -1.03420981 1.33923508
v 2.04301358 -1.02299124 1.34519632
v 2.02161085 -1.01155124 1.34879618
v 2.02263901 -1.00937738 -0.34879618
v 2.04505999 -1.01866446 -0.34519632
v 2.06704702 -1.02777178 -0.33923508
v 2.08838835 -1.03661165 -0.33096988
v 2.10887845 -1.04509893 -0.32048032
v 2.12831999 -1.05315188 -0.30786740
v 2.14652574 -1.06069295 -0.29325261
v 2.16332037 -1.06764951 -0.27677670
v 2.17854213 -1.07395457 -0.25859832
v 2.19204444 -1.07954741 -0.23889256
v 2.20369725 -1.08437416 -0.21784918
v 2.21338835 -1.08838835 -0.19567086
v 2.22102440 -1.09155130 -0.17257117
v 2.22653186 -1.09383257 -0.14877258
v 2.22985770 -1.09521018 -0.12450429
v 2.23096988 -1.09567086 -0.10000000
v 2.23096988 -1.09567086 1.10000000
v 2.22985770 -1.09521018 1.12450429
v 2.22653186 -1.09383257 1.14877258
v 2.22102440 -1.09155130 1.17257117
v 2.21338835 -1.08838835 1.19567086
v 2.20369725 -1.08437416 1.21784918
v 2.19204444 -1.07954741 1.23889256
v 2.17854213 -1.07395457 1.25859832
v 2.16332037 -1.06764951 1.27677670
v 2.14652574 -1.06069295 1.29325261
v 2.12831999 -1.05315188 1.30786740
v 2.10887845 -1.04509893 1.32048032
v 2.08838835 -1.03661165 1.33096988
v 2.06704702 -1.02777178 1.33923508
v 2.04505999 -1.01866446 1.34519632
v 2.02263901 -1.00937738 1.34879618
v 2.02344914 -1.00711322 -0.34879618
v 2.04667245 -1.01415793 -0.34519632
v 2.06944628 -1.02106630 -0.33923508
v 2.09155130 -1.02777178 -0.33096988
v 2.11277464 -1.03420981 -0.32048032
v 2.13291189 -1.04031838 -0.30786740
v 2.15176913 -1.04603866 -0.29325261
v 2.16916475 -1.05131557 -0.27677670
v 2.18493122 -1.05609827 -0.25859832
v 2.19891670 -1.06034072 -0.23889256
v 2.21098651 -1.06400206 -0.21784918
v 2.22102440 -1.06704702 -0.19567086
v 2.22893370 -1.06944628 -0.17257117
v 2.23463825 -1.07117673 -0.14877258
v 2.23808310 -1.07222172 -0.12450429
v 2.23923508 -1.07257117 -0.10000000
v 2.23923508 -1.07257117 1.10000000
v 2.23808310 -1.07222172 1.12450429
v 2.23463825 -1.07117673 1.14877258
v 2.22893370 -1.06944628 1.17257117
v 2.22102440 -1.06704702 1.19567086
v 2.21098651 -1.06400206 1.21784918
v 2.19891670 -1.06034072 1.23889256
v 2.18493122 -1.05609827 1.25859832
v 2.16916475 -1.05131557 1.27677670
v 2.15176913 -1.04603866 1.29325261
v 2.13291189 -1.04031838 1.30786740
v 2.11277464 -1.03420981 1.32048032
v 2.09155130 -1.02777178 1.33096988
v 2.06944628 -1.02106630 1.33923508
v 2.04667245 -1.01415793 1.34519632
v 2.02344914 -1.00711322 1.34879618
v 2.02403344 -1.00478055 -0.34879618
v 2.04783543 -1.00951506 -0.34519632
v 2.07117673 -1.01415793 -0.33923508
v 2.09383257 -1.01866446 -0.33096988
v 2.11558475 -1.02299124 -0.32048032
v 2.13622378 -1.02709659 -0.30786740
v 2.15555090 -1.03094100 -0.29325261
v 2.17337998 -1.03448742 -0.27677670
v 2.18953932 -1.03770171 -0.25859832
v 2.20387329 -1.04055292 -0.23889256
v 2.21624385 -1.04301358 -0.21784918
v 2.22653186 -1.04505999 -0.19567086
v 2.23463825 -1.04667245 -0.17257117
v 2.24048494 -1.04783543 -0.14877258
v 2.24401563 -1.04853773 -0.12450429
v 2.24519632 -1.04877258 -0.10000000
v 2.24519632 -1.04877258 1.10000000
v 2.24401563 -1.04853773 1.12450429
v 2.24048494 -1.04783543 1.14877258
v 2.23463825 -1.04667245 1.17257117
v 2.22653186 -1.04505999 1.19567086
v 2.21624385 -1.04301358 1.21784918
v 2.20387329 -1.04055292 1.23889256
v 2.18953932 -1.03770171 1.25859832
v 2.17337998 -1.03448742 1.27677670
v 2.15555090 -1.03094100 1.29325261
v 2.13622378 -1.02709659 1.30786740
v 2.11558475 -1.02299124 1.32048032
v 2.09383257 -1.01866446 1.33096988
v 2.07117673 -1.01415793 1.33923508
v 2.04783543 -1.00951506 1.34519632
v 2.02403344 -1.00478055 1.34879618
v 2.02438629 -1.00240184 -0.34879618
v 2.04853773 -1.00478055 -0.34519632
v 2.07222172 -1.00711322 -0.33923508
v 2.09521018 -1.00937738 -0.33096988
v 2.11728171 -1.01155124 -0.32048032
v 2.13822375 -1.01361385 -0.30786740
v 2.15783463 -1.01554535 -0.29325261
v 2.17592547 -1.01732715 -0.27677670
v 2.19232205 -1.01894207 -0.25859832
v 2.20686646 -1.02037457 -0.23889256
v 2.21941864 -1.02161085 -0.21784918
v 2.22985770 -1.02263901 -0.19567086
v 2.23808310 -1.02344914 -0.17257117
v 2.24401563 -1.02403344 -0.14877258
v 2.24759816 -1.02438629 -0.12450429
v 2.24879618 -1.02450429 -0.10000000
v 2.24879618 -1.02450429 1.10000000
v 2.24759816 -1.02438629 1.12450429
v 2.24401563 -1.02403344 1.14877258
v 2.23808310 -1.02344914 1.17257117
v 2.22985770 -1.02263901 1.19567086
v 2.21941864 -1.02161085 1.21784918
v 2.20686646 -1.02037457 1.23889256
v 2.19232205 -1.01894207 1.25859832
v 2.17592547 -1.01732715 1.27677670
v 2.15783463 -1.01554535 1.29325261
v 2.13822375 -1.01361385 1.30786740
v 2.11728171 -1.01155124 1.32048032
v 2.09521018 -1.00937738 1.33096988
v 2.07222172 -1.00711322 1.33923508
v 2.04853773 -1.00478055 1.34519632
v 2.02438629 -1.00240184 1.34879618
f 1 138 54
f 138 38 140
f 54 140 17
f 138 140 54
f 38 139 155
f 139 12 152
f 155 152 41
f 139 152 155
f 17 153 55
f 153 41 151
f 55 151 6
f 153 151 55
f 38 155 140
f 155 41 153
f 140 153 17
f 155 153 140
f 1 54 43
f 54 17 56
f 43 56 13
f 54 56 43
f 17 55 60
f 55 6 58
f 60 58 18
f 55 58 60
f 13 59 44
f 59 18 57
f 44 57 2
f 59 57 44
f 17 60 56
f 60 18 59
f 56 59 13
f 60 59 56
f 1 43 70
f 43 13 72
f 70 72 22
f 43 72 70
f 13 44 75
f 44 2 73
f 75 73 23
f 44 73 75
f 22 76 71
f 76 23 74
f 71 74 8
f 76 74 71
f 13 75 72
f 75 23 76
f 72 76 22
f 75 76 72
f 1 70 121
f 70 22 123
f 121 123 34
f 70 123 121
f 22 71 134
f 71 8 132
f 134 132 37
f 71 132 134
f 34 136 122
f 136 37 133
f 122 133 11
f 136 133 122
f 22 134 123
f 134 37 136
f 123 136 34
f 134 136 123
f 1 121 138
f 121 34 141
f 138 141 38
f 121 141 138
f 34 122 159
f 122 11 157
f 159 157 42
f 122 157 159
f 38 161 139
f 161 42 158
f 139 158 12
f 161 158 139
f 34 159 141
f 159 42 161
f 141 161 38
f 159 161 141
f 2 57 96
f 57 18 98
f 96 98 29
f 57 98 96
f 18 58 111
f 58 6 109
f 111 109 32
f 58 109 111
f 29 113 97
f 113 32 110
f 97 110 10
f 113 110 97
f 18 111 98
f 111 32 113
f 98 113 29
f 111 113 98
f 6 151 62
f 151 41 154
f 62 154 19
f 151 154 62
f 41 152 156
f 152 12 147
f 156 147 40
f 152 147 156
f 19 149 61
f 149 40 146
f 61 146 5
f 149 146 61
f 41 156 154
f 156 40 149
f 154 149 19
f 156 149 154
f 12 158 143
f 158 42 162
f 143 162 39
f 158 162 143
f 42 157 160
f 157 11 125
f 160 125 35
f 157 125 160
f 39 145 142
f 145 35 124
f 142 124 3
f 145 124 142
f 42 160 162
f 160 35 145
f 162 145 39
f 160 145 162
f 11 133 128
f 133 37 137
f 128 137 36
f 133 137 128
f 37 132 135
f 132 8 78
f 135 78 24
f 132 78 135
f 36 130 127
f 130 24 77
f 127 77 7
f 130 77 127
f 37 135 137
f 135 24 130
f 137 130 36
f 135 130 137
f 8 74 90
f 74 23 92
f 90 92 28
f 74 92 90
f 23 73 81
f 73 2 79
f 81 79 25
f 73 79 81
f 28 94 91
f 94 25 80
f 91 80 9
f 94 80 91
f 23 81 92
f 81 25 94
f 92 94 28
f 81 94 92
f 4 100 50
f 100 30 102
f 50 102 16
f 100 102 50
f 30 101 108
f 101 10 105
f 108 105 31
f 101 105 108
f 16 106 51
f 106 31 104
f 51 104 5
f 106 104 51
f 30 108 102
f 108 31 106
f 102 106 16
f 108 106 102
f 4 50 46
f 50 16 52
f 46 52 14
f 50 52 46
f 16 51 53
f 51 5 48
f 53 48 15
f 51 48 53
f 14 49 45
f 49 15 47
f 45 47 3
f 49 47 45
f 16 53 52
f 53 15 49
f 52 49 14
f 53 49 52
f 4 46 66
f 46 14 68
f 66 68 21
f 46 68 66
f 14 45 65
f 45 3 63
f 65 63 20
f 45 63 65
f 21 69 67
f 69 20 64
f 67 64 7
f 69 64 67
f 14 65 68
f 65 20 69
f 68 69 21
f 65 69 68
f 4 66 82
f 66 21 84
f 82 84 26
f 66 84 82
f 21 67 87
f 67 7 85
f 87 85 27
f 67 85 87
f 26 89 83
f 89 27 86
f 83 86 9
f 89 86 83
f 21 87 84
f 87 27 89
f 84 89 26
f 87 89 84
f 4 82 100
f 82 26 103
f 100 103 30
f 82 103 100
f 26 83 118
f 83 9 115
f 118 115 33
f 83 115 118
f 30 120 101
f 120 33 116
f 101 116 10
f 120 116 101
f 26 118 103
f 118 33 120
f 103 120 30
f 118 120 103
f 5 104 61
f 104 31 107
f 61 107 19
f 104 107 61
f 31 105 114
f 105 10 110
f 114 110 32
f 105 110 114
f 19 112 62
f 112 32 109
f 62 109 6
f 112 109 62
f 31 114 107
f 114 32 112
f 107 112 19
f 114 112 107
f 3 47 142
f 47 15 144
f 142 144 39
f 47 144 142
f 15 48 148
f 48 5 146
f 148 146 40
f 48 146 148
f 39 150 143
f 150 40 147
f 143 147 12
f 150 147 143
f 15 148 144
f 148 40 150
f 144 150 39
f 148 150 144
f 7 64 127
f 64 20 129
f 127 129 36
f 64 129 127
f 20 63 126
f 63 3 124
f 126 124 35
f 63 124 126
f 36 131 128
f 131 35 125
f 128 125 11
f 131 125 128
f 20 126 129
f 126 35 131
f 129 131 36
f 126 131 129
f 9 86 91
f 86 27 95
f 91 95 28
f 86 95 91
f 27 85 88
f 85 7 77
f 88 77 24
f 85 77 88
f 28 93 90
f 93 24 78
f 90 78 8
f 93 78 90
f 27 88 95
f 88 24 93
f 95 93 28
f 88 93 95
f 10 116 97
f 116 33 119
f 97 119 29
f 116 119 97
f 33 115 117
f 115 9 80
f 117 80 25
f 115 80 117
f 29 99 96
f 99 25 79
f 96 79 2
f 99 79 96
f 33 117 119
f 117 25 99
f 119 99 29
f 117 99 119
f 164 163 167
f 164 167 165
f 165 167 168
f 165 168 166
f 167 163 169
f 167 169 168
f 168 169 170
f 168 170 166
f 169 163 171
f 169 171 170
f 170 171 172
f 170 172 166
f 171 163 173
f 171 173 172
f 172 173 174
f 172 174 166
f 173 163 175
f 173 175 174
f 174 175 176
f 174 176 166
f 175 163 177
f 175 177 176
f 176 177 178
f 176 178 166
f 177 163 179
f 177 179 178
f 178 179 180
f 178 180 166
f 179 163 181
f 179 181 180
f 180 181 182
f 180 182 166
f 181 163 183
f 181 183 182
f 182 183 184
f 182 184 166
f 183 163 185
f 183 185 184
f 184 185 186
f 184 186 166
f 185 163 187
f 185 187 186
f 186 187 188
f 186 188 166
f 187 163 189
f 187 189 188
f 188 189 190
f 188 190 166
f 189 163 191
f 189 191 190
f 190 191 192
f 190 192 166
f 191 163 193
f 191 193 192
f 192 193 194
f 192 194 166
f 193 163 195
f 193 195 194
f 194 195 196
f 194 196 166
f 195 163 197
f 195 197 196
f 196 197 198
f 196 198 166
f 197 163 199
f 197 199 198
f 198 199 200
f 198 200 166
f 199 163 201
f 199 201 200
f 200 201 202
f 200 202 166
f 201 163 203
f 201 203 202
f 202 203 204
f 202 204 166
f 203 163 205
f 203 205 204
f 204 205 206
f 204 206 166
f 205 163 207
f 205 207 206
f 206 207 208
f 206 208 166
f 207 163 209
f 207 209 208
f 208 209 210
f 208 210 166
f 209 163 211
f 209 211 210
f 210 211 212
f 210 212 166
f 211 163 213
f 211 213 212
f 212 213 214
f 212 214 166
f 213 163 215
f 213 215 214
f 214 215 216
f 214 216 166
f 215 163 217
f 215 217 216
f 216 217 218
f 216 218 166
f 217 163 219
f 217 219 218
f 218 219 220
f 218 220 166
f 219 163 221
f 219 221 220
f 220 221 222
f 220 222 166
f 221 163 223
f 221 223 222
f 222 223 224
f 222 224 166
f 223 163 225
f 223 225 224
f 224 225 226
f 224 226 166
f 225 163 227
f 225 227 226
f 226 227 228
f 226 228 166
f 227 163 164
f 227 164 228
f 228 164 165
f 228 165 166
f 230 229 233
f 230 233 231
f 231 233 234
f 231 234 232
f 233 229 235
f 233 235 234
f 234 235 236
f 234 236 232
f 235 229 237
f 235 237 236
f 236 237 238
f 236 238 232
f 237 229 239
f 237 239 238
f 238 239 240
f 238 240 232
f 239 229 241
f 239 241 240
f 240 241 242
f 240 242 232
f 241 229 243
f 241 243 242
f 242 243 244
f 242 244 232
f 243 229 245
f 243 245 244
f 244 245 246
f 244 246 232
f 245 229 247
f 245 247 246
f 246 247 248
f 246 248 232
f 247 229 249
f 247 249 248
f 248 249 250
f 248 250 232
f 249 229 251
f 249 251 250
f 250 251 252
f 250 252 232
f 251 229 253
f 251 253 252
f 252 253 254
f 252 254 232
f 253 229 255
f 253 255 254
f 254 255 256
f 254 256 232
f 255 229 257
f 255 257 256
f 256 257 258
f 256 258 232
f 257 229 259
f 257 259 258
f 258 259 260
f 258 260 232
f 259 229 261
f 259 261 260
f 260 261 262
f 260 262 232
f 261 229 263
f 261 263 262
f 262 263 264
f 262 264 232
f 263 229 265
f 263 265 264
f 264 265 266
f 264 266 232
f 265 229 267
f 265 267 266
f 266 267 268
f 266 268 232
f 267 229 269
f 267 269 268
f 268 269 270
f 268 270 232
f 269 229 271
f 269 271 270
f 270 271 272
f 270 272 232
f 271 229 273
f 271 273 272
f 272 273 274
f 272 274 232
f 273 229 275
f 273 275 274
f 274 275 276
f 274 276 232
f 275 229 277
f 275 277 276
f 276 277 278
f 276 278 232
f 277 229 279
f 277 279 278
f 278 279 280
f 278 280 232
f 279 229 281
f 279 281 280
f 280 281 282
f 280 282 232
f 281 229 283
f 281 283 282
f 282 283 284
f 282 284 232
f 283 229 285
f 283 285 284
f 284 285 286
f 284 286 232
f 285 229 287
f 285 287 286
f 286 287 288
f 286 288 232
f 287 229 289
f 287 289 288
f 288 289 290
f 288 290 232
f 289 229 291
f 289 291 290
f 290 291 292
f 290 292 232
f 291 229 293
f 291 293 292
f 292 293 294
f 292 294 232
f 293 229 230
f 293 230 294
f 294 230 231
f 294 231 232
f 296 295 299
f 296 299 297
f 297 299 300
f 297 300 298
f 299 295 301
f 299 301 300
f 300 301 302
f 300 302 298
f 301 295 303
f 301 303 302
f 302 303 304
f 302 304 298
f 303 295 305
f 303 305 304
f 304 305 306
f 304 306 298
f 305 295 307
f 305 307 306
f 306 307 308
f 306 308 298
f 307 295 309
f 307 309 308
f 308 309 310
f 308 310 298
f 309 295 311
f 309 311 310
f 310 311 312
f 310 312 298
f 311 295 313
f 311 313 312
f 312 313 314
f 312 314 298
f 313 295 315
f 313 315 314
f 314 315 316
f 314 316 298
f 315 295 317
f 315 317 316
f 316 317 318
f 316 318 298
f 317 295 319
f 317 319 318
f 318 319 320
f 318 320 298
f 319 295 321
f 319 321 320
f 320 321 322
f 320 322 298
f 321 295 323
f 321 323 322
f 322 323 324
f 322 324 298
f 323 295 325
f 323 325 324
f 324 325 326
f 324 326 298
f 325 295 327
f 325 327 326
f 326 327 328
f 326 328 298
f 327 295 329
f 327 329 328
f 328 329 330
f 328 330 298
f 329 295 331
f 329 331 330
f 330 331 332
f 330 332 298
f 331 295 333
f 331 333 332
f 332 333 334
f 332 334 298
f 333 295 335
f 333 335 334
f 334 335 336
f 334 336 298
f 335 295 337
f 335 337 336
f 336 337 338
f 336 338 298
f 337 295 339
f 337 339 338
f 338 339 340
f 338 340 298
f 339 295 341
f 339 341 340
f 340 341 342
f 340 342 298
f 341 295 343
f 341 343 342
f 342 343 344
f 342 344 298
f 343 295 345
f 343 345 344
f 344 345 346
f 344 346 298
f 345 295 347
f 345 347 346
f 346 347 348
f 346 348 298
f 347 295 349
f 347 349 348
f 348 349 350
f 348 350 298
f 349 295 351
f 349 351 350
f 350 351 352
f 350 352 298
f 351 295 353
f 351 353 352
f 352 353 354
f 352 354 298
f 353 295 355
f 353 355 354
f 354 355 356
f 354 356 298
f 355 295 357
f 355 357 356
f 356 357 358
f 356 358 298
f 357 295 359
f 357 359 358
f 358 359 360
f 358 360 298
f 359 295 296
f 359 296 360
f 360 296 297
f 360 297 298
f 362 361 365
f 362 365 363
f 363 365 366
f 363 366 364
f 365 361 367
f 365 367 366
f 366 367 368
f 366 368 364
f 367 361 369
f 367 369 368
f 368 369 370
f 368 370 364
f 369 361 371
f 369 371 370
f 370 371 372
f 370 372 364
f 371 361 373
f 371 373 372
f 372 373 374
f 372 374 364
f 373 361 375
f 373 375 374
f 374 375 376
f 374 376 364
f 375 361 377
f 375 377 376
f 376 377 378
f 376 378 364
f 377 361 379
f 377 379 378
f 378 379 380
f 378 380 364
f 379 361 381
f 379 381 380
f 380 381 382
f 380 382 364
f 381 361 383
f 381 383 382
f 382 383 384
f 382 384 364
f 383 361 385
f 383 385 384
f 384 385 386
f 384 386 364
f 385 361 387
f 385 387 386
f 386 387 388
f 386 388 364
f 387 361 389
f 387 389 388
f 388 389 390
f 388 390 364
f 389 361 391
f 389 391 390
f 390 391 392
f 390 392 364
f 391 361 393
f 391 393 392
f 392 393 394
f 392 394 364
f 393 361 395
f 393 395 394
f 394 395 396
f 394 396 364
f 395 361 397
f 395 397 396
f 396 397 398
f 396 398 364
f 397 361 399
f 397 399 398
f 398 399 400
f 398 400 364
f 399 361 401
f 399 401 400
f 400 401 402
f 400 402 364
f 401 361 403
f 401 403 402
f 402 403 404
f 402 404 364
f 403 361 405
f 403 405 404
f 404 405 406
f 404 406 364
f 405 361 407
f 405 407 406
f 406 407 408
f 406 408 364
f 407 361 409
f 407 409 408
f 408 409 410
f 408 410 364
f 409 361 411
f 409 411 410
f 410 411 412
f 410 412 364
f 411 361 413
f 411 413 412
f 412 413 414
f 412 414 364
f 413 361 415
f 413 415 414
f 414 415 416
f 414 416 364
f 415 361 417
f 415 417 416
f 416 417 418
f 416 418 364
f 417 361 419
f 417 419 418
f 418 419 420
f 418 420 364
f 419 361 421
f 419 421 420
f 420 421 422
f 420 422 364
f 421 361 423
f 421 423 422
f 422 423 424
f 422 424 364
f 423 361 425
f 423 425 424
f 424 425 426
f 424 426 364
f 425 361 362
f 425 362 426
f 426 362 363
f 426 363 364
f 428 427 431
f 428 431 429
f 429 431 432
f 429 432 430
f 431 427 433
f 431 433 432
f 432 433 434
f 432 434 430
f 433 427 435
f 433 435 434
f 434 435 436
f 434 436 430
f 435 427 437
f 435 437 436
f 436 437 438
f 436 438 430
f 437 427 439
f 437 439 438
f 438 439 440
f 438 440 430
f 439 427 441
f 439 441 440
f 440 441 442
f 440 442 430
f 441 427 443
f 441 443 442
f 442 443 444
f 442 444 430
f 443 427 445
f 443 445 444
f 444 445 446
f 444 446 430
f 445 427 447
f 445 447 446
f 446 447 448
f 446 448 430
f 447 427 449
f 447 449 448
f 448 449 450
f 448 450 430
f 449 427 451
f 449 451 450
f 450 451 452
f 450 452 430
f 451 427 453
f 451 453 452
f 452 453 454
f 452 454 430
f 453 427 455
f 453 455 454
f 454 455 456
f 454 456 430
f 455 427 457
f 455 457 456
f 456 457 458
f 456 458 430
f 457 427 459
f 457 459 458
f 458 459 460
f 458 460 430
f 459 427 461
f 459 461 460
f 460 461 462
f 460 462 430
f 461 427 463
f 461 463 462
f 462 463 464
f 462 464 430
f 463 427 465
f 463 465 464
f 464 465 466
f 464 466 430
f 465 427 467
f 465 467 466
f 466 467 468
f 466 468 430
f 467 427 469
f 467 469 468
f 468 469 470
f 468 470 430
f 469 427 471
f 469 471 470
f 470 471 472
f 470 472 430
f 471 427 473
f 471 473 472
f 472 473 474
f 472 474 430
f 473 427 475
f 473 475 474
f 474 475 476
f 474 476 430
f 475 427 477
f 475 477 476
f 476 477 478
f 476 478 430
f 477 427 479
f 477 479 478
f 478 479 480
f 478 480 430
f 479 427 481
f 479 481 480
f 480 481 482
f 480 482 430
f 481 427 483
f 481 483 482
f 482 483 484
f 482 484 430
f 483 427 485
f 483 485 484
f 484 485 486
f 484 486 430
f 485 427 487
f 485 487 486
f 486 487 488
f 486 488 430
f 487 427 489
f 487 489 488
f 488 489 490
f 488 490 430
f 489 427 491
f 489 491 490
f 490 491 492
f 490 492 430
f 491 427 428
f 491 428 492
f 492 428 429
f 492 429 430
f 494 493 497
f 494 497 495
f 495 497 498
f 495 498 496
f 497 493 499
f 497 499 498
f 498 499 500
f 498 500 496
f 499 493 501
f 499 501 500
f 500 501 502
f 500 502 496
f 501 493 503
f 501 503 502
f 502 503 504
f 502 504 496
f 503 493 505
f 503 505 504
f 504 505 506
f 504 506 496
f 505 493 507
f 505 507 506
f 506 507 508
f 506 508 496
f 507 493 509
f 507 509 508
f 508 509 510
f 508 510 496
f 509 493 511
f 509 511 510
f 510 511 512
f 510 512 496
f 511 493 513
f 511 513 512
f 512 513 514
f 512 514 496
f 513 493 515
f 513 515 514
f 514 515 516
f 514 516 496
f 515 493 517
f 515 517 516
f 516 517 518
f 516 518 496
f 517 493 519
f 517 519 518
f 518 519 520
f 518 520 496
f 519 493 521
f 519 521 520
f 520 521 522
f 520 522 496
f 521 493 523
f 521 523 522
f 522 523 524
f 522 524 496
f 523 493 525
f 523 525 524
f 524 525 526
f 524 526 496
f 525 493 527
f 525 527 526
f 526 527 528
f 526 528 496
f 527 493 529
f 527 529 528
f 528 529 530
f 528 530 496
f 529 493 531
f 529 531 530
f 530 531 532
f 530 532 496
f 531 493 533
f 531 533 532
f 532 533 534
f 532 534 496
f 533 493 535
f 533 535 534
f 534 535 536
f 534 536 496
f 535 493 537
f 535 537 536
f 536 537 538
f 536 538 496
f 537 493 539
f 537 539 538
f 538 539 540
f 538 540 496
f 539 493 541
f 539 541 540
f 540 541 542
f 540 542 496
f 541 493 543
f 541 543 542
f 542 543 544
f 542 544 496
f 543 493 545
f 543 545 544
f 544 545 546
f 544 546 496
f 545 493 547
f 545 547 546
f 546 547 548
f 546 548 496
f 547 493 549
f 547 549 548
f 548 549 550
f 548 550 496
f 549 493 551
f 549 551 550
f 550 551 552
f 550 552 496
f 551 493 553
f 551 553 552
f 552 553 554
f 552 554 496
f 553 493 555
f 553 555 554
f 554 555 556
f 554 556 496
f 555 493 557
f 555 557 556
f 556 557 558
f 556 558 496
f 557 493 494
f 557 494 558
f 558 494 495
f 558 495 496
f 560 559 563
f 560 563 561
f 561 563 564
f 561 564 562
f 563 559 565
f 563 565 564
f 564 565 566
f 564 566 562
f 565 559 567
f 565 567 566
f 566 567 568
f 566 568 562
f 567 559 569
f 567 569 568
f 568 569 570
f 568 570 562
f 569 559 571
f 569 571 570
f 570 571 572
f 570 572 562
f 571 559 573
f 571 573 572
f 572 573 574
f 572 574 562
f 573 559 575
f 573 575 574
f 574 575 576
f 574 576 562
f 575 559 577
f 575 577 576
f 576 577 578
f 576 578 562
f 577 559 579
f 577 579 578
f 578 579 580
f 578 580 562
f 579 559 581
f 579 581 580
f 580 581 582
f 580 582 562
f 581 559 583
f 581 583 582
f 582 583 584
f 582 584 562
f 583 559 585
f 583 585 584
f 584 585 586
f 584 586 562
f 585 559 587
f 585 587 586
f 586 587 588
f 586 588 562
f 587 559 589
f 587 589 588
f 588 589 590
f 588 590 562
f 589 559 591
f 589 591 590
f 590 591 592
f 590 592 562
f 591 559 593
f 591 593 592
f 592 593 594
f 592 594 562
f 593 559 595
f 593 595 594
f 594 595 596
f 594 596 562
f 595 559 597
f 595 597 596
f 596 597 598
f 596 598 562
f 597 559 599
f 597 599 598
f 598 599 600
f 598 600 562
f 599 559 601
f 599 601 600
f 600 601 602
f 600 602 562
f 601 559 603
f 601 603 602
f 602 603 604
f 602 604 562
f 603 559 605
f 603 605 604
f 604 605 606
f 604 606 562
f 605 559 607
f 605 607 606
f 606 607 608
f 606 608 562
f 607 559 609
f 607 609 608
f 608 609 610
f 608 610 562
f 609 559 611
f 609 611 610
f 610 611 612
f 610 612 562
f 611 559 613
f 611 613 612
f 612 613 614
f 612 614 562
f 613 559 615
f 613 615 614
f 614 615 616
f 614 616 562
f 615 559 617
f 615 617 616
f 616 617 618
f 616 618 562
f 617 559 619
f 617 619 618
f 618 619 620
f 618 620 562
f 619 559 621
f 619 621 620
f 620 621 622
f 620 622 562
f 621 559 623
f 621 623 622
f 622 623 624
f 622 624 562
f 623 559 560
f 623 560 624
f 624 560 561
f 624 561 562
f 626 625 659
f 626 659 627
f 627 659 660
f 627 660 628
f 628 660 661
f 628 661 629
f 629 661 662
f 629 662 630
f 630 662 663
f 630 663 631
f 631 663 664
f 631 664 632
f 632 664 665
f 632 665 633
f 633 665 666
f 633 666 634
f 634 666 667
f 634 667 635
f 635 667 668
f 635 668 636
f 636 668 669
f 636 669 637
f 637 669 670
f 637 670 638
f 638 670 671
f 638 671 639
f 639 671 672
f 639 672 640
f 640 672 673
f 640 673 641
f 641 673 674
f 641 674 642
f 642 674 675
f 642 675 643
f 643 675 676
f 643 676 644
f 644 676 677
f 644 677 645
f 645 677 678
f 645 678 646
f 646 678 679
f 646 679 647
f 647 679 680
f 647 680 648
f 648 680 681
f 648 681 649
f 649 681 682
f 649 682 650
f 650 682 683
f 650 683 651
f 651 683 684
f 651 684 652
f 652 684 685
f 652 685 653
f 653 685 686
f 653 686 654
f 654 686 687
f 654 687 655
f 655 687 688
f 655 688 656
f 656 688 689
f 656 689 657
f 657 689 690
f 657 690 658
f 659 625 691
f 659 691 660
f 660 691 692
f 660 692 661
f 661 692 693
f 661 693 662
f 662 693 694
f 662 694 663
f 663 694 695
f 663 695 664
f 664 695 696
f 664 696 665
f 665 696 697
f 665 697 666
f 666 697 698
f 666 698 667
f 667 698 699
f 667 699 668
f 668 699 700
f 668 700 669
f 669 700 701
f 669 701 670
f 670 701 702
f 670 702 671
f 671 702 703
f 671 703 672
f 672 703 704
f 672 704 673
f 673 704 705
f 673 705 674
f 674 705 706
f 674 706 675
f 675 706 707
f 675 707 676
f 676 707 708
f 676 708 677
f 677 708 709
f 677 709 678
f 678 709 710
f 678 710 679
f 679 710 711
f 679 711 680
f 680 711 712
f 680 712 681
f 681 712 713
f 681 713 682
f 682 713 714
f 682 714 683
f 683 714 715
f 683 715 684
f 684 715 716
f 684 716 685
f 685 716 717
f 685 717 686
f 686 717 718
f 686 718 687
f 687 718 719
f 687 719 688
f 688 719 720
f 688 720 689
f 689 720 721
f 689 721 690
f 690 721 722
f 690 722 658
f 691 625 723
f 691 723 692
f 692 723 724
f 692 724 693
f 693 724 725
f 693 725 694
f 694 725 726
f 694 726 695
f 695 726 727
f 695 727 696
f 696 727 728
f 696 728 697
f 697 728 729
f 697 729 698
f 698 729 730
f 698 730 699
f 699 730 731
f 699 731 700
f 700 731 732
f 700 732 701
f 701 732 733
f 701 733 702
f 702 733 734
f 702 734 703
f 703 734 735
f 703 735 704
f 704 735 736
f 704 736 705
f 705 736 737
f 705 737 706
f 706 737 738
f 706 738 707
f 707 738 739
f 707 739 708
f 708 739 740
f 708 740 709
f 709 740 741
f 709 741 710
f 710 741 742
f 710 742 711
f 711 742 743
f 711 743 712
f 712 743 744
f 712 744 713
f 713 744 745
f 713 745 714
f 714 745 746
f 714 746 715
f 715 746 747
f 715 747 716
f 716 747 748
f 716 748 717
f 717 748 749
f 717 749 718
f 718 749 750
f 718 750 719
f 719 750 751
f 719 751 720
f 720 751 752
f 720 752 721
f 721 752 753
f 721 753 722
f 722 753 754
f 722 754 658
f 723 625 755
f 723 755 724
f 724 755 756
f 724 756 725
f 725 756 757
f 725 757 726
f 726 757 758
f 726 758 727
f 727 758 759
f 727 759 728
f 728 759 760
f 728 760 729
f 729 760 761
f 729 761 730
f 730 761 762
f 730 762 731
f 731 762 763
f 731 763 732
f 732 763 764
f 732 764 733
f 733 764 765
f 733 765 734
f 734 765 766
f 734 766 735
f 735 766 767
f 735 767 736
f 736 767 768
f 736 768 737
f 737 768 769
f 737 769 738
f 738 769 770
f 738 770 739
f 739 770 771
f 739 771 740
f 740 771 772
f 740 772 741
f 741 772 773
f 741 773 742
f 742 773 774
f 742 774 743
f 743 774 775
f 743 775 744
f 744 775 776
f 744 776 745
f 745 776 777
f 745 777 746
f 746 777 778
f 746 778 747
f 747 778 779
f 747 779 748
f 748 779 780
f 748 780 749
f 749 780 781
f 749 781 750
f 750 781 782
f 750 782 751
f 751 782 783
f 751 783 752
f 752 783 784
f 752 784 753
f 753 784 785
f 753 785 754
f 754 785 786
f 754 786 658
f 755 625 787
f 755 787 756
f 756 787 788
f 756 788 757
f 757 788 789
f 757 789 758
f 758 789 790
f 758 790 759
f 759 790 791
f 759 791 760
f 760 791 792
f 760 792 761
f 761 792 793
f 761 793 762
f 762 793 794
f 762 794 763
f 763 794 795
f 763 795 764
f 764 795 796
f 764 796 765
f 765 796 797
f 765 797 766
f 766 797 798
f 766 798 767
f 767 798 799
f 767 799 768
f 768 799 800
f 768 800 769
f 769 800 801
f 769 801 770
f 770 801 802
f 770 802 771
f 771 802 803
f 771 803 772
f 772 803 804
f 772 804 773
f 773 804 805
f 773 805 774
f 774 805 806
f 774 806 775
f 775 806 807
f 775 807 776
f 776 807 808
f 776 808 777
f 777 808 809
f 777 809 778
f 778 809 810
f 778 810 779
f 779 810 811
f 779 811 780
f 780 811 812
f 780 812 781
f 781 812 813
f 781 813 782
f 782 813 814
f 782 814 783
f 783 814 815
f 783 815 784
f 784 815 816
f 784 816 785
f 785 816 817
f 785 817 786
f 786 817 818
f 786 818 658
f 787 625 819
f 787 819 788
f 788 819 820
f 788 820 789
f 789 820 821
f 789 821 790
f 790 821 822
f 790 822 791
f 791 822 823
f 791 823 792
f 792 823 824
f 792 824 793
f 793 824 825
f 793 825 794
f 794 825 826
f 794 826 795
f 795 826 827
f 795 827 796
f 796 827 828
f 796 828 797
f 797 828 829
f 797 829 798
f 798 829 830
f 798 830 799
f 799 830 831
f 799 831 800
f 800 831 832
f 800 832 801
f 801 832 833
f 801 833 802
f 802 833 834
f 802 834 803
f 803 834 835
f 803 835 804
f 804 835 836
f 804 836 805
f 805 836 837
f 805 837 806
f 806 837 838
f 806 838 807
f 807 838 839
f 807 839 808
f 808 839 840
f 808 840 809
f 809 840 841
f 809 841 810
f 810 841 842
f 810 842 811
f 811 842 843
f 811 843 812
f 812 843 844
f 812 844 813
f 813 844 845
f 813 845 814
f 814 845 846
f 814 846 815
f 815 846 847
f 815 847 816
f 816 847 848
f 816 848 817
f 817 848 849
f 817 849 818
f 818 849 850
f 818 850 658
f 819 625 851
f 819 851 820
f 820 851 852
f 820 852 821
f 821 852 853
f 821 853 822
f 822 853 854
f 822 854 823
f 823 854 855
f 823 855 824
f 824 855 856
f 824 856 825
f 825 856 857
f 825 857 826
f 826 857 858
f 826 858 827
f 827 858 859
f 827 859 828
f 828 859 860
f 828 860 829
f 829 860 861
f 829 861 830
f 830 861 862
f 830 862 831
f 831 862 863
f 831 863 832
f 832 863 864
f 832 864 833
f 833 864 865
f 833 865 834
f 834 865 866
f 834 866 835
f 835 866 867
f 835 867 836
f 836 867 868
f 836 868 837
f 837 868 869
f 837 869 838
f 838 869 870
f 838 870 839
f 839 870 871
f 839 871 840
f 840 871 872
f 840 872 841
f 841 872 873
f 841 873 842
f 842 873 874
f 842 874 843
f 843 874 875
f 843 875 844
f 844 875 876
f 844 876 845
f 845 876 877
f 845 877 846
f 846 877 878
f 846 878 847
f 847 878 879
f 847 879 848
f 848 879 880
f 848 880 849
f 849 880 881
f 849 881 850
f 850 881 882
f 850 882 658
f 851 625 883
f 851 883 852
f 852 883 884
f 852 884 853
f 853 884 885
f 853 885 854
f 854 885 886
f 854 886 855
f 855 886 887
f 855 887 856
f 856 887 888
f 856 888 857
f 857 888 889
f 857 889 858
f 858 889 890
f 858 890 859
f 859 890 891
f 859 891 860
f 860 891 892
f 860 892 861
f 861 892 893
f 861 893 862
f 862 893 894
f 862 894 863
f 863 894 895
f 863 895 864
f 864 895 896
f 864 896 865
f 865 896 897
f 865 897 866
f 866 897 898
f 866 898 867
f 867 898 899
f 867 899 868
f 868 899 900
f 868 900 869
f 869 900 901
f 869 901 870
f 870 901 902
f 870 902 871
f 871 902 903
f 871 903 872
f 872 903 904
f 872 904 873
f 873 904 905
f 873 905 874
f 874 905 906
f 874 906 875
f 875 906 907
f 875 907 876
f 876 907 908
f 876 908 877
f 877 908 909
f 877 909 878
f 878 909 910
f 878 910 879
f 879 910 911
f 879 911 880
f 880 911 912
f 880 912 881
f 881 912 913
f 881 913 882
f 882 913 914
f 882 914 658
f 883 625 915
f 883 915 884
f 884 915 916
f 884 916 885
f 885 916 917
f 885 917 886
f 886 917 918
f 886 918 887
f 887 918 919
f 887 919 888
f 888 919 920
f 888 920 889
f 889 920 921
f 889 921 890
f 890 921 922
f 890 922 891
f 891 922 923
f 891 923 892
f 892 923 924
f 892 924 893
f 893 924 925
f 893 925 894
f 894 925 926
f 894 926 895
f 895 926 927
f 895 927 896
f 896 927 928
f 896 928 897
f 897 928 929
f 897 929 898
f 898 929 930
f 898 930 899
f 899 930 931
f 899 931 900
f 900 931 932
f 900 932 901
f 901 932 933
f 901 933 902
f 902 933 934
f 902 934 903
f 903 934 935
f 903 935 904
f 904 935 936
f 904 936 905
f 905 936 937
f 905 937 906
f 906 937 938
f 906 938 907
f 907 938 939
f 907 939 908
f 908 939 940
f 908 940 909
f 909 940 941
f 909 941 910
f 910 941 942
f 910 942 911
f 911 942 943
f 911 943 912
f 912 943 944
f 912 944 913
f 913 944 945
f 913 945 914
f 914 945 946
f 914 946 658
f 915 625 947
f 915 947 916
f 916 947 948
f 916 948 917
f 917 948 949
f 917 949 918
f 918 949 950
f 918 950 919
f 919 950 951
f 919 951 920
f 920 951 952
f 920 952 921
f 921 952 953
f 921 953 922
f 922 953 954
f 922 954 923
f 923 954 955
f 923 955 924
f 924 955 956
f 924 956 925
f 925 956 957
f 925 957 926
f 926 957 958
f 926 958 927
f 927 958 959
f 927 959 928
f 928 959 960
f 928 960 929
f 929 960 961
f 929 961 930
f 930 961 962
f 930 962 931
f 931 962 963
f 931 963 932
f 932 963 964
f 932 964 933
f 933 964 965
f 933 965 934
f 934 965 966
f 934 966 935
f 935 966 967
f 935 967 936
f 936 967 968
f 936 968 937
f 937 968 969
f 937 969 938
f 938 969 970
f 938 970 939
f 939 970 971
f 939 971 940
f 940 971 972
f 940 972 941
f 941 972 973
f 941 973 942
f 942 973 974
f 942 974 943
f 943 974 975
f 943 975 944
f 944 975 976
f 944 976 945
f 945 976 977
f 945 977 946
f 946 977 978
f 946 978 658
f 947 625 979
f 947 979 948
f 948 979 980
f 948 980 949
f 949 980 981
f 949 981 950
f 950 981 982
f 950 982 951
f 951 982 983
f 951 983 952
f 952 983 984
f 952 984 953
f 953 984 985
f 953 985 954
f 954 985 986
f 954 986 955
f 955 986 987
f 955 987 956
f 956 987 988
f 956 988 957
f 957 988 989
f 957 989 958
f 958 989 990
f 958 990 959
f 959 990 991
f 959 991 960
f 960 991 992
f 960 992 961
f 961 992 993
f 961 993 962
f 962 993 994
f 962 994 963
f 963 994 995
f 963 995 964
f 964 995 996
f 964 996 965
f 965 996 997
f 965 997 966
f 966 997 998
f 966 998 967
f 967 998 999
f 967 999 968
f 968 999 1000
f 968 1000 969
f 969 1000 1001
f 969 1001 970
f 970 1001 1002
f 970 1002 971
f 971 1002 1003
f 971 1003 972
f 972 1003 1004
f 972 1004 973
f 973 1004 1005
f 973 1005 974
f 974 1005 1006
f 974 1006 975
f 975 1006 1007
f 975 1007 976
f 976 1007 1008
f 976 1008 977
f 977 1008 1009
f 977 1009 978
f 978 1009 1010
f 978 1010 658
f 979 625 1011
f 979 1011 980
f 980 1011 1012
f 980 1012 981
f 981 1012 1013
f 981 1013 982
f 982 1013 1014
f 982 1014 983
f 983 1014 1015
f 983 1015 984
f 984 1015 1016
f 984 1016 985
f 985 1016 1017
f 985 1017 986
f 986 1017 1018
f 986 1018 987
f 987 1018 1019
f 987 1019 988
f 988 1019 1020
f 988 1020 989
f 989 1020 1021
f 989 1021 990
f 990 1021 1022
f 990 1022 991
f 991 1022 1023
f 991 1023 992
f 992 1023 1024
f 992 1024 993
f 993 1024 1025
f 993 1025 994
f 994 1025 1026
f 994 1026 995
f 995 1026 1027
f 995 1027 996
f 996 1027 1028
f 996 1028 997
f 997 1028 1029
f 997 1029 998
f 998 1029 1030
f 998 1030 999
f 999 1030 1031
f 999 1031 1000
f 1000 1031 1032
f 1000 1032 1001
f 1001 1032 1033
f 1001 1033 1002
f 1002 1033 1034
f 1002 1034 1003
f 1003 1034 1035
f 1003 1035 1004
f 1004 1035 1036
f 1004 1036 1005
f 1005 1036 1037
f 1005 1037 1006
f 1006 1037 1038
f 1006 1038 1007
f 1007 1038 1039
f 1007 1039 1008
f 1008 1039 1040
f 1008 1040 1009
f 1009 1040 1041
f 1009 1041 1010
f 1010 1041 1042
f 1010 1042 658
f 1011 625 1043
f 1011 1043 1012
f 1012 1043 1044
f 1012 1044 1013
f 1013 1044 1045
f 1013 1045 1014
f 1014 1045 1046
f 1014 1046 1015
f 1015 1046 1047
f 1015 1047 1016
f 1016 1047 1048
f 1016 1048 1017
f 1017 1048 1049
f 1017 1049 1018
f 1018 1049 1050
f 1018 1050 1019
f 1019 1050 1051
f 1019 1051 1020
f 1020 1051 1052
f 1020 1052 1021
f 1021 1052 1053
f 1021 1053 1022
f 1022 1053 1054
f 1022 1054 1023
f 1023 1054 1055
f 1023 1055 1024
f 1024 1055 1056
f 1024 1056 1025
f 1025 1056 1057
f 1025 1057 1026
f 1026 1057 1058
f 1026 1058 1027
f 1027 1058 1059
f 1027 1059 1028
f 1028 1059 1060
f 1028 1060 1029
f 1029 1060 1061
f 1029 1061 1030
f 1030 1061 1062
f 1030 1062 1031
f 1031 1062 1063
f 1031 1063 1032
f 1032 1063 1064
f 1032 1064 1033
f 1033 1064 1065
f 1033 1065 1034
f 1034 1065 1066
f 1034 1066 1035
f 1035 1066 1067
f 1035 1067 1036
f 1036 1067 1068
f 1036 1068 1037
f 1037 1068 1069
f 1037 1069 1038
f 1038 1069 1070
f 1038 1070 1039
f 1039 1070 1071
f 1039 1071 1040
f 1040 1071 1072
f 1040 1072 1041
f 1041 1072 1073
f 1041 1073 1042
f 1042 1073 1074
f 1042 1074 658
f 1043 625 1075
f 1043 1075 1044
f 1044 1075 1076
f 1044 1076 1045
f 1045 1076 1077
f 1045 1077 1046
f 1046 1077 1078
f 1046 1078 1047
f 1047 1078 1079
f 1047 1079 1048
f 1048 1079 1080
f 1048 1080 1049
f 1049 1080 1081
f 1049 1081 1050
f 1050 1081 1082
f 1050 1082 1051
f 1051 1082 1083
f 1051 1083 1052
f 1052 1083 1084
f 1052 1084 1053
f 1053 1084 1085
f 1053 1085 1054
f 1054 1085 1086
f 1054 1086 1055
f 1055 1086 1087
f 1055 1087 1056
f 1056 1087 1088
f 1056 1088 1057
f 1057 1088 1089
f 1057 1089 1058
f 1058 1089 1090
f 1058 1090 1059
f 1059 1090 1091
f 1059 1091 1060
f 1060 1091 1092
f 1060 1092 1061
f 1061 1092 1093
f 1061 1093 1062
f 1062 1093 1094
f 1062 1094 1063
f 1063 1094 1095
f 1063 1095 1064
f 1064 1095 1096
f 1064 1096 1065
f 1065 1096 1097
f 1065 1097 1066
f 1066 1097 1098
f 1066 1098 1067
f 1067 1098 1099
f 1067 1099 1068
f 1068 1099 1100
f 1068 1100 1069
f 1069 1100 1101
f 1069 1101 1070
f 1070 1101 1102
f 1070 1102 1071
f 1071 1102 1103
f 1071 1103 1072
f 1072 1103 1104
f 1072 1104 1073
f 1073 1104 1105
f 1073 1105 1074
f 1074 1105 1106
f 1074 1106 658
f 1075 625 1107
f 1075 1107 1076
f 1076 1107 1108
f 1076 1108 1077
f 1077 1108 1109
f 1077 1109 1078
f 1078 1109 1110
f 1078 1110 1079
f 1079 1110 1111
f 1079 1111 1080
f 1080 1111 1112
f 1080 1112 1081
f 1081 1112 1113
f 1081 1113 1082
f 1082 1113 1114
f 1082 1114 1083
f 1083 1114 1115
f 1083 1115 1084
f 1084 1115 1116
f 1084 1116 1085
f 1085 1116 1117
f 1085 1117 1086
f 1086 1117 1118
f 1086 1118 1087
f 1087 1118 1119
f 1087 1119 1088
f 1088 1119 1120
f 1088 1120 1089
f 1089 1120 1121
f 1089 1121 1090
f 1090 1121 1122
f 1090 1122 1091
f 1091 1122 1123
f 1091 1123 1092
f 1092 1123 1124
f 1092 1124 1093
f 1093 1124 1125
f 1093 1125 1094
f 1094 1125 1126
f 1094 1126 1095
f 1095 1126 1127
f 1095 1127 1096
f 1096 1127 1128
f 1096 1128 1097
f 1097 1128 1129
f 1097 1129 1098
f 1098 1129 1130
f 1098 1130 1099
f 1099 1130 1131
f 1099 1131 1100
f 1100 1131 1132
f 1100 1132 1101
f 1101 1132 1133
f 1101 1133 1102
f 1102 1133 1134
f 1102 1134 1103
f 1103 1134 1135
f 1103 1135 1104
f 1104 1135 1136
f 1104 1136 1105
f 1105 1136 1137
f 1105 1137 1106
f 1106 1137 1138
f 1106 1138 658
f 1107 625 1139
f 1107 1139 1108
f 1108 1139 1140
f 1108 1140 1109
f 1109 1140 1141
f 1109 1141 1110
f 1110 1141 1142
f 1110 1142 1111
f 1111 1142 1143
f 1111 1143 1112
f 1112 1143 1144
f 1112 1144 1113
f 1113 1144 1145
f 1113 1145 1114
f 1114 1145 1146
f 1114 1146 1115
f 1115 1146 1147
f 1115 1147 1116
f 1116 1147 1148
f 1116 1148 1117
f 1117 1148 1149
f 1117 1149 1118
f 1118 1149 1150
f 1118 1150 1119
f 1119 1150 1151
f 1119 1151 1120
f 1120 1151 1152
f 1120 1152 1121
f 1121 1152 1153
f 1121 1153 1122
f 1122 1153 1154
f 1122 1154 1123
f 1123 1154 1155
f 1123 1155 1124
f 1124 1155 1156
f 1124 1156 1125
f 1125 1156 1157
f 1125 1157 1126
f 1126 1157 1158
f 1126 1158 1127
f 1127 1158 1159
f 1127 1159 1128
f 1128 1159 1160
f 1128 1160 1129
f 1129 1160 1161
f 1129 1161 1130
f 1130 1161 1162
f 1130 1162 1131
f 1131 1162 1163
f 1131 1163 1132
f 1132 1163 1164
f 1132 1164 1133
f 1133 1164 1165
f 1133 1165 1134
f 1134 1165 1166
f 1134 1166 1135
f 1135 1166 1167
f 1135 1167 1136
f 1136 1167 1168
f 1136 1168 1137
f 1137 1168 1169
f 1137 1169 1138
f 1138 1169 1170
f 1138 1170 658
f 1139 625 1171
f 1139 1171 1140
f 1140 1171 1172
f 1140 1172 1141
f 1141 1172 1173
f 1141 1173 1142
f 1142 1173 1174
f 1142 1174 1143
f 1143 1174 1175
f 1143 1175 1144
f 1144 1175 1176
f 1144 1176 1145
f 1145 1176 1177
f 1145 1177 1146
f 1146 1177 1178
f 1146 1178 1147
f 1147 1178 1179
f 1147 1179 1148
f 1148 1179 1180
f 1148 1180 1149
f 1149 1180 1181
f 1149 1181 1150
f 1150 1181 1182
f 1150 1182 1151
f 1151 1182 1183
f 1151 1183 1152
f 1152 1183 1184
f 1152 1184 1153
f 1153 1184 1185
f 1153 1185 1154
f 1154 1185 1186
f 1154 1186 1155
f 1155 1186 1187
f 1155 1187 1156
f 1156 1187 1188
f 1156 1188 1157
f 1157 1188 1189
f 1157 1189 1158
f 1158 1189 1190
f 1158 1190 1159
f 1159 1190 1191
f 1159 1191 1160
f 1160 1191 1192
f 1160 1192 1161
f 1161 1192 1193
f 1161 1193 1162
f 1162 1193 1194
f 1162 1194 1163
f 1163 1194 1195
f 1163 1195 1164
f 1164 1195 1196
f 1164 1196 1165
f 1165 1196 1197
f 1165 1197 1166
f 1166 1197 1198
f 1166 1198 1167
f 1167 1198 1199
f 1167 1199 1168
f 1168 1199 1200
f 1168 1200 1169
f 1169 1200 1201
f 1169 1201 1170
f 1170 1201 1202
f 1170 1202 658
f 1171 625 1203
f 1171 1203 1172
f 1172 1203 1204
f 1172 1204 1173
f 1173 1204 1205
f 1173 1205 1174
f 1174 1205 1206
f 1174 1206 1175
f 1175 1206 1207
f 1175 1207 1176
f 1176 1207 1208
f 1176 1208 1177
f 1177 1208 1209
f 1177 1209 1178
f 1178 1209 1210
f 1178 1210 1179
f 1179 1210 1211
f 1179 1211 1180
f 1180 1211 1212
f 1180 1212 1181
f 1181 1212 1213
f 1181 1213 1182
f 1182 1213 1214
f 1182 1214 1183
f 1183 1214 1215
f 1183 1215 1184
f 1184 1215 1216
f 1184 1216 1185
f 1185 1216 1217
f 1185 1217 1186
f 1186 1217 1218
f 1186 1218 1187
f 1187 1218 1219
f 1187 1219 1188
f 1188 1219 1220
f 1188 1220 1189
f 1189 1220 1221
f 1189 1221 1190
f 1190 1221 1222
f 1190 1222 1191
f 1191 1222 1223
f 1191 1223 1192
f 1192 1223 1224
f 1192 1224 1193
f 1193 1224 1225
f 1193 1225 1194
f 1194 1225 1226
f 1194 1226 1195
f 1195 1226 1227
f 1195 1227 1196
f 1196 1227 1228
f 1196 1228 1197
f 1197 1228 1229
f 1197 1229 1198
f 1198 1229 1230
f 1198 1230 1199
f 1199 1230 1231
f 1199 1231 1200
f 1200 1231 1232
f 1200 1232 1201
f 1201 1232 1233
f 1201 1233 1202
f 1202 1233 1234
f 1202 1234 658
f 1203 625 1235
f 1203 1235 1204
f 1204 1235 1236
f 1204 1236 1205
f 1205 1236 1237
f 1205 1237 1206
f 1206 1237 1238
f 1206 1238 1207
f 1207 1238 1239
f 1207 1239 1208
f 1208 1239 1240
f 1208 1240 1209
f 1209 1240 1241
f 1209 1241 1210
f 1210 1241 1242
f 1210 1242 1211
f 1211 1242 1243
f 1211 1243 1212
f 1212 1243 1244
f 1212 1244 1213
f 1213 1244 1245
f 1213 1245 1214
f 1214 1245 1246
f 1214 1246 1215
f 1215 1246 1247
f 1215 1247 1216
f 1216 1247 1248
f 1216 1248 1217
f 1217 1248 1249
f 1217 1249 1218
f 1218 1249 1250
f 1218 1250 1219
f 1219 1250 1251
f 1219 1251 1220
f 1220 1251 1252
f 1220 1252 1221
f 1221 1252 1253
f 1221 1253 1222
f 1222 1253 1254
f 1222 1254 1223
f 1223 1254 1255
f 1223 1255 1224
f 1224 1255 1256
f 1224 1256 1225
f 1225 1256 1257
f 1225 1257 1226
f 1226 1257 1258
f 1226 1258 1227
f 1227 1258 1259
f 1227 1259 1228
f 1228 1259 1260
f 1228 1260 1229
f 1229 1260 1261
f 1229 1261 1230
f 1230 1261 1262
f 1230 1262 1231
f 1231 1262 1263
f 1231 1263 1232
f 1232 1263 1264
f 1232 1264 1233
f 1233 1264 1265
f 1233 1265 1234
f 1234 1265 1266
f 1234 1266 658
f 1235 625 1267
f 1235 1267 1236
f 1236 1267 1268
f 1236 1268 1237
f 1237 1268 1269
f 1237 1269 1238
f 1238 1269 1270
f 1238 1270 1239
f 1239 1270 1271
f 1239 1271 1240
f 1240 1271 1272
f 1240 1272 1241
f 1241 1272 1273
f 1241 1273 1242
f 1242 1273 1274
f 1242 1274 1243
f 1243 1274 1275
f 1243 1275 1244
f 1244 1275 1276
f 1244 1276 1245
f 1245 1276 1277
f 1245 1277 1246
f 1246 1277 1278
f 1246 1278 1247
f 1247 1278 1279
f 1247 1279 1248
f 1248 1279 1280
f 1248 1280 1249
f 1249 1280 1281
f 1249 1281 1250
f 1250 1281 1282
f 1250 1282 1251
f 1251 1282 1283
f 1251 1283 1252
f 1252 1283 1284
f 1252 1284 1253
f 1253 1284 1285
f 1253 1285 1254
f 1254 1285 1286
f 1254 1286 1255
f 1255 1286 1287
f 1255 1287 1256
f 1256 1287 1288
f 1256 1288 1257
f 1257 1288 1289
f 1257 1289 1258
f 1258 1289 1290
f 1258 1290 1259
f 1259 1290 1291
f 1259 1291 1260
f 1260 1291 1292
f 1260 1292 1261
f 1261 1292 1293
f 1261 1293 1262
f 1262 1293 1294
f 1262 1294 1263
f 1263 1294 1295
f 1263 1295 1264
f 1264 1295 1296
f 1264 1296 1265
f 1265 1296 1297
f 1265 1297 1266
f 1266 1297 1298
f 1266 1298 658
f 1267 625 1299
f 1267 1299 1268
f 1268 1299 1300
f 1268 1300 1269
f 1269 1300 1301
f 1269 1301 1270
f 1270 1301 1302
f 1270 1302 1271
f 1271 1302 1303
f 1271 1303 1272
f 1272 1303 1304
f 1272 1304 1273
f 1273 1304 1305
f 1273 1305 1274
f 1274 1305 1306
f 1274 1306 1275
f 1275 1306 1307
f 1275 1307 1276
f 1276 1307 1308
f 1276 1308 1277
f 1277 1308 1309
f 1277 1309 1278
f 1278 1309 1310
f 1278 1310 1279
f 1279 1310 1311
f 1279 1311 1280
f 1280 1311 1312
f 1280 1312 1281
f 1281 1312 1313
f 1281 1313 1282
f 1282 1313 1314
f 1282 1314 1283
f 1283 1314 1315
f 1283 1315 1284
f 1284 1315 1316
f 1284 1316 1285
f 1285 1316 1317
f 1285 1317 1286
f 1286 1317 1318
f 1286 1318 1287
f 1287 1318 1319
f 1287 1319 1288
f 1288 1319 1320
f 1288 1320 1289
f 1289 1320 1321
f 1289 1321 1290
f 1290 1321 1322
f 1290 1322 1291
f 1291 1322 1323
f 1291 1323 1292
f 1292 1323 1324
f 1292 1324 1293
f 1293 1324 1325
f 1293 1325 1294
f 1294 1325 1326
f 1294 1326 1295
f 1295 1326 1327
f 1295 1327 1296
f 1296 1327 1328
f 1296 1328 1297
f 1297 1328 1329
f 1297 1329 1298
f 1298 1329 1330
f 1298 1330 658
f 1299 625 1331
f 1299 1331 1300
f 1300 1331 1332
f 1300 1332 1301
f 1301 1332 1333
f 1301 1333 1302
f 1302 1333 1334
f 1302 1334 1303
f 1303 1334 1335
f 1303 1335 1304
f 1304 1335 1336
f 1304 1336 1305
f 1305 1336 1337
f 1305 1337 1306
f 1306 1337 1338
f 1306 1338 1307
f 1307 1338 1339
f 1307 1339 1308
f 1308 1339 1340
f 1308 1340 1309
f 1309 1340 1341
f 1309 1341 1310
f 1310 1341 1342
f 1310 1342 1311
f 1311 1342 1343
f 1311 1343 1312
f 1312 1343 1344
f 1312 1344 1313
f 1313 1344 1345
f 1313 1345 1314
f 1314 1345 1346
f 1314 1346 1315
f 1315 1346 1347
f 1315 1347 1316
f 1316 1347 1348
f 1316 1348 1317
f 1317 1348 1349
f 1317 1349 1318
f 1318 1349 1350
f 1318 1350 1319
f 1319 1350 1351
f 1319 1351 1320
f 1320 1351 1352
f 1320 1352 1321
f 1321 1352 1353
f 1321 1353 1322
f 1322 1353 1354
f 1322 1354 1323
f 1323 1354 1355
f 1323 1355 1324
f 1324 1355 1356
f 1324 1356 1325
f 1325 1356 1357
f 1325 1357 1326
f 1326 1357 1358
f 1326 1358 1327
f 1327 1358 1359
f 1327 1359 1328
f 1328 1359 1360
f 1328 1360 1329
f 1329 1360 1361
f 1329 1361 1330
f 1330 1361 1362
f 1330 1362 658
f 1331 625 1363
f 1331 1363 1332
f 1332 1363 1364
f 1332 1364 1333
f 1333 1364 1365
f 1333 1365 1334
f 1334 1365 1366
f 1334 1366 1335
f 1335 1366 1367
f 1335 1367 1336
f 1336 1367 1368
f 1336 1368 1337
f 1337 1368 1369
f 1337 1369 1338
f 1338 1369 1370
f 1338 1370 1339
f 1339 1370 1371
f 1339 1371 1340
f 1340 1371 1372
f 1340 1372 1341
f 1341 1372 1373
f 1341 1373 1342
f 1342 1373 1374
f 1342 1374 1343
f 1343 1374 1375
f 1343 1375 1344
f 1344 1375 1376
f 1344 1376 1345
f 1345 1376 1377
f 1345 1377 1346
f 1346 1377 1378
f 1346 1378 1347
f 1347 1378 1379
f 1347 1379 1348
f 1348 1379 1380
f 1348 1380 1349
f 1349 1380 1381
f 1349 1381 1350
f 1350 1381 1382
f 1350 1382 1351
f 1351 1382 1383
f 1351 1383 1352
f 1352 1383 1384
f 1352 1384 1353
f 1353 1384 1385
f 1353 1385 1354
f 1354 1385 1386
f 1354 1386 1355
f 1355 1386 1387
f 1355 1387 1356
f 1356 1387 1388
f 1356 1388 1357
f 1357 1388 1389
f 1357 1389 1358
f 1358 1389 1390
f 1358 1390 1359
f 1359 1390 1391
f 1359 1391 1360
f 1360 1391 1392
f 1360 1392 1361
f 1361 1392 1393
f 1361 1393 1362
f 1362 1393 1394
f 1362 1394 658
f 1363 625 1395
f 1363 1395 1364
f 1364 1395 1396
f 1364 1396 1365
f 1365 1396 1397
f 1365 1397 1366
f 1366 1397 1398
f 1366 1398 1367
f 1367 1398 1399
f 1367 1399 1368
f 1368 1399 1400
f 1368 1400 1369
f 1369 1400 1401
f 1369 1401 1370
f 1370 1401 1402
f 1370 1402 1371
f 1371 1402 1403
f 1371 1403 1372
f 1372 1403 1404
f 1372 1404 1373
f 1373 1404 1405
f 1373 1405 1374
f 1374 1405 1406
f 1374 1406 1375
f 1375 1406 1407
f 1375 1407 1376
f 1376 1407 1408
f 1376 1408 1377
f 1377 1408 1409
f 1377 1409 1378
f 1378 1409 1410
f 1378 1410 1379
f 1379 1410 1411
f 1379 1411 1380
f 1380 1411 1412
f 1380 1412 1381
f 1381 1412 1413
f 1381 1413 1382
f 1382 1413 1414
f 1382 1414 1383
f 1383 1414 1415
f 1383 1415 1384
f 1384 1415 1416
f 1384 1416 1385
f 1385 1416 1417
f 1385 1417 1386
f 1386 1417 1418
f 1386 1418 1387
f 1387 1418 1419
f 1387 1419 1388
f 1388 1419 1420
f 1388 1420 1389
f 1389 1420 1421
f 1389 1421 1390
f 1390 1421 1422
f 1390 1422 1391
f 1391 1422 1423
f 1391 1423 1392
f 1392 1423 1424
f 1392 1424 1393
f 1393 1424 1425
f 1393 1425 1394
f 1394 1425 1426
f 1394 1426 658
f 1395 625 1427
f 1395 1427 1396
f 1396 1427 1428
f 1396 1428 1397
f 1397 1428 1429
f 1397 1429 1398
f 1398 1429 1430
f 1398 1430 1399
f 1399 1430 1431
f 1399 1431 1400
f 1400 1431 1432
f 1400 1432 1401
f 1401 1432 1433
f 1401 1433 1402
f 1402 1433 1434
f 1402 1434 1403
f 1403 1434 1435
f 1403 1435 1404
f 1404 1435 1436
f 1404 1436 1405
f 1405 1436 1437
f 1405 1437 1406
f 1406 1437 1438
f 1406 1438 1407
f 1407 1438 1439
f 1407 1439 1408
f 1408 1439 1440
f 1408 1440 1409
f 1409 1440 1441
f 1409 1441 1410
f 1410 1441 1442
f 1410 1442 1411
f 1411 1442 1443
f 1411 1443 1412
f 1412 1443 1444
f 1412 1444 1413
f 1413 1444 1445
f 1413 1445 1414
f 1414 1445 1446
f 1414 1446 1415
f 1415 1446 1447
f 1415 1447 1416
f 1416 1447 1448
f 1416 1448 1417
f 1417 1448 1449
f 1417 1449 1418
f 1418 1449 1450
f 1418 1450 1419
f 1419 1450 1451
f 1419 1451 1420
f 1420 1451 1452
f 1420 1452 1421
f 1421 1452 1453
f 1421 1453 1422
f 1422 1453 1454
f 1422 1454 1423
f 1423 1454 1455
f 1423 1455 1424
f 1424 1455 1456
f 1424 1456 1425
f 1425 1456 1457
f 1425 1457 1426
f 1426 1457 1458
f 1426 1458 658
f 1427 625 1459
f 1427 1459 1428
f 1428 1459 1460
f 1428 1460 1429
f 1429 1460 1461
f 1429 1461 1430
f 1430 1461 1462
f 1430 1462 1431
f 1431 1462 1463
f 1431 1463 1432
f 1432 1463 1464
f 1432 1464 1433
f 1433 1464 1465
f 1433 1465 1434
f 1434 1465 1466
f 1434 1466 1435
f 1435 1466 1467
f 1435 1467 1436
f 1436 1467 1468
f 1436 1468 1437
f 1437 1468 1469
f 1437 1469 1438
f 1438 1469 1470
f 1438 1470 1439
f 1439 1470 1471
f 1439 1471 1440
f 1440 1471 1472
f 1440 1472 1441
f 1441 1472 1473
f 1441 1473 1442
f 1442 1473 1474
f 1442 1474 1443
f 1443 1474 1475
f 1443 1475 1444
f 1444 1475 1476
f 1444 1476 1445
f 1445 1476 1477
f 1445 1477 1446
f 1446 1477 1478
f 1446 1478 1447
f 1447 1478 1479
f 1447 1479 1448
f 1448 1479 1480
f 1448 1480 1449
f 1449 1480 1481
f 1449 1481 1450
f 1450 1481 1482
f 1450 1482 1451
f 1451 1482 1483
f 1451 1483 1452
f 1452 1483 1484
f 1452 1484 1453
f 1453 1484 1485
f 1453 1485 1454
f 1454 1485 1486
f 1454 1486 1455
f 1455 1486 1487
f 1455 1487 1456
f 1456 1487 1488
f 1456 1488 1457
f 1457 1488 1489
f 1457 1489 1458
f 1458 1489 1490
f 1458 1490 658
f 1459 625 1491
f 1459 1491 1460
f 1460 1491 1492
f 1460 1492 1461
f 1461 1492 1493
f 1461 1493 1462
f 1462 1493 1494
f 1462 1494 1463
f 1463 1494 1495
f 1463 1495 1464
f 1464 1495 1496
f 1464 1496 1465
f 1465 1496 1497
f 1465 1497 1466
f 1466 1497 1498
f 1466 1498 1467
f 1467 1498 1499
f 1467 1499 1468
f 1468 1499 1500
f 1468 1500 1469
f 1469 1500 1501
f 1469 1501 1470
f 1470 1501 1502
f 1470 1502 1471
f 1471 1502 1503
f 1471 1503 1472
f 1472 1503 1504
f 1472 1504 1473
f 1473 1504 1505
f 1473 1505 1474
f 1474 1505 1506
f 1474 1506 1475
f 1475 1506 1507
f 1475 1507 1476
f 1476 1507 1508
f 1476 1508 1477
f 1477 1508 1509
f 1477 1509 1478
f 1478 1509 1510
f 1478 1510 1479
f 1479 1510 1511
f 1479 1511 1480
f 1480 1511 1512
f 1480 1512 1481
f 1481 1512 1513
f 1481 1513 1482
f 1482 1513 1514
f 1482 1514 1483
f 1483 1514 1515
f 1483 1515 1484
f 1484 1515 1516
f 1484 1516 1485
f 1485 1516 1517
f 1485 1517 1486
f 1486 1517 1518
f 1486 1518 1487
f 1487 1518 1519
f 1487 1519 1488
f 1488 1519 1520
f 1488 1520 1489
f 1489 1520 1521
f 1489 1521 1490
f 1490 1521 1522
f 1490 1522 658
f 1491 625 1523
f 1491 1523 1492
f 1492 1523 1524
f 1492 1524 1493
f 1493 1524 1525
f 1493 1525 1494
f 1494 1525 1526
f 1494 1526 1495
f 1495 1526 1527
f 1495 1527 1496
f 1496 1527 1528
f 1496 1528 1497
f 1497 1528 1529
f 1497 1529 1498
f 1498 1529 1530
f 1498 1530 1499
f 1499 1530 1531
f 1499 1531 1500
f 1500 1531 1532
f 1500 1532 1501
f 1501 1532 1533
f 1501 1533 1502
f 1502 1533 1534
f 1502 1534 1503
f 1503 1534 1535
f 1503 1535 1504
f 1504 1535 1536
f 1504 1536 1505
f 1505 1536 1537
f 1505 1537 1506
f 1506 1537 1538
f 1506 1538 1507
f 1507 1538 1539
f 1507 1539 1508
f 1508 1539 1540
f 1508 1540 1509
f 1509 1540 1541
f 1509 1541 1510
f 1510 1541 1542
f 1510 1542 1511
f 1511 1542 1543
f 1511 1543 1512
f 1512 1543 1544
f 1512 1544 1513
f 1513 1544 1545
f 1513 1545 1514
f 1514 1545 1546
f 1514 1546 1515
f 1515 1546 1547
f 1515 1547 1516
f 1516 1547 1548
f 1516 1548 1517
f 1517 1548 1549
f 1517 1549 1518
f 1518 1549 1550
f 1518 1550 1519
f 1519 1550 1551
f 1519 1551 1520
f 1520 1551 1552
f 1520 1552 1521
f 1521 1552 1553
f 1521 1553 1522
f 1522 1553 1554
f 1522 1554 658
f 1523 625 1555
f 1523 1555 1524
f 1524 1555 1556
f 1524 1556 1525
f 1525 1556 1557
f 1525 1557 1526
f 1526 1557 1558
f 1526 1558 1527
f 1527 1558 1559
f 1527 1559 1528
f 1528 1559 1560
f 1528 1560 1529
f 1529 1560 1561
f 1529 1561 1530
f 1530 1561 1562
f 1530 1562 1531
f 1531 1562 1563
f 1531 1563 1532
f 1532 1563 1564
f 1532 1564 1533
f 1533 1564 1565
f 1533 1565 1534
f 1534 1565 1566
f 1534 1566 1535
f 1535 1566 1567
f 1535 1567 1536
f 1536 1567 1568
f 1536 1568 1537
f 1537 1568 1569
f 1537 1569 1538
f 1538 1569 1570
f 1538 1570 1539
f 1539 1570 1571
f 1539 1571 1540
f 1540 1571 1572
f 1540 1572 1541
f 1541 1572 1573
f 1541 1573 1542
f 1542 1573 1574
f 1542 1574 1543
f 1543 1574 1575
f 1543 1575 1544
f 1544 1575 1576
f 1544 1576 1545
f 1545 1576 1577
f 1545 1577 1546
f 1546 1577 1578
f 1546 1578 1547
f 1547 1578 1579
f 1547 1579 1548
f 1548 1579 1580
f 1548 1580 1549
f 1549 1580 1581
f 1549 1581 1550
f 1550 1581 1582
f 1550 1582 1551
f 1551 1582 1583
f 1551 1583 1552
f 1552 1583 1584
f 1552 1584 1553
f 1553 1584 1585
f 1553 1585 1554
f 1554 1585 1586
f 1554 1586 658
f 1555 625 1587
f 1555 1587 1556
f 1556 1587 1588
f 1556 1588 1557
f 1557 1588 1589
f 1557 1589 1558
f 1558 1589 1590
f 1558 1590 1559
f 1559 1590 1591
f 1559 1591 1560
f 1560 1591 1592
f 1560 1592 1561
f 1561 1592 1593
f 1561 1593 1562
f 1562 1593 1594
f 1562 1594 1563
f 1563 1594 1595
f 1563 1595 1564
f 1564 1595 1596
f 1564 1596 1565
f 1565 1596 1597
f 1565 1597 1566
f 1566 1597 1598
f 1566 1598 1567
f 1567 1598 1599
f 1567 1599 1568
f 1568 1599 1600
f 1568 1600 1569
f 1569 1600 1601
f 1569 1601 1570
f 1570 1601 1602
f 1570 1602 1571
f 1571 1602 1603
f 1571 1603 1572
f 1572 1603 1604
f 1572 1604 1573
f 1573 1604 1605
f 1573 1605 1574
f 1574 1605 1606
f 1574 1606 1575
f 1575 1606 1607
f 1575 1607 1576
f 1576 1607 1608
f 1576 1608 1577
f 1577 1608 1609
f 1577 1609 1578
f 1578 1609 1610
f 1578 1610 1579
f 1579 1610 1611
f 1579 1611 1580
f 1580 1611 1612
f 1580 1612 1581
f 1581 1612 1613
f 1581 1613 1582
f 1582 1613 1614
f 1582 1614 1583
f 1583 1614 1615
f 1583 1615 1584
f 1584 1615 1616
f 1584 1616 1585
f 1585 1616 1617
f 1585 1617 1586
f 1586 1617 1618
f 1586 1618 658
f 1587 625 1619
f 1587 1619 1588
f 1588 1619 1620
f 1588 1620 1589
f 1589 1620 1621
f 1589 1621 1590
f 1590 1621 1622
f 1590 1622 1591
f 1591 1622 1623
f 1591 1623 1592
f 1592 1623 1624
f 1592 1624 1593
f 1593 1624 1625
f 1593 1625 1594
f 1594 1625 1626
f 1594 1626 1595
f 1595 1626 1627
f 1595 1627 1596
f 1596 1627 1628
f 1596 1628 1597
f 1597 1628 1629
f 1597 1629 1598
f 1598 1629 1630
f 1598 1630 1599
f 1599 1630 1631
f 1599 1631 1600
f 1600 1631 1632
f 1600 1632 1601
f 1601 1632 1633
f 1601 1633 1602
f 1602 1633 1634
f 1602 1634 1603
f 1603 1634 1635
f 1603 1635 1604
f 1604 1635 1636
f 1604 1636 1605
f 1605 1636 1637
f 1605 1637 1606
f 1606 1637 1638
f 1606 1638 1607
f 1607 1638 1639
f 1607 1639 1608
f 1608 1639 1640
f 1608 1640 1609
f 1609 1640 1641
f 1609 1641 1610
f 1610 1641 1642
f 1610 1642 1611
f 1611 1642 1643
f 1611 1643 1612
f 1612 1643 1644
f 1612 1644 1613
f 1613 1644 1645
f 1613 1645 1614
f 1614 1645 1646
f 1614 1646 1615
f 1615 1646 1647
f 1615 1647 1616
f 1616 1647 1648
f 1616 1648 1617
f 1617 1648 1649
f 1617 1649 1618
f 1618 1649 1650
f 1618 1650 658
f 1619 625 1651
f 1619 1651 1620
f 1620 1651 1652
f 1620 1652 1621
f 1621 1652 1653
f 1621 1653 1622
f 1622 1653 1654
f 1622 1654 1623
f 1623 1654 1655
f 1623 1655 1624
f 1624 1655 1656
f 1624 1656 1625
f 1625 1656 1657
f 1625 1657 1626
f 1626 1657 1658
f 1626 1658 1627
f 1627 1658 1659
f 1627 1659 1628
f 1628 1659 1660
f 1628 1660 1629
f 1629 1660 1661
f 1629 1661 1630
f 1630 1661 1662
f 1630 1662 1631
f 1631 1662 1663
f 1631 1663 1632
f 1632 1663 1664
f 1632 1664 1633
f 1633 1664 1665
f 1633 1665 1634
f 1634 1665 1666
f 1634 1666 1635
f 1635 1666 1667
f 1635 1667 1636
f 1636 1667 1668
f 1636 1668 1637
f 1637 1668 1669
f 1637 1669 1638
f 1638 1669 1670
f 1638 1670 1639
f 1639 1670 1671
f 1639 1671 1640
f 1640 1671 1672
f 1640 1672 1641
f 1641 1672 1673
f 1641 1673 1642
f 1642 1673 1674
f 1642 1674 1643
f 1643 1674 1675
f 1643 1675 1644
f 1644 1675 1676
f 1644 1676 1645
f 1645 1676 1677
f 1645 1677 1646
f 1646 1677 1678
f 1646 1678 1647
f 1647 1678 1679
f 1647 1679 1648
f 1648 1679 1680
f 1648 1680 1649
f 1649 1680 1681
f 1649 1681 1650
f 1650 1681 1682
f 1650 1682 658
f 1651 625 1683
f 1651 1683 1652
f 1652 1683 1684
f 1652 1684 1653
f 1653 1684 1685
f 1653 1685 1654
f 1654 1685 1686
f 1654 1686 1655
f 1655 1686 1687
f 1655 1687 1656
f 1656 1687 1688
f 1656 1688 1657
f 1657 1688 1689
f 1657 1689 1658
f 1658 1689 1690
f 1658 1690 1659
f 1659 1690 1691
f 1659 1691 1660
f 1660 1691 1692
f 1660 1692 1661
f 1661 1692 1693
f 1661 1693 1662
f 1662 1693 1694
f 1662 1694 1663
f 1663 1694 1695
f 1663 1695 1664
f 1664 1695 1696
f 1664 1696 1665
f 1665 1696 1697
f 1665 1697 1666
f 1666 1697 1698
f 1666 1698 1667
f 1667 1698 1699
f 1667 1699 1668
f 1668 1699 1700
f 1668 1700 1669
f 1669 1700 1701
f 1669 1701 1670
f 1670 1701 1702
f 1670 1702 1671
f 1671 1702 1703
f 1671 1703 1672
f 1672 1703 1704
f 1672 1704 1673
f 1673 1704 1705
f 1673 1705 1674
f 1674 1705 1706
f 1674 1706 1675
f 1675 1706 1707
f 1675 1707 1676
f 1676 1707 1708
f 1676 1708 1677
f 1677 1708 1709
f 1677 1709 1678
f 1678 1709 1710
f 1678 1710 1679
f 1679 1710 1711
f 1679 1711 1680
f 1680 1711 1712
f 1680 1712 1681
f 1681 1712 1713
f 1681 1713 1682
f 1682 1713 1714
f 1682 1714 658
f 1683 625 1715
f 1683 1715 1684
f 1684 1715 1716
f 1684 1716 1685
f 1685 1716 1717
f 1685 1717 1686
f 1686 1717 1718
f 1686 1718 1687
f 1687 1718 1719
f 1687 1719 1688
f 1688 1719 1720
f 1688 1720 1689
f 1689 1720 1721
f 1689 1721 1690
f 1690 1721 1722
f 1690 1722 1691
f 1691 1722 1723
f 1691 1723 1692
f 1692 1723 1724
f 1692 1724 1693
f 1693 1724 1725
f 1693 1725 1694
f 1694 1725 1726
f 1694 1726 1695
f 1695 1726 1727
f 1695 1727 1696
f 1696 1727 1728
f 1696 1728 1697
f 1697 1728 1729
f 1697 1729 1698
f 1698 1729 1730
f 1698 1730 1699
f 1699 1730 1731
f 1699 1731 1700
f 1700 1731 1732
f 1700 1732 1701
f 1701 1732 1733
f 1701 1733 1702
f 1702 1733 1734
f 1702 1734 1703
f 1703 1734 1735
f 1703 1735 1704
f 1704 1735 1736
f 1704 1736 1705
f 1705 1736 1737
f 1705 1737 1706
f 1706 1737 1738
f 1706 1738 1707
f 1707 1738 1739
f 1707 1739 1708
f 1708 1739 1740
f 1708 1740 1709
f 1709 1740 1741
f 1709 1741 1710
f 1710 1741 1742
f 1710 1742 1711
f 1711 1742 1743
f 1711 1743 1712
f 1712 1743 1744
f 1712 1744 1713
f 1713 1744 1745
f 1713 1745 1714
f 1714 1745 1746
f 1714 1746 658
f 1715 625 1747
f 1715 1747 1716
f 1716 1747 1748
f 1716 1748 1717
f 1717 1748 1749
f 1717 1749 1718
f 1718 1749 1750
f 1718 1750 1719
f 1719 1750 1751
f 1719 1751 1720
f 1720 1751 1752
f 1720 1752 1721
f 1721 1752 1753
f 1721 1753 1722
f 1722 1753 1754
f 1722 1754 1723
f 1723 1754 1755
f 1723 1755 1724
f 1724 1755 1756
f 1724 1756 1725
f 1725 1756 1757
f 1725 1757 1726
f 1726 1757 1758
f 1726 1758 1727
f 1727 1758 1759
f 1727 1759 1728
f 1728 1759 1760
f 1728 1760 1729
f 1729 1760 1761
f 1729 1761 1730
f 1730 1761 1762
f 1730 1762 1731
f 1731 1762 1763
f 1731 1763 1732
f 1732 1763 1764
f 1732 1764 1733
f 1733 1764 1765
f 1733 1765 1734
f 1734 1765 1766
f 1734 1766 1735
f 1735 1766 1767
f 1735 1767 1736
f 1736 1767 1768
f 1736 1768 1737
f 1737 1768 1769
f 1737 1769 1738
f 1738 1769 1770
f 1738 1770 1739
f 1739 1770 1771
f 1739 1771 1740
f 1740 1771 1772
f 1740 1772 1741
f 1741 1772 1773
f 1741 1773 1742
f 1742 1773 1774
f 1742 1774 1743
f 1743 1774 1775
f 1743 1775 1744
f 1744 1775 1776
f 1744 1776 1745
f 1745 1776 1777
f 1745 1777 1746
f 1746 1777 1778
f 1746 1778 658
f 1747 625 1779
f 1747 1779 1748
f 1748 1779 1780
f 1748 1780 1749
f 1749 1780 1781
f 1749 1781 1750
f 1750 1781 1782
f 1750 1782 1751
f 1751 1782 1783
f 1751 1783 1752
f 1752 1783 1784
f 1752 1784 1753
f 1753 1784 1785
f 1753 1785 1754
f 1754 1785 1786
f 1754 1786 1755
f 1755 1786 1787
f 1755 1787 1756
f 1756 1787 1788
f 1756 1788 1757
f 1757 1788 1789
f 1757 1789 1758
f 1758 1789 1790
f 1758 1790 1759
f 1759 1790 1791
f 1759 1791 1760
f 1760 1791 1792
f 1760 1792 1761
f 1761 1792 1793
f 1761 1793 1762
f 1762 1793 1794
f 1762 1794 1763
f 1763 1794 1795
f 1763 1795 1764
f 1764 1795 1796
f 1764 1796 1765
f 1765 1796 1797
f 1765 1797 1766
f 1766 1797 1798
f 1766 1798 1767
f 1767 1798 1799
f 1767 1799 1768
f 1768 1799 1800
f 1768 1800 1769
f 1769 1800 1801
f 1769 1801 1770
f 1770 1801 1802
f 1770 1802 1771
f 1771 1802 1803
f 1771 1803 1772
f 1772 1803 1804
f 1772 1804 1773
f 1773 1804 1805
f 1773 1805 1774
f 1774 1805 1806
f 1774 1806 1775
f 1775 1806 1807
f 1775 1807 1776
f 1776 1807 1808
f 1776 1808 1777
f 1777 1808 1809
f 1777 1809 1778
f 1778 1809 1810
f 1778 1810 658
f 1779 625 1811
f 1779 1811 1780
f 1780 1811 1812
f 1780 1812 1781
f 1781 1812 1813
f 1781 1813 1782
f 1782 1813 1814
f 1782 1814 1783
f 1783 1814 1815
f 1783 1815 1784
f 1784 1815 1816
f 1784 1816 1785
f 1785 1816 1817
f 1785 1817 1786
f 1786 1817 1818
f 1786 1818 1787
f 1787 1818 1819
f 1787 1819 1788
f 1788 1819 1820
f 1788 1820 1789
f 1789 1820 1821
f 1789 1821 1790
f 1790 1821 1822
f 1790 1822 1791
f 1791 1822 1823
f 1791 1823 1792
f 1792 1823 1824
f 1792 1824 1793
f 1793 1824 1825
f 1793 1825 1794
f 1794 1825 1826
f 1794 1826 1795
f 1795 1826 1827
f 1795 1827 1796
f 1796 1827 1828
f 1796 1828 1797
f 1797 1828 1829
f 1797 1829 1798
f 1798 1829 1830
f 1798 1830 1799
f 1799 1830 1831
f 1799 1831 1800
f 1800 1831 1832
f 1800 1832 1801
f 1801 1832 1833
f 1801 1833 1802
f 1802 1833 1834
f 1802 1834 1803
f 1803 1834 1835
f 1803 1835 1804
f 1804 1835 1836
f 1804 1836 1805
f 1805 1836 1837
f 1805 1837 1806
f 1806 1837 1838
f 1806 1838 1807
f 1807 1838 1839
f 1807 1839 1808
f 1808 1839 1840
f 1808 1840 1809
f 1809 1840 1841
f 1809 1841 1810
f 1810 1841 1842
f 1810 1842 658
f 1811 625 1843
f 1811 1843 1812
f 1812 1843 1844
f 1812 1844 1813
f 1813 1844 1845
f 1813 1845 1814
f 1814 1845 1846
f 1814 1846 1815
f 1815 1846 1847
f 1815 1847 1816
f 1816 1847 1848
f 1816 1848 1817
f 1817 1848 1849
f 1817 1849 1818
f 1818 1849 1850
f 1818 1850 1819
f 1819 1850 1851
f 1819 1851 1820
f 1820 1851 1852
f 1820 1852 1821
f 1821 1852 1853
f 1821 1853 1822
f 1822 1853 1854
f 1822 1854 1823
f 1823 1854 1855
f 1823 1855 1824
f 1824 1855 1856
f 1824 1856 1825
f 1825 1856 1857
f 1825 1857 1826
f 1826 1857 1858
f 1826 1858 1827
f 1827 1858 1859
f 1827 1859 1828
f 1828 1859 1860
f 1828 1860 1829
f 1829 1860 1861
f 1829 1861 1830
f 1830 1861 1862
f 1830 1862 1831
f 1831 1862 1863
f 1831 1863 1832
f 1832 1863 1864
f 1832 1864 1833
f 1833 1864 1865
f 1833 1865 1834
f 1834 1865 1866
f 1834 1866 1835
f 1835 1866 1867
f 1835 1867 1836
f 1836 1867 1868
f 1836 1868 1837
f 1837 1868 1869
f 1837 1869 1838
f 1838 1869 1870
f 1838 1870 1839
f 1839 1870 1871
f 1839 1871 1840
f 1840 1871 1872
f 1840 1872 1841
f 1841 1872 1873
f 1841 1873 1842
f 1842 1873 1874
f 1842 1874 658
f 1843 625 1875
f 1843 1875 1844
f 1844 1875 1876
f 1844 1876 1845
f 1845 1876 1877
f 1845 1877 1846
f 1846 1877 1878
f 1846 1878 1847
f 1847 1878 1879
f 1847 1879 1848
f 1848 1879 1880
f 1848 1880 1849
f 1849 1880 1881
f 1849 1881 1850
f 1850 1881 1882
f 1850 1882 1851
f 1851 1882 1883
f 1851 1883 1852
f 1852 1883 1884
f 1852 1884 1853
f 1853 1884 1885
f 1853 1885 1854
f 1854 1885 1886
f 1854 1886 1855
f 1855 1886 1887
f 1855 1887 1856
f 1856 1887 1888
f 1856 1888 1857
f 1857 1888 1889
f 1857 1889 1858
f 1858 1889 1890
f 1858 1890 1859
f 1859 1890 1891
f 1859 1891 1860
f 1860 1891 1892
f 1860 1892 1861
f 1861 1892 1893
f 1861 1893 1862
f 1862 1893 1894
f 1862 1894 1863
f 1863 1894 1895
f 1863 1895 1864
f 1864 1895 1896
f 1864 1896 1865
f 1865 1896 1897
f 1865 1897 1866
f 1866 1897 1898
f 1866 1898 1867
f 1867 1898 1899
f 1867 1899 1868
f 1868 1899 1900
f 1868 1900 1869
f 1869 1900 1901
f 1869 1901 1870
f 1870 1901 1902
f 1870 1902 1871
f 1871 1902 1903
f 1871 1903 1872
f 1872 1903 1904
f 1872 1904 1873
f 1873 1904 1905
f 1873 1905 1874
f 1874 1905 1906
f 1874 1906 658
f 1875 625 1907
f 1875 1907 1876
f 1876 1907 1908
f 1876 1908 1877
f 1877 1908 1909
f 1877 1909 1878
f 1878 1909 1910
f 1878 1910 1879
f 1879 1910 1911
f 1879 1911 1880
f 1880 1911 1912
f 1880 1912 1881
f 1881 1912 1913
f 1881 1913 1882
f 1882 1913 1914
f 1882 1914 1883
f 1883 1914 1915
f 1883 1915 1884
f 1884 1915 1916
f 1884 1916 1885
f 1885 1916 1917
f 1885 1917 1886
f 1886 1917 1918
f 1886 1918 1887
f 1887 1918 1919
f 1887 1919 1888
f 1888 1919 1920
f 1888 1920 1889
f 1889 1920 1921
f 1889 1921 1890
f 1890 1921 1922
f 1890 1922 1891
f 1891 1922 1923
f 1891 1923 1892
f 1892 1923 1924
f 1892 1924 1893
f 1893 1924 1925
f 1893 1925 1894
f 1894 1925 1926
f 1894 1926 1895
f 1895 1926 1927
f 1895 1927 1896
f 1896 1927 1928
f 1896 1928 1897
f 1897 1928 1929
f 1897 1929 1898
f 1898 1929 1930
f 1898 1930 1899
f 1899 1930 1931
f 1899 1931 1900
f 1900 1931 1932
f 1900 1932 1901
f 1901 1932 1933
f 1901 1933 1902
f 1902 1933 1934
f 1902 1934 1903
f 1903 1934 1935
f 1903 1935 1904
f 1904 1935 1936
f 1904 1936 1905
f 1905 1936 1937
f 1905 1937 1906
f 1906 1937 1938
f 1906 1938 658
f 1907 625 1939
f 1907 1939 1908
f 1908 1939 1940
f 1908 1940 1909
f 1909 1940 1941
f 1909 1941 1910
f 1910 1941 1942
f 1910 1942 1911
f 1911 1942 1943
f 1911 1943 1912
f 1912 1943 1944
f 1912 1944 1913
f 1913 1944 1945
f 1913 1945 1914
f 1914 1945 1946
f 1914 1946 1915
f 1915 1946 1947
f 1915 1947 1916
f 1916 1947 1948
f 1916 1948 1917
f 1917 1948 1949
f 1917 1949 1918
f 1918 1949 1950
f 1918 1950 1919
f 1919 1950 1951
f 1919 1951 1920
f 1920 1951 1952
f 1920 1952 1921
f 1921 1952 1953
f 1921 1953 1922
f 1922 1953 1954
f 1922 1954 1923
f 1923 1954 1955
f 1923 1955 1924
f 1924 1955 1956
f 1924 1956 1925
f 1925 1956 1957
f 1925 1957 1926
f 1926 1957 1958
f 1926 1958 1927
f 1927 1958 1959
f 1927 1959 1928
f 1928 1959 1960
f 1928 1960 1929
f 1929 1960 1961
f 1929 1961 1930
f 1930 1961 1962
f 1930 1962 1931
f 1931 1962 1963
f 1931 1963 1932
f 1932 1963 1964
f 1932 1964 1933
f 1933 1964 1965
f 1933 1965 1934
f 1934 1965 1966
f 1934 1966 1935
f 1935 1966 1967
f 1935 1967 1936
f 1936 1967 1968
f 1936 1968 1937
f 1937 1968 1969
f 1937 1969 1938
f 1938 1969 1970
f 1938 1970 658
f 1939 625 1971
f 1939 1971 1940
f 1940 1971 1972
f 1940 1972 1941
f 1941 1972 1973
f 1941 1973 1942
f 1942 1973 1974
f 1942 1974 1943
f 1943 1974 1975
f 1943 1975 1944
f 1944 1975 1976
f 1944 1976 1945
f 1945 1976 1977
f 1945 1977 1946
f 1946 1977 1978
f 1946 1978 1947
f 1947 1978 1979
f 1947 1979 1948
f 1948 1979 1980
f 1948 1980 1949
f 1949 1980 1981
f 1949 1981 1950
f 1950 1981 1982
f 1950 1982 1951
f 1951 1982 1983
f 1951 1983 1952
f 1952 1983 1984
f 1952 1984 1953
f 1953 1984 1985
f 1953 1985 1954
f 1954 1985 1986
f 1954 1986 1955
f 1955 1986 1987
f 1955 1987 1956
f 1956 1987 1988
f 1956 1988 1957
f 1957 1988 1989
f 1957 1989 1958
f 1958 1989 1990
f 1958 1990 1959
f 1959 1990 1991
f 1959 1991 1960
f 1960 1991 1992
f 1960 1992 1961
f 1961 1992 1993
f 1961 1993 1962
f 1962 1993 1994
f 1962 1994 1963
f 1963 1994 1995
f 1963 1995 1964
f 1964 1995 1996
f 1964 1996 1965
f 1965 1996 1997
f 1965 1997 1966
f 1966 1997 1998
f 1966 1998 1967
f 1967 1998 1999
f 1967 1999 1968
f 1968 1999 2000
f 1968 2000 1969
f 1969 2000 2001
f 1969 2001 1970
f 1970 2001 2002
f 1970 2002 658
f 1971 625 2003
f 1971 2003 1972
f 1972 2003 2004
f 1972 2004 1973
f 1973 2004 2005
f 1973 2005 1974
f 1974 2005 2006
f 1974 2006 1975
f 1975 2006 2007
f 1975 2007 1976
f 1976 2007 2008
f 1976 2008 1977
f 1977 2008 2009
f 1977 2009 1978
f 1978 2009 2010
f 1978 2010 1979
f 1979 2010 2011
f 1979 2011 1980
f 1980 2011 2012
f 1980 2012 1981
f 1981 2012 2013
f 1981 2013 1982
f 1982 2013 2014
f 1982 2014 1983
f 1983 2014 2015
f 1983 2015 1984
f 1984 2015 2016
f 1984 2016 1985
f 1985 2016 2017
f 1985 2017 1986
f 1986 2017 2018
f 1986 2018 1987
f 1987 2018 2019
f 1987 2019 1988
f 1988 2019 2020
f 1988 2020 1989
f 1989 2020 2021
f 1989 2021 1990
f 1990 2021 2022
f 1990 2022 1991
f 1991 2022 2023
f 1991 2023 1992
f 1992 2023 2024
f 1992 2024 1993
f 1993 2024 2025
f 1993 2025 1994
f 1994 2025 2026
f 1994 2026 1995
f 1995 2026 2027
f 1995 2027 1996
f 1996 2027 2028
f 1996 2028 1997
f 1997 2028 2029
f 1997 2029 1998
f 1998 2029 2030
f 1998 2030 1999
f 1999 2030 2031
f 1999 2031 2000
f 2000 2031 2032
f 2000 2032 2001
f 2001 2032 2033
f 2001 2033 2002
f 2002 2033 2034
f 2002 2034 658
f 2003 625 2035
f 2003 2035 2004
f 2004 2035 2036
f 2004 2036 2005
f 2005 2036 2037
f 2005 2037 2006
f 2006 2037 2038
f 2006 2038 2007
f 2007 2038 2039
f 2007 2039 2008
f 2008 2039 2040
f 2008 2040 2009
f 2009 2040 2041
f 2009 2041 2010
f 2010 2041 2042
f 2010 2042 2011
f 2011 2042 2043
f 2011 2043 2012
f 2012 2043 2044
f 2012 2044 2013
f 2013 2044 2045
f 2013 2045 2014
f 2014 2045 2046
f 2014 2046 2015
f 2015 2046 2047
f 2015 2047 2016
f 2016 2047 2048
f 2016 2048 2017
f 2017 2048 2049
f 2017 2049 2018
f 2018 2049 2050
f 2018 2050 2019
f 2019 2050 2051
f 2019 2051 2020
f 2020 2051 2052
f 2020 2052 2021
f 2021 2052 2053
f 2021 2053 2022
f 2022 2053 2054
f 2022 2054 2023
f 2023 2054 2055
f 2023 2055 2024
f 2024 2055 2056
f 2024 2056 2025
f 2025 2056 2057
f 2025 2057 2026
f 2026 2057 2058
f 2026 2058 2027
f 2027 2058 2059
f 2027 2059 2028
f 2028 2059 2060
f 2028 2060 2029
f 2029 2060 2061
f 2029 2061 2030
f 2030 2061 2062
f 2030 2062 2031
f 2031 2062 2063
f 2031 2063 2032
f 2032 2063 2064
f 2032 2064 2033
f 2033 2064 2065
f 2033 2065 2034
f 2034 2065 2066
f 2034 2066 658
f 2035 625 2067
f 2035 2067 2036
f 2036 2067 2068
f 2036 2068 2037
f 2037 2068 2069
f 2037 2069 2038
f 2038 2069 2070
f 2038 2070 2039
f 2039 2070 2071
f 2039 2071 2040
f 2040 2071 2072
f 2040 2072 2041
f 2041 2072 2073
f 2041 2073 2042
f 2042 2073 2074
f 2042 2074 2043
f 2043 2074 2075
f 2043 2075 2044
f 2044 2075 2076
f 2044 2076 2045
f 2045 2076 2077
f 2045 2077 2046
f 2046 2077 2078
f 2046 2078 2047
f 2047 2078 2079
f 2047 2079 2048
f 2048 2079 2080
f 2048 2080 2049
f 2049 2080 2081
f 2049 2081 2050
f 2050 2081 2082
f 2050 2082 2051
f 2051 2082 2083
f 2051 2083 2052
f 2052 2083 2084
f 2052 2084 2053
f 2053 2084 2085
f 2053 2085 2054
f 2054 2085 2086
f 2054 2086 2055
f 2055 2086 2087
f 2055 2087 2056
f 2056 2087 2088
f 2056 2088 2057
f 2057 2088 2089
f 2057 2089 2058
f 2058 2089 2090
f 2058 2090 2059
f 2059 2090 2091
f 2059 2091 2060
f 2060 2091 2092
f 2060 2092 2061
f 2061 2092 2093
f 2061 2093 2062
f 2062 2093 2094
f 2062 2094 2063
f 2063 2094 2095
f 2063 2095 2064
f 2064 2095 2096
f 2064 2096 2065
f 2065 2096 2097
f 2065 2097 2066
f 2066 2097 2098
f 2066 2098 658
f 2067 625 2099
f 2067 2099 2068
f 2068 2099 2100
f 2068 2100 2069
f 2069 2100 2101
f 2069 2101 2070
f 2070 2101 2102
f 2070 2102 2071
f 2071 2102 2103
f 2071 2103 2072
f 2072 2103 2104
f 2072 2104 2073
f 2073 2104 2105
f 2073 2105 2074
f 2074 2105 2106
f 2074 2106 2075
f 2075 2106 2107
f 2075 2107 2076
f 2076 2107 2108
f 2076 2108 2077
f 2077 2108 2109
f 2077 2109 2078
f 2078 2109 2110
f 2078 2110 2079
f 2079 2110 2111
f 2079 2111 2080
f 2080 2111 2112
f 2080 2112 2081
f 2081 2112 2113
f 2081 2113 2082
f 2082 2113 2114
f 2082 2114 2083
f 2083 2114 2115
f 2083 2115 2084
f 2084 2115 2116
f 2084 2116 2085
f 2085 2116 2117
f 2085 2117 2086
f 2086 2117 2118
f 2086 2118 2087
f 2087 2118 2119
f 2087 2119 2088
f 2088 2119 2120
f 2088 2120 2089
f 2089 2120 2121
f 2089 2121 2090
f 2090 2121 2122
f 2090 2122 2091
f 2091 2122 2123
f 2091 2123 2092
f 2092 2123 2124
f 2092 2124 2093
f 2093 2124 2125
f 2093 2125 2094
f 2094 2125 2126
f 2094 2126 2095
f 2095 2126 2127
f 2095 2127 2096
f 2096 2127 2128
f 2096 2128 2097
f 2097 2128 2129
f 2097 2129 2098
f 2098 2129 2130
f 2098 2130 658
f 2099 625 2131
f 2099 2131 2100
f 2100 2131 2132
f 2100 2132 2101
f 2101 2132 2133
f 2101 2133 2102
f 2102 2133 2134
f 2102 2134 2103
f 2103 2134 2135
f 2103 2135 2104
f 2104 2135 2136
f 2104 2136 2105
f 2105 2136 2137
f 2105 2137 2106
f 2106 2137 2138
f 2106 2138 2107
f 2107 2138 2139
f 2107 2139 2108
f 2108 2139 2140
f 2108 2140 2109
f 2109 2140 2141
f 2109 2141 2110
f 2110 2141 2142
f 2110 2142 2111
f 2111 2142 2143
f 2111 2143 2112
f 2112 2143 2144
f 2112 2144 2113
f 2113 2144 2145
f 2113 2145 2114
f 2114 2145 2146
f 2114 2146 2115
f 2115 2146 2147
f 2115 2147 2116
f 2116 2147 2148
f 2116 2148 2117
f 2117 2148 2149
f 2117 2149 2118
f 2118 2149 2150
f 2118 2150 2119
f 2119 2150 2151
f 2119 2151 2120
f 2120 2151 2152
f 2120 2152 2121
f 2121 2152 2153
f 2121 2153 2122
f 2122 2153 2154
f 2122 2154 2123
f 2123 2154 2155
f 2123 2155 2124
f 2124 2155 2156
f 2124 2156 2125
f 2125 2156 2157
f 2125 2157 2126
f 2126 2157 2158
f 2126 2158 2127
f 2127 2158 2159
f 2127 2159 2128
f 2128 2159 2160
f 2128 2160 2129
f 2129 2160 2161
f 2129 2161 2130
f 2130 2161 2162
f 2130 2162 658
f 2131 625 2163
f 2131 2163 2132
f 2132 2163 2164
f 2132 2164 2133
f 2133 2164 2165
f 2133 2165 2134
f 2134 2165 2166
f 2134 2166 2135
f 2135 2166 2167
f 2135 2167 2136
f 2136 2167 2168
f 2136 2168 2137
f 2137 2168 2169
f 2137 2169 2138
f 2138 2169 2170
f 2138 2170 2139
f 2139 2170 2171
f 2139 2171 2140
f 2140 2171 2172
f 2140 2172 2141
f 2141 2172 2173
f 2141 2173 2142
f 2142 2173 2174
f 2142 2174 2143
f 2143 2174 2175
f 2143 2175 2144
f 2144 2175 2176
f 2144 2176 2145
f 2145 2176 2177
f 2145 2177 2146
f 2146 2177 2178
f 2146 2178 2147
f 2147 2178 2179
f 2147 2179 2148
f 2148 2179 2180
f 2148 2180 2149
f 2149 2180 2181
f 2149 2181 2150
f 2150 2181 2182
f 2150 2182 2151
f 2151 2182 2183
f 2151 2183 2152
f 2152 2183 2184
f 2152 2184 2153
f 2153 2184 2185
f 2153 2185 2154
f 2154 2185 2186
f 2154 2186 2155
f 2155 2186 2187
f 2155 2187 2156
f 2156 2187 2188
f 2156 2188 2157
f 2157 2188 2189
f 2157 2189 2158
f 2158 2189 2190
f 2158 2190 2159
f 2159 2190 2191
f 2159 2191 2160
f 2160 2191 2192
f 2160 2192 2161
f 2161 2192 2193
f 2161 2193 2162
f 2162 2193 2194
f 2162 2194 658
f 2163 625 2195
f 2163 2195 2164
f 2164 2195 2196
f 2164 2196 2165
f 2165 2196 2197
f 2165 2197 2166
f 2166 2197 2198
f 2166 2198 2167
f 2167 2198 2199
f 2167 2199 2168
f 2168 2199 2200
f 2168 2200 2169
f 2169 2200 2201
f 2169 2201 2170
f 2170 2201 2202
f 2170 2202 2171
f 2171 2202 2203
f 2171 2203 2172
f 2172 2203 2204
f 2172 2204 2173
f 2173 2204 2205
f 2173 2205 2174
f 2174 2205 2206
f 2174 2206 2175
f 2175 2206 2207
f 2175 2207 2176
f 2176 2207 2208
f 2176 2208 2177
f 2177 2208 2209
f 2177 2209 2178
f 2178 2209 2210
f 2178 2210 2179
f 2179 2210 2211
f 2179 2211 2180
f 2180 2211 2212
f 2180 2212 2181
f 2181 2212 2213
f 2181 2213 2182
f 2182 2213 2214
f 2182 2214 2183
f 2183 2214 2215
f 2183 2215 2184
f 2184 2215 2216
f 2184 2216 2185
f 2185 2216 2217
f 2185 2217 2186
f 2186 2217 2218
f 2186 2218 2187
f 2187 2218 2219
f 2187 2219 2188
f 2188 2219 2220
f 2188 2220 2189
f 2189 2220 2221
f 2189 2221 2190
f 2190 2221 2222
f 2190 2222 2191
f 2191 2222 2223
f 2191 2223 2192
f 2192 2223 2224
f 2192 2224 2193
f 2193 2224 2225
f 2193 2225 2194
f 2194 2225 2226
f 2194 2226 658
f 2195 625 2227
f 2195 2227 2196
f 2196 2227 2228
f 2196 2228 2197
f 2197 2228 2229
f 2197 2229 2198
f 2198 2229 2230
f 2198 2230 2199
f 2199 2230 2231
f 2199 2231 2200
f 2200 2231 2232
f 2200 2232 2201
f 2201 2232 2233
f 2201 2233 2202
f 2202 2233 2234
f 2202 2234 2203
f 2203 2234 2235
f 2203 2235 2204
f 2204 2235 2236
f 2204 2236 2205
f 2205 2236 2237
f 2205 2237 2206
f 2206 2237 2238
f 2206 2238 2207
f 2207 2238 2239
f 2207 2239 2208
f 2208 2239 2240
f 2208 2240 2209
f 2209 2240 2241
f 2209 2241 2210
f 2210 2241 2242
f 2210 2242 2211
f 2211 2242 2243
f 2211 2243 2212
f 2212 2243 2244
f 2212 2244 2213
f 2213 2244 2245
f 2213 2245 2214
f 2214 2245 2246
f 2214 2246 2215
f 2215 2246 2247
f 2215 2247 2216
f 2216 2247 2248
f 2216 2248 2217
f 2217 2248 2249
f 2217 2249 2218
f 2218 2249 2250
f 2218 2250 2219
f 2219 2250 2251
f 2219 2251 2220
f 2220 2251 2252
f 2220 2252 2221
f 2221 2252 2253
f 2221 2253 2222
f 2222 2253 2254
f 2222 2254 2223
f 2223 2254 2255
f 2223 2255 2224
f 2224 2255 2256
f 2224 2256 2225
f 2225 2256 2257
f 2225 2257 2226
f 2226 2257 2258
f 2226 2258 658
f 2227 625 2259
f 2227 2259 2228
f 2228 2259 2260
f 2228 2260 2229
f 2229 2260 2261
f 2229 2261 2230
f 2230 2261 2262
f 2230 2262 2231
f 2231 2262 2263
f 2231 2263 2232
f 2232 2263 2264
f 2232 2264 2233
f 2233 2264 2265
f 2233 2265 2234
f 2234 2265 2266
f 2234 2266 2235
f 2235 2266 2267
f 2235 2267 2236
f 2236 2267 2268
f 2236 2268 2237
f 2237 2268 2269
f 2237 2269 2238
f 2238 2269 2270
f 2238 2270 2239
f 2239 2270 2271
f 2239 2271 2240
f 2240 2271 2272
f 2240 2272 2241
f 2241 2272 2273
f 2241 2273 2242
f 2242 2273 2274
f 2242 2274 2243
f 2243 2274 2275
f 2243 2275 2244
f 2244 2275 2276
f 2244 2276 2245
f 2245 2276 2277
f 2245 2277 2246
f 2246 2277 2278
f 2246 2278 2247
f 2247 2278 2279
f 2247 2279 2248
f 2248 2279 2280
f 2248 2280 2249
f 2249 2280 2281
f 2249 2281 2250
f 2250 2281 2282
f 2250 2282 2251
f 2251 2282 2283
f 2251 2283 2252
f 2252 2283 2284
f 2252 2284 2253
f 2253 2284 2285
f 2253 2285 2254
f 2254 2285 2286
f 2254 2286 2255
f 2255 2286 2287
f 2255 2287 2256
f 2256 2287 2288
f 2256 2288 2257
f 2257 2288 2289
f 2257 2289 2258
f 2258 2289 2290
f 2258 2290 658
f 2259 625 2291
f 2259 2291 2260
f 2260 2291 2292
f 2260 2292 2261
f 2261 2292 2293
f 2261 2293 2262
f 2262 2293 2294
f 2262 2294 2263
f 2263 2294 2295
f 2263 2295 2264
f 2264 2295 2296
f 2264 2296 2265
f 2265 2296 2297
f 2265 2297 2266
f 2266 2297 2298
f 2266 2298 2267
f 2267 2298 2299
f 2267 2299 2268
f 2268 2299 2300
f 2268 2300 2269
f 2269 2300 2301
f 2269 2301 2270
f 2270 2301 2302
f 2270 2302 2271
f 2271 2302 2303
f 2271 2303 2272
f 2272 2303 2304
f 2272 2304 2273
f 2273 2304 2305
f 2273 2305 2274
f 2274 2305 2306
f 2274 2306 2275
f 2275 2306 2307
f 2275 2307 2276
f 2276 2307 2308
f 2276 2308 2277
f 2277 2308 2309
f 2277 2309 2278
f 2278 2309 2310
f 2278 2310 2279
f 2279 2310 2311
f 2279 2311 2280
f 2280 2311 2312
f 2280 2312 2281
f 2281 2312 2313
f 2281 2313 2282
f 2282 2313 2314
f 2282 2314 2283
f 2283 2314 2315
f 2283 2315 2284
f 2284 2315 2316
f 2284 2316 2285
f 2285 2316 2317
f 2285 2317 2286
f 2286 2317 2318
f 2286 2318 2287
f 2287 2318 2319
f 2287 2319 2288
f 2288 2319 2320
f 2288 2320 2289
f 2289 2320 2321
f 2289 2321 2290
f 2290 2321 2322
f 2290 2322 658
f 2291 625 2323
f 2291 2323 2292
f 2292 2323 2324
f 2292 2324 2293
f 2293 2324 2325
f 2293 2325 2294
f 2294 2325 2326
f 2294 2326 2295
f 2295 2326 2327
f 2295 2327 2296
f 2296 2327 2328
f 2296 2328 2297
f 2297 2328 2329
f 2297 2329 2298
f 2298 2329 2330
f 2298 2330 2299
f 2299 2330 2331
f 2299 2331 2300
f 2300 2331 2332
f 2300 2332 2301
f 2301 2332 2333
f 2301 2333 2302
f 2302 2333 2334
f 2302 2334 2303
f 2303 2334 2335
f 2303 2335 2304
f 2304 2335 2336
f 2304 2336 2305
f 2305 2336 2337
f 2305 2337 2306
f 2306 2337 2338
f 2306 2338 2307
f 2307 2338 2339
f 2307 2339 2308
f 2308 2339 2340
f 2308 2340 2309
f 2309 2340 2341
f 2309 2341 2310
f 2310 2341 2342
f 2310 2342 2311
f 2311 2342 2343
f 2311 2343 2312
f 2312 2343 2344
f 2312 2344 2313
f 2313 2344 2345
f 2313 2345 2314
f 2314 2345 2346
f 2314 2346 2315
f 2315 2346 2347
f 2315 2347 2316
f 2316 2347 2348
f 2316 2348 2317
f 2317 2348 2349
f 2317 2349 2318
f 2318 2349 2350
f 2318 2350 2319
f 2319 2350 2351
f 2319 2351 2320
f 2320 2351 2352
f 2320 2352 2321
f 2321 2352 2353
f 2321 2353 2322
f 2322 2353 2354
f 2322 2354 658
f 2323 625 2355
f 2323 2355 2324
f 2324 2355 2356
f 2324 2356 2325
f 2325 2356 2357
f 2325 2357 2326
f 2326 2357 2358
f 2326 2358 2327
f 2327 2358 2359
f 2327 2359 2328
f 2328 2359 2360
f 2328 2360 2329
f 2329 2360 2361
f 2329 2361 2330
f 2330 2361 2362
f 2330 2362 2331
f 2331 2362 2363
f 2331 2363 2332
f 2332 2363 2364
f 2332 2364 2333
f 2333 2364 2365
f 2333 2365 2334
f 2334 2365 2366
f 2334 2366 2335
f 2335 2366 2367
f 2335 2367 2336
f 2336 2367 2368
f 2336 2368 2337
f 2337 2368 2369
f 2337 2369 2338
f 2338 2369 2370
f 2338 2370 2339
f 2339 2370 2371
f 2339 2371 2340
f 2340 2371 2372
f 2340 2372 2341
f 2341 2372 2373
f 2341 2373 2342
f 2342 2373 2374
f 2342 2374 2343
f 2343 2374 2375
f 2343 2375 2344
f 2344 2375 2376
f 2344 2376 2345
f 2345 2376 2377
f 2345 2377 2346
f 2346 2377 2378
f 2346 2378 2347
f 2347 2378 2379
f 2347 2379 2348
f 2348 2379 2380
f 2348 2380 2349
f 2349 2380 2381
f 2349 2381 2350
f 2350 2381 2382
f 2350 2382 2351
f 2351 2382 2383
f 2351 2383 2352
f 2352 2383 2384
f 2352 2384 2353
f 2353 2384 2385
f 2353 2385 2354
f 2354 2385 2386
f 2354 2386 658
f 2355 625 2387
f 2355 2387 2356
f 2356 2387 2388
f 2356 2388 2357
f 2357 2388 2389
f 2357 2389 2358
f 2358 2389 2390
f 2358 2390 2359
f 2359 2390 2391
f 2359 2391 2360
f 2360 2391 2392
f 2360 2392 2361
f 2361 2392 2393
f 2361 2393 2362
f 2362 2393 2394
f 2362 2394 2363
f 2363 2394 2395
f 2363 2395 2364
f 2364 2395 2396
f 2364 2396 2365
f 2365 2396 2397
f 2365 2397 2366
f 2366 2397 2398
f 2366 2398 2367
f 2367 2398 2399
f 2367 2399 2368
f 2368 2399 2400
f 2368 2400 2369
f 2369 2400 2401
f 2369 2401 2370
f 2370 2401 2402
f 2370 2402 2371
f 2371 2402 2403
f 2371 2403 2372
f 2372 2403 2404
f 2372 2404 2373
f 2373 2404 2405
f 2373 2405 2374
f 2374 2405 2406
f 2374 2406 2375
f 2375 2406 2407
f 2375 2407 2376
f 2376 2407 2408
f 2376 2408 2377
f 2377 2408 2409
f 2377 2409 2378
f 2378 2409 2410
f 2378 2410 2379
f 2379 2410 2411
f 2379 2411 2380
f 2380 2411 2412
f 2380 2412 2381
f 2381 2412 2413
f 2381 2413 2382
f 2382 2413 2414
f 2382 2414 2383
f 2383 2414 2415
f 2383 2415 2384
f 2384 2415 2416
f 2384 2416 2385
f 2385 2416 2417
f 2385 2417 2386
f 2386 2417 2418
f 2386 2418 658
f 2387 625 2419
f 2387 2419 2388
f 2388 2419 2420
f 2388 2420 2389
f 2389 2420 2421
f 2389 2421 2390
f 2390 2421 2422
f 2390 2422 2391
f 2391 2422 2423
f 2391 2423 2392
f 2392 2423 2424
f 2392 2424 2393
f 2393 2424 2425
f 2393 2425 2394
f 2394 2425 2426
f 2394 2426 2395
f 2395 2426 2427
f 2395 2427 2396
f 2396 2427 2428
f 2396 2428 2397
f 2397 2428 2429
f 2397 2429 2398
f 2398 2429 2430
f 2398 2430 2399
f 2399 2430 2431
f 2399 2431 2400
f 2400 2431 2432
f 2400 2432 2401
f 2401 2432 2433
f 2401 2433 2402
f 2402 2433 2434
f 2402 2434 2403
f 2403 2434 2435
f 2403 2435 2404
f 2404 2435 2436
f 2404 2436 2405
f 2405 2436 2437
f 2405 2437 2406
f 2406 2437 2438
f 2406 2438 2407
f 2407 2438 2439
f 2407 2439 2408
f 2408 2439 2440
f 2408 2440 2409
f 2409 2440 2441
f 2409 2441 2410
f 2410 2441 2442
f 2410 2442 2411
f 2411 2442 2443
f 2411 2443 2412
f 2412 2443 2444
f 2412 2444 2413
f 2413 2444 2445
f 2413 2445 2414
f 2414 2445 2446
f 2414 2446 2415
f 2415 2446 2447
f 2415 2447 2416
f 2416 2447 2448
f 2416 2448 2417
f 2417 2448 2449
f 2417 2449 2418
f 2418 2449 2450
f 2418 2450 658
f 2419 625 2451
f 2419 2451 2420
f 2420 2451 2452
f 2420 2452 2421
f 2421 2452 2453
f 2421 2453 2422
f 2422 2453 2454
f 2422 2454 2423
f 2423 2454 2455
f 2423 2455 2424
f 2424 2455 2456
f 2424 2456 2425
f 2425 2456 2457
f 2425 2457 2426
f 2426 2457 2458
f 2426 2458 2427
f 2427 2458 2459
f 2427 2459 2428
f 2428 2459 2460
f 2428 2460 2429
f 2429 2460 2461
f 2429 2461 2430
f 2430 2461 2462
f 2430 2462 2431
f 2431 2462 2463
f 2431 2463 2432
f 2432 2463 2464
f 2432 2464 2433
f 2433 2464 2465
f 2433 2465 2434
f 2434 2465 2466
f 2434 2466 2435
f 2435 2466 2467
f 2435 2467 2436
f 2436 2467 2468
f 2436 2468 2437
f 2437 2468 2469
f 2437 2469 2438
f 2438 2469 2470
f 2438 2470 2439
f 2439 2470 2471
f 2439 2471 2440
f 2440 2471 2472
f 2440 2472 2441
f 2441 2472 2473
f 2441 2473 2442
f 2442 2473 2474
f 2442 2474 2443
f 2443 2474 2475
f 2443 2475 2444
f 2444 2475 2476
f 2444 2476 2445
f 2445 2476 2477
f 2445 2477 2446
f 2446 2477 2478
f 2446 2478 2447
f 2447 2478 2479
f 2447 2479 2448
f 2448 2479 2480
f 2448 2480 2449
f 2449 2480 2481
f 2449 2481 2450
f 2450 2481 2482
f 2450 2482 658
f 2451 625 2483
f 2451 2483 2452
f 2452 2483 2484
f 2452 2484 2453
f 2453 2484 2485
f 2453 2485 2454
f 2454 2485 2486
f 2454 2486 2455
f 2455 2486 2487
f 2455 2487 2456
f 2456 2487 2488
f 2456 2488 2457
f 2457 2488 2489
f 2457 2489 2458
f 2458 2489 2490
f 2458 2490 2459
f 2459 2490 2491
f 2459 2491 2460
f 2460 2491 2492
f 2460 2492 2461
f 2461 2492 2493
f 2461 2493 2462
f 2462 2493 2494
f 2462 2494 2463
f 2463 2494 2495
f 2463 2495 2464
f 2464 2495 2496
f 2464 2496 2465
f 2465 2496 2497
f 2465 2497 2466
f 2466 2497 2498
f 2466 2498 2467
f 2467 2498 2499
f 2467 2499 2468
f 2468 2499 2500
f 2468 2500 2469
f 2469 2500 2501
f 2469 2501 2470
f 2470 2501 2502
f 2470 2502 2471
f 2471 2502 2503
f 2471 2503 2472
f 2472 2503 2504
f 2472 2504 2473
f 2473 2504 2505
f 2473 2505 2474
f 2474 2505 2506
f 2474 2506 2475
f 2475 2506 2507
f 2475 2507 2476
f 2476 2507 2508
f 2476 2508 2477
f 2477 2508 2509
f 2477 2509 2478
f 2478 2509 2510
f 2478 2510 2479
f 2479 2510 2511
f 2479 2511 2480
f 2480 2511 2512
f 2480 2512 2481
f 2481 2512 2513
f 2481 2513 2482
f 2482 2513 2514
f 2482 2514 658
f 2483 625 2515
f 2483 2515 2484
f 2484 2515 2516
f 2484 2516 2485
f 2485 2516 2517
f 2485 2517 2486
f 2486 2517 2518
f 2486 2518 2487
f 2487 2518 2519
f 2487 2519 2488
f 2488 2519 2520
f 2488 2520 2489
f 2489 2520 2521
f 2489 2521 2490
f 2490 2521 2522
f 2490 2522 2491
f 2491 2522 2523
f 2491 2523 2492
f 2492 2523 2524
f 2492 2524 2493
f 2493 2524 2525
f 2493 2525 2494
f 2494 2525 2526
f 2494 2526 2495
f 2495 2526 2527
f 2495 2527 2496
f 2496 2527 2528
f 2496 2528 2497
f 2497 2528 2529
f 2497 2529 2498
f 2498 2529 2530
f 2498 2530 2499
f 2499 2530 2531
f 2499 2531 2500
f 2500 2531 2532
f 2500 2532 2501
f 2501 2532 2533
f 2501 2533 2502
f 2502 2533 2534
f 2502 2534 2503
f 2503 2534 2535
f 2503 2535 2504
f 2504 2535 2536
f 2504 2536 2505
f 2505 2536 2537
f 2505 2537 2506
f 2506 2537 2538
f 2506 2538 2507
f 2507 2538 2539
f 2507 2539 2508
f 2508 2539 2540
f 2508 2540 2509
f 2509 2540 2541
f 2509 2541 2510
f 2510 2541 2542
f 2510 2542 2511
f 2511 2542 2543
f 2511 2543 2512
f 2512 2543 2544
f 2512 2544 2513
f 2513 2544 2545
f 2513 2545 2514
f 2514 2545 2546
f 2514 2546 658
f 2515 625 2547
f 2515 2547 2516
f 2516 2547 2548
f 2516 2548 2517
f 2517 2548 2549
f 2517 2549 2518
f 2518 2549 2550
f 2518 2550 2519
f 2519 2550 2551
f 2519 2551 2520
f 2520 2551 2552
f 2520 2552 2521
f 2521 2552 2553
f 2521 2553 2522
f 2522 2553 2554
f 2522 2554 2523
f 2523 2554 2555
f 2523 2555 2524
f 2524 2555 2556
f 2524 2556 2525
f 2525 2556 2557
f 2525 2557 2526
f 2526 2557 2558
f 2526 2558 2527
f 2527 2558 2559
f 2527 2559 2528
f 2528 2559 2560
f 2528 2560 2529
f 2529 2560 2561
f 2529 2561 2530
f 2530 2561 2562
f 2530 2562 2531
f 2531 2562 2563
f 2531 2563 2532
f 2532 2563 2564
f 2532 2564 2533
f 2533 2564 2565
f 2533 2565 2534
f 2534 2565 2566
f 2534 2566 2535
f 2535 2566 2567
f 2535 2567 2536
f 2536 2567 2568
f 2536 2568 2537
f 2537 2568 2569
f 2537 2569 2538
f 2538 2569 2570
f 2538 2570 2539
f 2539 2570 2571
f 2539 2571 2540
f 2540 2571 2572
f 2540 2572 2541
f 2541 2572 2573
f 2541 2573 2542
f 2542 2573 2574
f 2542 2574 2543
f 2543 2574 2575
f 2543 2575 2544
f 2544 2575 2576
f 2544 2576 2545
f 2545 2576 2577
f 2545 2577 2546
f 2546 2577 2578
f 2546 2578 658
f 2547 625 2579
f 2547 2579 2548
f 2548 2579 2580
f 2548 2580 2549
f 2549 2580 2581
f 2549 2581 2550
f 2550 2581 2582
f 2550 2582 2551
f 2551 2582 2583
f 2551 2583 2552
f 2552 2583 2584
f 2552 2584 2553
f 2553 2584 2585
f 2553 2585 2554
f 2554 2585 2586
f 2554 2586 2555
f 2555 2586 2587
f 2555 2587 2556
f 2556 2587 2588
f 2556 2588 2557
f 2557 2588 2589
f 2557 2589 2558
f 2558 2589 2590
f 2558 2590 2559
f 2559 2590 2591
f 2559 2591 2560
f 2560 2591 2592
f 2560 2592 2561
f 2561 2592 2593
f 2561 2593 2562
f 2562 2593 2594
f 2562 2594 2563
f 2563 2594 2595
f 2563 2595 2564
f 2564 2595 2596
f 2564 2596 2565
f 2565 2596 2597
f 2565 2597 2566
f 2566 2597 2598
f 2566 2598 2567
f 2567 2598 2599
f 2567 2599 2568
f 2568 2599 2600
f 2568 2600 2569
f 2569 2600 2601
f 2569 2601 2570
f 2570 2601 2602
f 2570 2602 2571
f 2571 2602 2603
f 2571 2603 2572
f 2572 2603 2604
f 2572 2604 2573
f 2573 2604 2605
f 2573 2605 2574
f 2574 2605 2606
f 2574 2606 2575
f 2575 2606 2607
f 2575 2607 2576
f 2576 2607 2608
f 2576 2608 2577
f 2577 2608 2609
f 2577 2609 2578
f 2578 2609 2610
f 2578 2610 658
f 2579 625 2611
f 2579 2611 2580
f 2580 2611 2612
f 2580 2612 2581
f 2581 2612 2613
f 2581 2613 2582
f 2582 2613 2614
f 2582 2614 2583
f 2583 2614 2615
f 2583 2615 2584
f 2584 2615 2616
f 2584 2616 2585
f 2585 2616 2617
f 2585 2617 2586
f 2586 2617 2618
f 2586 2618 2587
f 2587 2618 2619
f 2587 2619 2588
f 2588 2619 2620
f 2588 2620 2589
f 2589 2620 2621
f 2589 2621 2590
f 2590 2621 2622
f 2590 2622 2591
f 2591 2622 2623
f 2591 2623 2592
f 2592 2623 2624
f 2592 2624 2593
f 2593 2624 2625
f 2593 2625 2594
f 2594 2625 2626
f 2594 2626 2595
f 2595 2626 2627
f 2595 2627 2596
f 2596 2627 2628
f 2596 2628 2597
f 2597 2628 2629
f 2597 2629 2598
f 2598 2629 2630
f 2598 2630 2599
f 2599 2630 2631
f 2599 2631 2600
f 2600 2631 2632
f 2600 2632 2601
f 2601 2632 2633
f 2601 2633 2602
f 2602 2633 2634
f 2602 2634 2603
f 2603 2634 2635
f 2603 2635 2604
f 2604 2635 2636
f 2604 2636 2605
f 2605 2636 2637
f 2605 2637 2606
f 2606 2637 2638
f 2606 2638 2607
f 2607 2638 2639
f 2607 2639 2608
f 2608 2639 2640
f 2608 2640 2609
f 2609 2640 2641
f 2609 2641 2610
f 2610 2641 2642
f 2610 2642 658
f 2611 625 2643
f 2611 2643 2612
f 2612 2643 2644
f 2612 2644 2613
f 2613 2644 2645
f 2613 2645 2614
f 2614 2645 2646
f 2614 2646 2615
f 2615 2646 2647
f 2615 2647 2616
f 2616 2647 2648
f 2616 2648 2617
f 2617 2648 2649
f 2617 2649 2618
f 2618 2649 2650
f 2618 2650 2619
f 2619 2650 2651
f 2619 2651 2620
f 2620 2651 2652
f 2620 2652 2621
f 2621 2652 2653
f 2621 2653 2622
f 2622 2653 2654
f 2622 2654 2623
f 2623 2654 2655
f 2623 2655 2624
f 2624 2655 2656
f 2624 2656 2625
f 2625 2656 2657
f 2625 2657 2626
f 2626 2657 2658
f 2626 2658 2627
f 2627 2658 2659
f 2627 2659 2628
f 2628 2659 2660
f 2628 2660 2629
f 2629 2660 2661
f 2629 2661 2630
f 2630 2661 2662
f 2630 2662 2631
f 2631 2662 2663
f 2631 2663 2632
f 2632 2663 2664
f 2632 2664 2633
f 2633 2664 2665
f 2633 2665 2634
f 2634 2665 2666
f 2634 2666 2635
f 2635 2666 2667
f 2635 2667 2636
f 2636 2667 2668
f 2636 2668 2637
f 2637 2668 2669
f 2637 2669 2638
f 2638 2669 2670
f 2638 2670 2639
f 2639 2670 2671
f 2639 2671 2640
f 2640 2671 2672
f 2640 2672 2641
f 2641 2672 2673
f 2641 2673 2642
f 2642 2673 2674
f 2642 2674 658
f 2643 625 626
f 2643 626 2644
f 2644 626 627
f 2644 627 2645
f 2645 627 628
f 2645 628 2646
f 2646 628 629
f 2646 629 2647
f 2647 629 630
f 2647 630 2648
f 2648 630 631
f 2648 631 2649
f 2649 631 632
f 2649 632 2650
f 2650 632 633
f 2650 633 2651
f 2651 633 634
f 2651 634 2652
f 2652 634 635
f 2652 635 2653
f 2653 635 636
f 2653 636 2654
f 2654 636 637
f 2654 637 2655
f 2655 637 638
f 2655 638 2656
f 2656 638 639
f 2656 639 2657
f 2657 639 640
f 2657 640 2658
f 2658 640 641
f 2658 641 2659
f 2659 641 642
f 2659 642 2660
f 2660 642 643
f 2660 643 2661
f 2661 643 644
f 2661 644 2662
f 2662 644 645
f 2662 645 2663
f 2663 645 646
f 2663 646 2664
f 2664 646 647
f 2664 647 2665
f 2665 647 648
f 2665 648 2666
f 2666 648 649
f 2666 649 2667
f 2667 649 650
f 2667 650 2668
f 2668 650 651
f 2668 651 2669
f 2669 651 652
f 2669 652 2670
f 2670 652 653
f 2670 653 2671
f 2671 653 654
f 2671 654 2672
f 2672 654 655
f 2672 655 2673
f 2673 655 656
f 2673 656 2674
f 2674 656 657
f 2674 657 658
f 2676 2675 2709
f 2676 2709 2677
f 2677 2709 2710
f 2677 2710 2678
f 2678 2710 2711
f 2678 2711 2679
f 2679 2711 2712
f 2679 2712 2680
f 2680 2712 2713
f 2680 2713 2681
f 2681 2713 2714
f 2681 2714 2682
f 2682 2714 2715
f 2682 2715 2683
f 2683 2715 2716
f 2683 2716 2684
f 2684 2716 2717
f 2684 2717 2685
f 2685 2717 2718
f 2685 2718 2686
f 2686 2718 2719
f 2686 2719 2687
f 2687 2719 2720
f 2687 2720 2688
f 2688 2720 2721
f 2688 2721 2689
f 2689 2721 2722
f 2689 2722 2690
f 2690 2722 2723
f 2690 2723 2691
f 2691 2723 2724
f 2691 2724 2692
f 2692 2724 2725
f 2692 2725 2693
f 2693 2725 2726
f 2693 2726 2694
f 2694 2726 2727
f 2694 2727 2695
f 2695 2727 2728
f 2695 2728 2696
f 2696 2728 2729
f 2696 2729 2697
f 2697 2729 2730
f 2697 2730 2698
f 2698 2730 2731
f 2698 2731 2699
f 2699 2731 2732
f 2699 2732 2700
f 2700 2732 2733
f 2700 2733 2701
f 2701 2733 2734
f 2701 2734 2702
f 2702 2734 2735
f 2702 2735 2703
f 2703 2735 2736
f 2703 2736 2704
f 2704 2736 2737
f 2704 2737 2705
f 2705 2737 2738
f 2705 2738 2706
f 2706 2738 2739
f 2706 2739 2707
f 2707 2739 2740
f 2707 2740 2708
f 2709 2675 2741
f 2709 2741 2710
f 2710 2741 2742
f 2710 2742 2711
f 2711 2742 2743
f 2711 2743 2712
f 2712 2743 2744
f 2712 2744 2713
f 2713 2744 2745
f 2713 2745 2714
f 2714 2745 2746
f 2714 2746 2715
f 2715 2746 2747
f 2715 2747 2716
f 2716 2747 2748
f 2716 2748 2717
f 2717 2748 2749
f 2717 2749 2718
f 2718 2749 2750
f 2718 2750 2719
f 2719 2750 2751
f 2719 2751 2720
f 2720 2751 2752
f 2720 2752 2721
f 2721 2752 2753
f 2721 2753 2722
f 2722 2753 2754
f 2722 2754 2723
f 2723 2754 2755
f 2723 2755 2724
f 2724 2755 2756
f 2724 2756 2725
f 2725 2756 2757
f 2725 2757 2726
f 2726 2757 2758
f 2726 2758 2727
f 2727 2758 2759
f 2727 2759 2728
f 2728 2759 2760
f 2728 2760 2729
f 2729 2760 2761
f 2729 2761 2730
f 2730 2761 2762
f 2730 2762 2731
f 2731 2762 2763
f 2731 2763 2732
f 2732 2763 2764
f 2732 2764 2733
f 2733 2764 2765
f 2733 2765 2734
f 2734 2765 2766
f 2734 2766 2735
f 2735 2766 2767
f 2735 2767 2736
f 2736 2767 2768
f 2736 2768 2737
f 2737 2768 2769
f 2737 2769 2738
f 2738 2769 2770
f 2738 2770 2739
f 2739 2770 2771
f 2739 2771 2740
f 2740 2771 2772
f 2740 2772 2708
f 2741 2675 2773
f 2741 2773 2742
f 2742 2773 2774
f 2742 2774 2743
f 2743 2774 2775
f 2743 2775 2744
f 2744 2775 2776
f 2744 2776 2745
f 2745 2776 2777
f 2745 2777 2746
f 2746 2777 2778
f 2746 2778 2747
f 2747 2778 2779
f 2747 2779 2748
f 2748 2779 2780
f 2748 2780 2749
f 2749 2780 2781
f 2749 2781 2750
f 2750 2781 2782
f 2750 2782 2751
f 2751 2782 2783
f 2751 2783 2752
f 2752 2783 2784
f 2752 2784 2753
f 2753 2784 2785
f 2753 2785 2754
f 2754 2785 2786
f 2754 2786 2755
f 2755 2786 2787
f 2755 2787 2756
f 2756 2787 2788
f 2756 2788 2757
f 2757 2788 2789
f 2757 2789 2758
f 2758 2789 2790
f 2758 2790 2759
f 2759 2790 2791
f 2759 2791 2760
f 2760 2791 2792
f 2760 2792 2761
f 2761 2792 2793
f 2761 2793 2762
f 2762 2793 2794
f 2762 2794 2763
f 2763 2794 2795
f 2763 2795 2764
f 2764 2795 2796
f 2764 2796 2765
f 2765 2796 2797
f 2765 2797 2766
f 2766 2797 2798
f 2766 2798 2767
f 2767 2798 2799
f 2767 2799 2768
f 2768 2799 2800
f 2768 2800 2769
f 2769 2800 2801
f 2769 2801 2770
f 2770 2801 2802
f 2770 2802 2771
f 2771 2802 2803
f 2771 2803 2772
f 2772 2803 2804
f 2772 2804 2708
f 2773 2675 2805
f 2773 2805 2774
f 2774 2805 2806
f 2774 2806 2775
f 2775 2806 2807
f 2775 2807 2776
f 2776 2807 2808
f 2776 2808 2777
f 2777 2808 2809
f 2777 2809 2778
f 2778 2809 2810
f 2778 2810 2779
f 2779 2810 2811
f 2779 2811 2780
f 2780 2811 2812
f 2780 2812 2781
f 2781 2812 2813
f 2781 2813 2782
f 2782 2813 2814
f 2782 2814 2783
f 2783 2814 2815
f 2783 2815 2784
f 2784 2815 2816
f 2784 2816 2785
f 2785 2816 2817
f 2785 2817 2786
f 2786 2817 2818
f 2786 2818 2787
f 2787 2818 2819
f 2787 2819 2788
f 2788 2819 2820
f 2788 2820 2789
f 2789 2820 2821
f 2789 2821 2790
f 2790 2821 2822
f 2790 2822 2791
f 2791 2822 2823
f 2791 2823 2792
f 2792 2823 2824
f 2792 2824 2793
f 2793 2824 2825
f 2793 2825 2794
f 2794 2825 2826
f 2794 2826 2795
f 2795 2826 2827
f 2795 2827 2796
f 2796 2827 2828
f 2796 2828 2797
f 2797 2828 2829
f 2797 2829 2798
f 2798 2829 2830
f 2798 2830 2799
f 2799 2830 2831
f 2799 2831 2800
f 2800 2831 2832
f 2800 2832 2801
f 2801 2832 2833
f 2801 2833 2802
f 2802 2833 2834
f 2802 2834 2803
f 2803 2834 2835
f 2803 2835 2804
f 2804 2835 2836
f 2804 2836 2708
f 2805 2675 2837
f 2805 2837 2806
f 2806 2837 2838
f 2806 2838 2807
f 2807 2838 2839
f 2807 2839 2808
f 2808 2839 2840
f 2808 2840 2809
f 2809 2840 2841
f 2809 2841 2810
f 2810 2841 2842
f 2810 2842 2811
f 2811 2842 2843
f 2811 2843 2812
f 2812 2843 2844
f 2812 2844 2813
f 2813 2844 2845
f 2813 2845 2814
f 2814 2845 2846
f 2814 2846 2815
f 2815 2846 2847
f 2815 2847 2816
f 2816 2847 2848
f 2816 2848 2817
f 2817 2848 2849
f 2817 2849 2818
f 2818 2849 2850
f 2818 2850 2819
f 2819 2850 2851
f 2819 2851 2820
f 2820 2851 2852
f 2820 2852 2821
f 2821 2852 2853
f 2821 2853 2822
f 2822 2853 2854
f 2822 2854 2823
f 2823 2854 2855
f 2823 2855 2824
f 2824 2855 2856
f 2824 2856 2825
f 2825 2856 2857
f 2825 2857 2826
f 2826 2857 2858
f 2826 2858 2827
f 2827 2858 2859
f 2827 2859 2828
f 2828 2859 2860
f 2828 2860 2829
f 2829 2860 2861
f 2829 2861 2830
f 2830 2861 2862
f 2830 2862 2831
f 2831 2862 2863
f 2831 2863 2832
f 2832 2863 2864
f 2832 2864 2833
f 2833 2864 2865
f 2833 2865 2834
f 2834 2865 2866
f 2834 2866 2835
f 2835 2866 2867
f 2835 2867 2836
f 2836 2867 2868
f 2836 2868 2708
f 2837 2675 2869
f 2837 2869 2838
f 2838 2869 2870
f 2838 2870 2839
f 2839 2870 2871
f 2839 2871 2840
f 2840 2871 2872
f 2840 2872 2841
f 2841 2872 2873
f 2841 2873 2842
f 2842 2873 2874
f 2842 2874 2843
f 2843 2874 2875
f 2843 2875 2844
f 2844 2875 2876
f 2844 2876 2845
f 2845 2876 2877
f 2845 2877 2846
f 2846 2877 2878
f 2846 2878 2847
f 2847 2878 2879
f 2847 2879 2848
f 2848 2879 2880
f 2848 2880 2849
f 2849 2880 2881
f 2849 2881 2850
f 2850 2881 2882
f 2850 2882 2851
f 2851 2882 2883
f 2851 2883 2852
f 2852 2883 2884
f 2852 2884 2853
f 2853 2884 2885
f 2853 2885 2854
f 2854 2885 2886
f 2854 2886 2855
f 2855 2886 2887
f 2855 2887 2856
f 2856 2887 2888
f 2856 2888 2857
f 2857 2888 2889
f 2857 2889 2858
f 2858 2889 2890
f 2858 2890 2859
f 2859 2890 2891
f 2859 2891 2860
f 2860 2891 2892
f 2860 2892 2861
f 2861 2892 2893
f 2861 2893 2862
f 2862 2893 2894
f 2862 2894 2863
f 2863 2894 2895
f 2863 2895 2864
f 2864 2895 2896
f 2864 2896 2865
f 2865 2896 2897
f 2865 2897 2866
f 2866 2897 2898
f 2866 2898 2867
f 2867 2898 2899
f 2867 2899 2868
f 2868 2899 2900
f 2868 2900 2708
f 2869 2675 2901
f 2869 2901 2870
f 2870 2901 2902
f 2870 2902 2871
f 2871 2902 2903
f 2871 2903 2872
f 2872 2903 2904
f 2872 2904 2873
f 2873 2904 2905
f 2873 2905 2874
f 2874 2905 2906
f 2874 2906 2875
f 2875 2906 2907
f 2875 2907 2876
f 2876 2907 2908
f 2876 2908 2877
f 2877 2908 2909
f 2877 2909 2878
f 2878 2909 2910
f 2878 2910 2879
f 2879 2910 2911
f 2879 2911 2880
f 2880 2911 2912
f 2880 2912 2881
f 2881 2912 2913
f 2881 2913 2882
f 2882 2913 2914
f 2882 2914 2883
f 2883 2914 2915
f 2883 2915 2884
f 2884 2915 2916
f 2884 2916 2885
f 2885 2916 2917
f 2885 2917 2886
f 2886 2917 2918
f 2886 2918 2887
f 2887 2918 2919
f 2887 2919 2888
f 2888 2919 2920
f 2888 2920 2889
f 2889 2920 2921
f 2889 2921 2890
f 2890 2921 2922
f 2890 2922 2891
f 2891 2922 2923
f 2891 2923 2892
f 2892 2923 2924
f 2892 2924 2893
f 2893 2924 2925
f 2893 2925 2894
f 2894 2925 2926
f 2894 2926 2895
f 2895 2926 2927
f 2895 2927 2896
f 2896 2927 2928
f 2896 2928 2897
f 2897 2928 2929
f 2897 2929 2898
f 2898 2929 2930
f 2898 2930 2899
f 2899 2930 2931
f 2899 2931 2900
f 2900 2931 2932
f 2900 2932 2708
f 2901 2675 2933
f 2901 2933 2902
f 2902 2933 2934
f 2902 2934 2903
f 2903 2934 2935
f 2903 2935 2904
f 2904 2935 2936
f 2904 2936 2905
f 2905 2936 2937
f 2905 2937 2906
f 2906 2937 2938
f 2906 2938 2907
f 2907 2938 2939
f 2907 2939 2908
f 2908 2939 2940
f 2908 2940 2909
f 2909 2940 2941
f 2909 2941 2910
f 2910 2941 2942
f 2910 2942 2911
f 2911 2942 2943
f 2911 2943 2912
f 2912 2943 2944
f 2912 2944 2913
f 2913 2944 2945
f 2913 2945 2914
f 2914 2945 2946
f 2914 2946 2915
f 2915 2946 2947
f 2915 2947 2916
f 2916 2947 2948
f 2916 2948 2917
f 2917 2948 2949
f 2917 2949 2918
f 2918 2949 2950
f 2918 2950 2919
f 2919 2950 2951
f 2919 2951 2920
f 2920 2951 2952
f 2920 2952 2921
f 2921 2952 2953
f 2921 2953 2922
f 2922 2953 2954
f 2922 2954 2923
f 2923 2954 2955
f 2923 2955 2924
f 2924 2955 2956
f 2924 2956 2925
f 2925 2956 2957
f 2925 2957 2926
f 2926 2957 2958
f 2926 2958 2927
f 2927 2958 2959
f 2927 2959 2928
f 2928 2959 2960
f 2928 2960 2929
f 2929 2960 2961
f 2929 2961 2930
f 2930 2961 2962
f 2930 2962 2931
f 2931 2962 2963
f 2931 2963 2932
f 2932 2963 2964
f 2932 2964 2708
f 2933 2675 2965
f 2933 2965 2934
f 2934 2965 2966
f 2934 2966 2935
f 2935 2966 2967
f 2935 2967 2936
f 2936 2967 2968
f 2936 2968 2937
f 2937 2968 2969
f 2937 2969 2938
f 2938 2969 2970
f 2938 2970 2939
f 2939 2970 2971
f 2939 2971 2940
f 2940 2971 2972
f 2940 2972 2941
f 2941 2972 2973
f 2941 2973 2942
f 2942 2973 2974
f 2942 2974 2943
f 2943 2974 2975
f 2943 2975 2944
f 2944 2975 2976
f 2944 2976 2945
f 2945 2976 2977
f 2945 2977 2946
f 2946 2977 2978
f 2946 2978 2947
f 2947 2978 2979
f 2947 2979 2948
f 2948 2979 2980
f 2948 2980 2949
f 2949 2980 2981
f 2949 2981 2950
f 2950 2981 2982
f 2950 2982 2951
f 2951 2982 2983
f 2951 2983 2952
f 2952 2983 2984
f 2952 2984 2953
f 2953 2984 2985
f 2953 2985 2954
f 2954 2985 2986
f 2954 2986 2955
f 2955 2986 2987
f 2955 2987 2956
f 2956 2987 2988
f 2956 2988 2957
f 2957 2988 2989
f 2957 2989 2958
f 2958 2989 2990
f 2958 2990 2959
f 2959 2990 2991
f 2959 2991 2960
f 2960 2991 2992
f 2960 2992 2961
f 2961 2992 2993
f 2961 2993 2962
f 2962 2993 2994
f 2962 2994 2963
f 2963 2994 2995
f 2963 2995 2964
f 2964 2995 2996
f 2964 2996 2708
f 2965 2675 2997
f 2965 2997 2966
f 2966 2997 2998
f 2966 2998 2967
f 2967 2998 2999
f 2967 2999 2968
f 2968 2999 3000
f 2968 3000 2969
f 2969 3000 3001
f 2969 3001 2970
f 2970 3001 3002
f 2970 3002 2971
f 2971 3002 3003
f 2971 3003 2972
f 2972 3003 3004
f 2972 3004 2973
f 2973 3004 3005
f 2973 3005 2974
f 2974 3005 3006
f 2974 3006 2975
f 2975 3006 3007
f 2975 3007 2976
f 2976 3007 3008
f 2976 3008 2977
f 2977 3008 3009
f 2977 3009 2978
f 2978 3009 3010
f 2978 3010 2979
f 2979 3010 3011
f 2979 3011 2980
f 2980 3011 3012
f 2980 3012 2981
f 2981 3012 3013
f 2981 3013 2982
f 2982 3013 3014
f 2982 3014 2983
f 2983 3014 3015
f 2983 3015 2984
f 2984 3015 3016
f 2984 3016 2985
f 2985 3016 3017
f 2985 3017 2986
f 2986 3017 3018
f 2986 3018 2987
f 2987 3018 3019
f 2987 3019 2988
f 2988 3019 3020
f 2988 3020 2989
f 2989 3020 3021
f 2989 3021 2990
f 2990 3021 3022
f 2990 3022 2991
f 2991 3022 3023
f 2991 3023 2992
f 2992 3023 3024
f 2992 3024 2993
f 2993 3024 3025
f 2993 3025 2994
f 2994 3025 3026
f 2994 3026 2995
f 2995 3026 3027
f 2995 3027 2996
f 2996 3027 3028
f 2996 3028 2708
f 2997 2675 3029
f 2997 3029 2998
f 2998 3029 3030
f 2998 3030 2999
f 2999 3030 3031
f 2999 3031 3000
f 3000 3031 3032
f 3000 3032 3001
f 3001 3032 3033
f 3001 3033 3002
f 3002 3033 3034
f 3002 3034 3003
f 3003 3034 3035
f 3003 3035 3004
f 3004 3035 3036
f 3004 3036 3005
f 3005 3036 3037
f 3005 3037 3006
f 3006 3037 3038
f 3006 3038 3007
f 3007 3038 3039
f 3007 3039 3008
f 3008 3039 3040
f 3008 3040 3009
f 3009 3040 3041
f 3009 3041 3010
f 3010 3041 3042
f 3010 3042 3011
f 3011 3042 3043
f 3011 3043 3012
f 3012 3043 3044
f 3012 3044 3013
f 3013 3044 3045
f 3013 3045 3014
f 3014 3045 3046
f 3014 3046 3015
f 3015 3046 3047
f 3015 3047 3016
f 3016 3047 3048
f 3016 3048 3017
f 3017 3048 3049
f 3017 3049 3018
f 3018 3049 3050
f 3018 3050 3019
f 3019 3050 3051
f 3019 3051 3020
f 3020 3051 3052
f 3020 3052 3021
f 3021 3052 3053
f 3021 3053 3022
f 3022 3053 3054
f 3022 3054 3023
f 3023 3054 3055
f 3023 3055 3024
f 3024 3055 3056
f 3024 3056 3025
f 3025 3056 3057
f 3025 3057 3026
f 3026 3057 3058
f 3026 3058 3027
f 3027 3058 3059
f 3027 3059 3028
f 3028 3059 3060
f 3028 3060 2708
f 3029 2675 3061
f 3029 3061 3030
f 3030 3061 3062
f 3030 3062 3031
f 3031 3062 3063
f 3031 3063 3032
f 3032 3063 3064
f 3032 3064 3033
f 3033 3064 3065
f 3033 3065 3034
f 3034 3065 3066
f 3034 3066 3035
f 3035 3066 3067
f 3035 3067 3036
f 3036 3067 3068
f 3036 3068 3037
f 3037 3068 3069
f 3037 3069 3038
f 3038 3069 3070
f 3038 3070 3039
f 3039 3070 3071
f 3039 3071 3040
f 3040 3071 3072
f 3040 3072 3041
f 3041 3072 3073
f 3041 3073 3042
f 3042 3073 3074
f 3042 3074 3043
f 3043 3074 3075
f 3043 3075 3044
f 3044 3075 3076
f 3044 3076 3045
f 3045 3076 3077
f 3045 3077 3046
f 3046 3077 3078
f 3046 3078 3047
f 3047 3078 3079
f 3047 3079 3048
f 3048 3079 3080
f 3048 3080 3049
f 3049 3080 3081
f 3049 3081 3050
f 3050 3081 3082
f 3050 3082 3051
f 3051 3082 3083
f 3051 3083 3052
f 3052 3083 3084
f 3052 3084 3053
f 3053 3084 3085
f 3053 3085 3054
f 3054 3085 3086
f 3054 3086 3055
f 3055 3086 3087
f 3055 3087 3056
f 3056 3087 3088
f 3056 3088 3057
f 3057 3088 3089
f 3057 3089 3058
f 3058 3089 3090
f 3058 3090 3059
f 3059 3090 3091
f 3059 3091 3060
f 3060 3091 3092
f 3060 3092 2708
f 3061 2675 3093
f 3061 3093 3062
f 3062 3093 3094
f 3062 3094 3063
f 3063 3094 3095
f 3063 3095 3064
f 3064 3095 3096
f 3064 3096 3065
f 3065 3096 3097
f 3065 3097 3066
f 3066 3097 3098
f 3066 3098 3067
f 3067 3098 3099
f 3067 3099 3068
f 3068 3099 3100
f 3068 3100 3069
f 3069 3100 3101
f 3069 3101 3070
f 3070 3101 3102
f 3070 3102 3071
f 3071 3102 3103
f 3071 3103 3072
f 3072 3103 3104
f 3072 3104 3073
f 3073 3104 3105
f 3073 3105 3074
f 3074 3105 3106
f 3074 3106 3075
f 3075 3106 3107
f 3075 3107 3076
f 3076 3107 3108
f 3076 3108 3077
f 3077 3108 3109
f 3077 3109 3078
f 3078 3109 3110
f 3078 3110 3079
f 3079 3110 3111
f 3079 3111 3080
f 3080 3111 3112
f 3080 3112 3081
f 3081 3112 3113
f 3081 3113 3082
f 3082 3113 3114
f 3082 3114 3083
f 3083 3114 3115
f 3083 3115 3084
f 3084 3115 3116
f 3084 3116 3085
f 3085 3116 3117
f 3085 3117 3086
f 3086 3117 3118
f 3086 3118 3087
f 3087 3118 3119
f 3087 3119 3088
f 3088 3119 3120
f 3088 3120 3089
f 3089 3120 3121
f 3089 3121 3090
f 3090 3121 3122
f 3090 3122 3091
f 3091 3122 3123
f 3091 3123 3092
f 3092 3123 3124
f 3092 3124 2708
f 3093 2675 3125
f 3093 3125 3094
f 3094 3125 3126
f 3094 3126 3095
f 3095 3126 3127
f 3095 3127 3096
f 3096 3127 3128
f 3096 3128 3097
f 3097 3128 3129
f 3097 3129 3098
f 3098 3129 3130
f 3098 3130 3099
f 3099 3130 3131
f 3099 3131 3100
f 3100 3131 3132
f 3100 3132 3101
f 3101 3132 3133
f 3101 3133 3102
f 3102 3133 3134
f 3102 3134 3103
f 3103 3134 3135
f 3103 3135 3104
f 3104 3135 3136
f 3104 3136 3105
f 3105 3136 3137
f 3105 3137 3106
f 3106 3137 3138
f 3106 3138 3107
f 3107 3138 3139
f 3107 3139 3108
f 3108 3139 3140
f 3108 3140 3109
f 3109 3140 3141
f 3109 3141 3110
f 3110 3141 3142
f 3110 3142 3111
f 3111 3142 3143
f 3111 3143 3112
f 3112 3143 3144
f 3112 3144 3113
f 3113 3144 3145
f 3113 3145 3114
f 3114 3145 3146
f 3114 3146 3115
f 3115 3146 3147
f 3115 3147 3116
f 3116 3147 3148
f 3116 3148 3117
f 3117 3148 3149
f 3117 3149 3118
f 3118 3149 3150
f 3118 3150 3119
f 3119 3150 3151
f 3119 3151 3120
f 3120 3151 3152
f 3120 3152 3121
f 3121 3152 3153
f 3121 3153 3122
f 3122 3153 3154
f 3122 3154 3123
f 3123 3154 3155
f 3123 3155 3124
f 3124 3155 3156
f 3124 3156 2708
f 3125 2675 3157
f 3125 3157 3126
f 3126 3157 3158
f 3126 3158 3127
f 3127 3158 3159
f 3127 3159 3128
f 3128 3159 3160
f 3128 3160 3129
f 3129 3160 3161
f 3129 3161 3130
f 3130 3161 3162
f 3130 3162 3131
f 3131 3162 3163
f 3131 3163 3132
f 3132 3163 3164
f 3132 3164 3133
f 3133 3164 3165
f 3133 3165 3134
f 3134 3165 3166
f 3134 3166 3135
f 3135 3166 3167
f 3135 3167 3136
f 3136 3167 3168
f 3136 3168 3137
f 3137 3168 3169
f 3137 3169 3138
f 3138 3169 3170
f 3138 3170 3139
f 3139 3170 3171
f 3139 3171 3140
f 3140 3171 3172
f 3140 3172 3141
f 3141 3172 3173
f 3141 3173 3142
f 3142 3173 3174
f 3142 3174 3143
f 3143 3174 3175
f 3143 3175 3144
f 3144 3175 3176
f 3144 3176 3145
f 3145 3176 3177
f 3145 3177 3146
f 3146 3177 3178
f 3146 3178 3147
f 3147 3178 3179
f 3147 3179 3148
f 3148 3179 3180
f 3148 3180 3149
f 3149 3180 3181
f 3149 3181 3150
f 3150 3181 3182
f 3150 3182 3151
f 3151 3182 3183
f 3151 3183 3152
f 3152 3183 3184
f 3152 3184 3153
f 3153 3184 3185
f 3153 3185 3154
f 3154 3185 3186
f 3154 3186 3155
f 3155 3186 3187
f 3155 3187 3156
f 3156 3187 3188
f 3156 3188 2708
f 3157 2675 3189
f 3157 3189 3158
f 3158 3189 3190
f 3158 3190 3159
f 3159 3190 3191
f 3159 3191 3160
f 3160 3191 3192
f 3160 3192 3161
f 3161 3192 3193
f 3161 3193 3162
f 3162 3193 3194
f 3162 3194 3163
f 3163 3194 3195
f 3163 3195 3164
f 3164 3195 3196
f 3164 3196 3165
f 3165 3196 3197
f 3165 3197 3166
f 3166 3197 3198
f 3166 3198 3167
f 3167 3198 3199
f 3167 3199 3168
f 3168 3199 3200
f 3168 3200 3169
f 3169 3200 3201
f 3169 3201 3170
f 3170 3201 3202
f 3170 3202 3171
f 3171 3202 3203
f 3171 3203 3172
f 3172 3203 3204
f 3172 3204 3173
f 3173 3204 3205
f 3173 3205 3174
f 3174 3205 3206
f 3174 3206 3175
f 3175 3206 3207
f 3175 3207 3176
f 3176 3207 3208
f 3176 3208 3177
f 3177 3208 3209
f 3177 3209 3178
f 3178 3209 3210
f 3178 3210 3179
f 3179 3210 3211
f 3179 3211 3180
f 3180 3211 3212
f 3180 3212 3181
f 3181 3212 3213
f 3181 3213 3182
f 3182 3213 3214
f 3182 3214 3183
f 3183 3214 3215
f 3183 3215 3184
f 3184 3215 3216
f 3184 3216 3185
f 3185 3216 3217
f 3185 3217 3186
f 3186 3217 3218
f 3186 3218 3187
f 3187 3218 3219
f 3187 3219 3188
f 3188 3219 3220
f 3188 3220 2708
f 3189 2675 3221
f 3189 3221 3190
f 3190 3221 3222
f 3190 3222 3191
f 3191 3222 3223
f 3191 3223 3192
f 3192 3223 3224
f 3192 3224 3193
f 3193 3224 3225
f 3193 3225 3194
f 3194 3225 3226
f 3194 3226 3195
f 3195 3226 3227
f 3195 3227 3196
f 3196 3227 3228
f 3196 3228 3197
f 3197 3228 3229
f 3197 3229 3198
f 3198 3229 3230
f 3198 3230 3199
f 3199 3230 3231
f 3199 3231 3200
f 3200 3231 3232
f 3200 3232 3201
f 3201 3232 3233
f 3201 3233 3202
f 3202 3233 3234
f 3202 3234 3203
f 3203 3234 3235
f 3203 3235 3204
f 3204 3235 3236
f 3204 3236 3205
f 3205 3236 3237
f 3205 3237 3206
f 3206 3237 3238
f 3206 3238 3207
f 3207 3238 3239
f 3207 3239 3208
f 3208 3239 3240
f 3208 3240 3209
f 3209 3240 3241
f 3209 3241 3210
f 3210 3241 3242
f 3210 3242 3211
f 3211 3242 3243
f 3211 3243 3212
f 3212 3243 3244
f 3212 3244 3213
f 3213 3244 3245
f 3213 3245 3214
f 3214 3245 3246
f 3214 3246 3215
f 3215 3246 3247
f 3215 3247 3216
f 3216 3247 3248
f 3216 3248 3217
f 3217 3248 3249
f 3217 3249 3218
f 3218 3249 3250
f 3218 3250 3219
f 3219 3250 3251
f 3219 3251 3220
f 3220 3251 3252
f 3220 3252 2708
f 3221 2675 3253
f 3221 3253 3222
f 3222 3253 3254
f 3222 3254 3223
f 3223 3254 3255
f 3223 3255 3224
f 3224 3255 3256
f 3224 3256 3225
f 3225 3256 3257
f 3225 3257 3226
f 3226 3257 3258
f 3226 3258 3227
f 3227 3258 3259
f 3227 3259 3228
f 3228 3259 3260
f 3228 3260 3229
f 3229 3260 3261
f 3229 3261 3230
f 3230 3261 3262
f 3230 3262 3231
f 3231 3262 3263
f 3231 3263 3232
f 3232 3263 3264
f 3232 3264 3233
f 3233 3264 3265
f 3233 3265 3234
f 3234 3265 3266
f 3234 3266 3235
f 3235 3266 3267
f 3235 3267 3236
f 3236 3267 3268
f 3236 3268 3237
f 3237 3268 3269
f 3237 3269 3238
f 3238 3269 3270
f 3238 3270 3239
f 3239 3270 3271
f 3239 3271 3240
f 3240 3271 3272
f 3240 3272 3241
f 3241 3272 3273
f 3241 3273 3242
f 3242 3273 3274
f 3242 3274 3243
f 3243 3274 3275
f 3243 3275 3244
f 3244 3275 3276
f 3244 3276 3245
f 3245 3276 3277
f 3245 3277 3246
f 3246 3277 3278
f 3246 3278 3247
f 3247 3278 3279
f 3247 3279 3248
f 3248 3279 3280
f 3248 3280 3249
f 3249 3280 3281
f 3249 3281 3250
f 3250 3281 3282
f 3250 3282 3251
f 3251 3282 3283
f 3251 3283 3252
f 3252 3283 3284
f 3252 3284 2708
f 3253 2675 3285
f 3253 3285 3254
f 3254 3285 3286
f 3254 3286 3255
f 3255 3286 3287
f 3255 3287 3256
f 3256 3287 3288
f 3256 3288 3257
f 3257 3288 3289
f 3257 3289 3258
f 3258 3289 3290
f 3258 3290 3259
f 3259 3290 3291
f 3259 3291 3260
f 3260 3291 3292
f 3260 3292 3261
f 3261 3292 3293
f 3261 3293 3262
f 3262 3293 3294
f 3262 3294 3263
f 3263 3294 3295
f 3263 3295 3264
f 3264 3295 3296
f 3264 3296 3265
f 3265 3296 3297
f 3265 3297 3266
f 3266 3297 3298
f 3266 3298 3267
f 3267 3298 3299
f 3267 3299 3268
f 3268 3299 3300
f 3268 3300 3269
f 3269 3300 3301
f 3269 3301 3270
f 3270 3301 3302
f 3270 3302 3271
f 3271 3302 3303
f 3271 3303 3272
f 3272 3303 3304
f 3272 3304 3273
f 3273 3304 3305
f 3273 3305 3274
f 3274 3305 3306
f 3274 3306 3275
f 3275 3306 3307
f 3275 3307 3276
f 3276 3307 3308
f 3276 3308 3277
f 3277 3308 3309
f 3277 3309 3278
f 3278 3309 3310
f 3278 3310 3279
f 3279 3310 3311
f 3279 3311 3280
f 3280 3311 3312
f 3280 3312 3281
f 3281 3312 3313
f 3281 3313 3282
f 3282 3313 3314
f 3282 3314 3283
f 3283 3314 3315
f 3283 3315 3284
f 3284 3315 3316
f 3284 3316 2708
f 3285 2675 3317
f 3285 3317 3286
f 3286 3317 3318
f 3286 3318 3287
f 3287 3318 3319
f 3287 3319 3288
f 3288 3319 3320
f 3288 3320 3289
f 3289 3320 3321
f 3289 3321 3290
f 3290 3321 3322
f 3290 3322 3291
f 3291 3322 3323
f 3291 3323 3292
f 3292 3323 3324
f 3292 3324 3293
f 3293 3324 3325
f 3293 3325 3294
f 3294 3325 3326
f 3294 3326 3295
f 3295 3326 3327
f 3295 3327 3296
f 3296 3327 3328
f 3296 3328 3297
f 3297 3328 3329
f 3297 3329 3298
f 3298 3329 3330
f 3298 3330 3299
f 3299 3330 3331
f 3299 3331 3300
f 3300 3331 3332
f 3300 3332 3301
f 3301 3332 3333
f 3301 3333 3302
f 3302 3333 3334
f 3302 3334 3303
f 3303 3334 3335
f 3303 3335 3304
f 3304 3335 3336
f 3304 3336 3305
f 3305 3336 3337
f 3305 3337 3306
f 3306 3337 3338
f 3306 3338 3307
f 3307 3338 3339
f 3307 3339 3308
f 3308 3339 3340
f 3308 3340 3309
f 3309 3340 3341
f 3309 3341 3310
f 3310 3341 3342
f 3310 3342 3311
f 3311 3342 3343
f 3311 3343 3312
f 3312 3343 3344
f 3312 3344 3313
f 3313 3344 3345
f 3313 3345 3314
f 3314 3345 3346
f 3314 3346 3315
f 3315 3346 3347
f 3315 3347 3316
f 3316 3347 3348
f 3316 3348 2708
f 3317 2675 3349
f 3317 3349 3318
f 3318 3349 3350
f 3318 3350 3319
f 3319 3350 3351
f 3319 3351 3320
f 3320 3351 3352
f 3320 3352 3321
f 3321 3352 3353
f 3321 3353 3322
f 3322 3353 3354
f 3322 3354 3323
f 3323 3354 3355
f 3323 3355 3324
f 3324 3355 3356
f 3324 3356 3325
f 3325 3356 3357
f 3325 3357 3326
f 3326 3357 3358
f 3326 3358 3327
f 3327 3358 3359
f 3327 3359 3328
f 3328 3359 3360
f 3328 3360 3329
f 3329 3360 3361
f 3329 3361 3330
f 3330 3361 3362
f 3330 3362 3331
f 3331 3362 3363
f 3331 3363 3332
f 3332 3363 3364
f 3332 3364 3333
f 3333 3364 3365
f 3333 3365 3334
f 3334 3365 3366
f 3334 3366 3335
f 3335 3366 3367
f 3335 3367 3336
f 3336 3367 3368
f 3336 3368 3337
f 3337 3368 3369
f 3337 3369 3338
f 3338 3369 3370
f 3338 3370 3339
f 3339 3370 3371
f 3339 3371 3340
f 3340 3371 3372
f 3340 3372 3341
f 3341 3372 3373
f 3341 3373 3342
f 3342 3373 3374
f 3342 3374 3343
f 3343 3374 3375
f 3343 3375 3344
f 3344 3375 3376
f 3344 3376 3345
f 3345 3376 3377
f 3345 3377 3346
f 3346 3377 3378
f 3346 3378 3347
f 3347 3378 3379
f 3347 3379 3348
f 3348 3379 3380
f 3348 3380 2708
f 3349 2675 3381
f 3349 3381 3350
f 3350 3381 3382
f 3350 3382 3351
f 3351 3382 3383
f 3351 3383 3352
f 3352 3383 3384
f 3352 3384 3353
f 3353 3384 3385
f 3353 3385 3354
f 3354 3385 3386
f 3354 3386 3355
f 3355 3386 3387
f 3355 3387 3356
f 3356 3387 3388
f 3356 3388 3357
f 3357 3388 3389
f 3357 3389 3358
f 3358 3389 3390
f 3358 3390 3359
f 3359 3390 3391
f 3359 3391 3360
f 3360 3391 3392
f 3360 3392 3361
f 3361 3392 3393
f 3361 3393 3362
f 3362 3393 3394
f 3362 3394 3363
f 3363 3394 3395
f 3363 3395 3364
f 3364 3395 3396
f 3364 3396 3365
f 3365 3396 3397
f 3365 3397 3366
f 3366 3397 3398
f 3366 3398 3367
f 3367 3398 3399
f 3367 3399 3368
f 3368 3399 3400
f 3368 3400 3369
f 3369 3400 3401
f 3369 3401 3370
f 3370 3401 3402
f 3370 3402 3371
f 3371 3402 3403
f 3371 3403 3372
f 3372 3403 3404
f 3372 3404 3373
f 3373 3404 3405
f 3373 3405 3374
f 3374 3405 3406
f 3374 3406 3375
f 3375 3406 3407
f 3375 3407 3376
f 3376 3407 3408
f 3376 3408 3377
f 3377 3408 3409
f 3377 3409 3378
f 3378 3409 3410
f 3378 3410 3379
f 3379 3410 3411
f 3379 3411 3380
f 3380 3411 3412
f 3380 3412 2708
f 3381 2675 3413
f 3381 3413 3382
f 3382 3413 3414
f 3382 3414 3383
f 3383 3414 3415
f 3383 3415 3384
f 3384 3415 3416
f 3384 3416 3385
f 3385 3416 3417
f 3385 3417 3386
f 3386 3417 3418
f 3386 3418 3387
f 3387 3418 3419
f 3387 3419 3388
f 3388 3419 3420
f 3388 3420 3389
f 3389 3420 3421
f 3389 3421 3390
f 3390 3421 3422
f 3390 3422 3391
f 3391 3422 3423
f 3391 3423 3392
f 3392 3423 3424
f 3392 3424 3393
f 3393 3424 3425
f 3393 3425 3394
f 3394 3425 3426
f 3394 3426 3395
f 3395 3426 3427
f 3395 3427 3396
f 3396 3427 3428
f 3396 3428 3397
f 3397 3428 3429
f 3397 3429 3398
f 3398 3429 3430
f 3398 3430 3399
f 3399 3430 3431
f 3399 3431 3400
f 3400 3431 3432
f 3400 3432 3401
f 3401 3432 3433
f 3401 3433 3402
f 3402 3433 3434
f 3402 3434 3403
f 3403 3434 3435
f 3403 3435 3404
f 3404 3435 3436
f 3404 3436 3405
f 3405 3436 3437
f 3405 3437 3406
f 3406 3437 3438
f 3406 3438 3407
f 3407 3438 3439
f 3407 3439 3408
f 3408 3439 3440
f 3408 3440 3409
f 3409 3440 3441
f 3409 3441 3410
f 3410 3441 3442
f 3410 3442 3411
f 3411 3442 3443
f 3411 3443 3412
f 3412 3443 3444
f 3412 3444 2708
f 3413 2675 3445
f 3413 3445 3414
f 3414 3445 3446
f 3414 3446 3415
f 3415 3446 3447
f 3415 3447 3416
f 3416 3447 3448
f 3416 3448 3417
f 3417 3448 3449
f 3417 3449 3418
f 3418 3449 3450
f 3418 3450 3419
f 3419 3450 3451
f 3419 3451 3420
f 3420 3451 3452
f 3420 3452 3421
f 3421 3452 3453
f 3421 3453 3422
f 3422 3453 3454
f 3422 3454 3423
f 3423 3454 3455
f 3423 3455 3424
f 3424 3455 3456
f 3424 3456 3425
f 3425 3456 3457
f 3425 3457 3426
f 3426 3457 3458
f 3426 3458 3427
f 3427 3458 3459
f 3427 3459 3428
f 3428 3459 3460
f 3428 3460 3429
f 3429 3460 3461
f 3429 3461 3430
f 3430 3461 3462
f 3430 3462 3431
f 3431 3462 3463
f 3431 3463 3432
f 3432 3463 3464
f 3432 3464 3433
f 3433 3464 3465
f 3433 3465 3434
f 3434 3465 3466
f 3434 3466 3435
f 3435 3466 3467
f 3435 3467 3436
f 3436 3467 3468
f 3436 3468 3437
f 3437 3468 3469
f 3437 3469 3438
f 3438 3469 3470
f 3438 3470 3439
f 3439 3470 3471
f 3439 3471 3440
f 3440 3471 3472
f 3440 3472 3441
f 3441 3472 3473
f 3441 3473 3442
f 3442 3473 3474
f 3442 3474 3443
f 3443 3474 3475
f 3443 3475 3444
f 3444 3475 3476
f 3444 3476 2708
f 3445 2675 3477
f 3445 3477 3446
f 3446 3477 3478
f 3446 3478 3447
f 3447 3478 3479
f 3447 3479 3448
f 3448 3479 3480
f 3448 3480 3449
f 3449 3480 3481
f 3449 3481 3450
f 3450 3481 3482
f 3450 3482 3451
f 3451 3482 3483
f 3451 3483 3452
f 3452 3483 3484
f 3452 3484 3453
f 3453 3484 3485
f 3453 3485 3454
f 3454 3485 3486
f 3454 3486 3455
f 3455 3486 3487
f 3455 3487 3456
f 3456 3487 3488
f 3456 3488 3457
f 3457 3488 3489
f 3457 3489 3458
f 3458 3489 3490
f 3458 3490 3459
f 3459 3490 3491
f 3459 3491 3460
f 3460 3491 3492
f 3460 3492 3461
f 3461 3492 3493
f 3461 3493 3462
f 3462 3493 3494
f 3462 3494 3463
f 3463 3494 3495
f 3463 3495 3464
f 3464 3495 3496
f 3464 3496 3465
f 3465 3496 3497
f 3465 3497 3466
f 3466 3497 3498
f 3466 3498 3467
f 3467 3498 3499
f 3467 3499 3468
f 3468 3499 3500
f 3468 3500 3469
f 3469 3500 3501
f 3469 3501 3470
f 3470 3501 3502
f 3470 3502 3471
f 3471 3502 3503
f 3471 3503 3472
f 3472 3503 3504
f 3472 3504 3473
f 3473 3504 3505
f 3473 3505 3474
f 3474 3505 3506
f 3474 3506 3475
f 3475 3506 3507
f 3475 3507 3476
f 3476 3507 3508
f 3476 3508 2708
f 3477 2675 3509
f 3477 3509 3478
f 3478 3509 3510
f 3478 3510 3479
f 3479 3510 3511
f 3479 3511 3480
f 3480 3511 3512
f 3480 3512 3481
f 3481 3512 3513
f 3481 3513 3482
f 3482 3513 3514
f 3482 3514 3483
f 3483 3514 3515
f 3483 3515 3484
f 3484 3515 3516
f 3484 3516 3485
f 3485 3516 3517
f 3485 3517 3486
f 3486 3517 3518
f 3486 3518 3487
f 3487 3518 3519
f 3487 3519 3488
f 3488 3519 3520
f 3488 3520 3489
f 3489 3520 3521
f 3489 3521 3490
f 3490 3521 3522
f 3490 3522 3491
f 3491 3522 3523
f 3491 3523 3492
f 3492 3523 3524
f 3492 3524 3493
f 3493 3524 3525
f 3493 3525 3494
f 3494 3525 3526
f 3494 3526 3495
f 3495 3526 3527
f 3495 3527 3496
f 3496 3527 3528
f 3496 3528 3497
f 3497 3528 3529
f 3497 3529 3498
f 3498 3529 3530
f 3498 3530 3499
f 3499 3530 3531
f 3499 3531 3500
f 3500 3531 3532
f 3500 3532 3501
f 3501 3532 3533
f 3501 3533 3502
f 3502 3533 3534
f 3502 3534 3503
f 3503 3534 3535
f 3503 3535 3504
f 3504 3535 3536
f 3504 3536 3505
f 3505 3536 3537
f 3505 3537 3506
f 3506 3537 3538
f 3506 3538 3507
f 3507 3538 3539
f 3507 3539 3508
f 3508 3539 3540
f 3508 3540 2708
f 3509 2675 3541
f 3509 3541 3510
f 3510 3541 3542
f 3510 3542 3511
f 3511 3542 3543
f 3511 3543 3512
f 3512 3543 3544
f 3512 3544 3513
f 3513 3544 3545
f 3513 3545 3514
f 3514 3545 3546
f 3514 3546 3515
f 3515 3546 3547
f 3515 3547 3516
f 3516 3547 3548
f 3516 3548 3517
f 3517 3548 3549
f 3517 3549 3518
f 3518 3549 3550
f 3518 3550 3519
f 3519 3550 3551
f 3519 3551 3520
f 3520 3551 3552
f 3520 3552 3521
f 3521 3552 3553
f 3521 3553 3522
f 3522 3553 3554
f 3522 3554 3523
f 3523 3554 3555
f 3523 3555 3524
f 3524 3555 3556
f 3524 3556 3525
f 3525 3556 3557
f 3525 3557 3526
f 3526 3557 3558
f 3526 3558 3527
f 3527 3558 3559
f 3527 3559 3528
f 3528 3559 3560
f 3528 3560 3529
f 3529 3560 3561
f 3529 3561 3530
f 3530 3561 3562
f 3530 3562 3531
f 3531 3562 3563
f 3531 3563 3532
f 3532 3563 3564
f 3532 3564 3533
f 3533 3564 3565
f 3533 3565 3534
f 3534 3565 3566
f 3534 3566 3535
f 3535 3566 3567
f 3535 3567 3536
f 3536 3567 3568
f 3536 3568 3537
f 3537 3568 3569
f 3537 3569 3538
f 3538 3569 3570
f 3538 3570 3539
f 3539 3570 3571
f 3539 3571 3540
f 3540 3571 3572
f 3540 3572 2708
f 3541 2675 3573
f 3541 3573 3542
f 3542 3573 3574
f 3542 3574 3543
f 3543 3574 3575
f 3543 3575 3544
f 3544 3575 3576
f 3544 3576 3545
f 3545 3576 3577
f 3545 3577 3546
f 3546 3577 3578
f 3546 3578 3547
f 3547 3578 3579
f 3547 3579 3548
f 3548 3579 3580
f 3548 3580 3549
f 3549 3580 3581
f 3549 3581 3550
f 3550 3581 3582
f 3550 3582 3551
f 3551 3582 3583
f 3551 3583 3552
f 3552 3583 3584
f 3552 3584 3553
f 3553 3584 3585
f 3553 3585 3554
f 3554 3585 3586
f 3554 3586 3555
f 3555 3586 3587
f 3555 3587 3556
f 3556 3587 3588
f 3556 3588 3557
f 3557 3588 3589
f 3557 3589 3558
f 3558 3589 3590
f 3558 3590 3559
f 3559 3590 3591
f 3559 3591 3560
f 3560 3591 3592
f 3560 3592 3561
f 3561 3592 3593
f 3561 3593 3562
f 3562 3593 3594
f 3562 3594 3563
f 3563 3594 3595
f 3563 3595 3564
f 3564 3595 3596
f 3564 3596 3565
f 3565 3596 3597
f 3565 3597 3566
f 3566 3597 3598
f 3566 3598 3567
f 3567 3598 3599
f 3567 3599 3568
f 3568 3599 3600
f 3568 3600 3569
f 3569 3600 3601
f 3569 3601 3570
f 3570 3601 3602
f 3570 3602 3571
f 3571 3602 3603
f 3571 3603 3572
f 3572 3603 3604
f 3572 3604 2708
f 3573 2675 3605
f 3573 3605 3574
f 3574 3605 3606
f 3574 3606 3575
f 3575 3606 3607
f 3575 3607 3576
f 3576 3607 3608
f 3576 3608 3577
f 3577 3608 3609
f 3577 3609 3578
f 3578 3609 3610
f 3578 3610 3579
f 3579 3610 3611
f 3579 3611 3580
f 3580 3611 3612
f 3580 3612 3581
f 3581 3612 3613
f 3581 3613 3582
f 3582 3613 3614
f 3582 3614 3583
f 3583 3614 3615
f 3583 3615 3584
f 3584 3615 3616
f 3584 3616 3585
f 3585 3616 3617
f 3585 3617 3586
f 3586 3617 3618
f 3586 3618 3587
f 3587 3618 3619
f 3587 3619 3588
f 3588 3619 3620
f 3588 3620 3589
f 3589 3620 3621
f 3589 3621 3590
f 3590 3621 3622
f 3590 3622 3591
f 3591 3622 3623
f 3591 3623 3592
f 3592 3623 3624
f 3592 3624 3593
f 3593 3624 3625
f 3593 3625 3594
f 3594 3625 3626
f 3594 3626 3595
f 3595 3626 3627
f 3595 3627 3596
f 3596 3627 3628
f 3596 3628 3597
f 3597 3628 3629
f 3597 3629 3598
f 3598 3629 3630
f 3598 3630 3599
f 3599 3630 3631
f 3599 3631 3600
f 3600 3631 3632
f 3600 3632 3601
f 3601 3632 3633
f 3601 3633 3602
f 3602 3633 3634
f 3602 3634 3603
f 3603 3634 3635
f 3603 3635 3604
f 3604 3635 3636
f 3604 3636 2708
f 3605 2675 3637
f 3605 3637 3606
f 3606 3637 3638
f 3606 3638 3607
f 3607 3638 3639
f 3607 3639 3608
f 3608 3639 3640
f 3608 3640 3609
f 3609 3640 3641
f 3609 3641 3610
f 3610 3641 3642
f 3610 3642 3611
f 3611 3642 3643
f 3611 3643 3612
f 3612 3643 3644
f 3612 3644 3613
f 3613 3644 3645
f 3613 3645 3614
f 3614 3645 3646
f 3614 3646 3615
f 3615 3646 3647
f 3615 3647 3616
f 3616 3647 3648
f 3616 3648 3617
f 3617 3648 3649
f 3617 3649 3618
f 3618 3649 3650
f 3618 3650 3619
f 3619 3650 3651
f 3619 3651 3620
f 3620 3651 3652
f 3620 3652 3621
f 3621 3652 3653
f 3621 3653 3622
f 3622 3653 3654
f 3622 3654 3623
f 3623 3654 3655
f 3623 3655 3624
f 3624 3655 3656
f 3624 3656 3625
f 3625 3656 3657
f 3625 3657 3626
f 3626 3657 3658
f 3626 3658 3627
f 3627 3658 3659
f 3627 3659 3628
f 3628 3659 3660
f 3628 3660 3629
f 3629 3660 3661
f 3629 3661 3630
f 3630 3661 3662
f 3630 3662 3631
f 3631 3662 3663
f 3631 3663 3632
f 3632 3663 3664
f 3632 3664 3633
f 3633 3664 3665
f 3633 3665 3634
f 3634 3665 3666
f 3634 3666 3635
f 3635 3666 3667
f 3635 3667 3636
f 3636 3667 3668
f 3636 3668 2708
f 3637 2675 3669
f 3637 3669 3638
f 3638 3669 3670
f 3638 3670 3639
f 3639 3670 3671
f 3639 3671 3640
f 3640 3671 3672
f 3640 3672 3641
f 3641 3672 3673
f 3641 3673 3642
f 3642 3673 3674
f 3642 3674 3643
f 3643 3674 3675
f 3643 3675 3644
f 3644 3675 3676
f 3644 3676 3645
f 3645 3676 3677
f 3645 3677 3646
f 3646 3677 3678
f 3646 3678 3647
f 3647 3678 3679
f 3647 3679 3648
f 3648 3679 3680
f 3648 3680 3649
f 3649 3680 3681
f 3649 3681 3650
f 3650 3681 3682
f 3650 3682 3651
f 3651 3682 3683
f 3651 3683 3652
f 3652 3683 3684
f 3652 3684 3653
f 3653 3684 3685
f 3653 3685 3654
f 3654 3685 3686
f 3654 3686 3655
f 3655 3686 3687
f 3655 3687 3656
f 3656 3687 3688
f 3656 3688 3657
f 3657 3688 3689
f 3657 3689 3658
f 3658 3689 3690
f 3658 3690 3659
f 3659 3690 3691
f 3659 3691 3660
f 3660 3691 3692
f 3660 3692 3661
f 3661 3692 3693
f 3661 3693 3662
f 3662 3693 3694
f 3662 3694 3663
f 3663 3694 3695
f 3663 3695 3664
f 3664 3695 3696
f 3664 3696 3665
f 3665 3696 3697
f 3665 3697 3666
f 3666 3697 3698
f 3666 3698 3667
f 3667 3698 3699
f 3667 3699 3668
f 3668 3699 3700
f 3668 3700 2708
f 3669 2675 3701
f 3669 3701 3670
f 3670 3701 3702
f 3670 3702 3671
f 3671 3702 3703
f 3671 3703 3672
f 3672 3703 3704
f 3672 3704 3673
f 3673 3704 3705
f 3673 3705 3674
f 3674 3705 3706
f 3674 3706 3675
f 3675 3706 3707
f 3675 3707 3676
f 3676 3707 3708
f 3676 3708 3677
f 3677 3708 3709
f 3677 3709 3678
f 3678 3709 3710
f 3678 3710 3679
f 3679 3710 3711
f 3679 3711 3680
f 3680 3711 3712
f 3680 3712 3681
f 3681 3712 3713
f 3681 3713 3682
f 3682 3713 3714
f 3682 3714 3683
f 3683 3714 3715
f 3683 3715 3684
f 3684 3715 3716
f 3684 3716 3685
f 3685 3716 3717
f 3685 3717 3686
f 3686 3717 3718
f 3686 3718 3687
f 3687 3718 3719
f 3687 3719 3688
f 3688 3719 3720
f 3688 3720 3689
f 3689 3720 3721
f 3689 3721 3690
f 3690 3721 3722
f 3690 3722 3691
f 3691 3722 3723
f 3691 3723 3692
f 3692 3723 3724
f 3692 3724 3693
f 3693 3724 3725
f 3693 3725 3694
f 3694 3725 3726
f 3694 3726 3695
f 3695 3726 3727
f 3695 3727 3696
f 3696 3727 3728
f 3696 3728 3697
f 3697 3728 3729
f 3697 3729 3698
f 3698 3729 3730
f 3698 3730 3699
f 3699 3730 3731
f 3699 3731 3700
f 3700 3731 3732
f 3700 3732 2708
f 3701 2675 3733
f 3701 3733 3702
f 3702 3733 3734
f 3702 3734 3703
f 3703 3734 3735
f 3703 3735 3704
f 3704 3735 3736
f 3704 3736 3705
f 3705 3736 3737
f 3705 3737 3706
f 3706 3737 3738
f 3706 3738 3707
f 3707 3738 3739
f 3707 3739 3708
f 3708 3739 3740
f 3708 3740 3709
f 3709 3740 3741
f 3709 3741 3710
f 3710 3741 3742
f 3710 3742 3711
f 3711 3742 3743
f 3711 3743 3712
f 3712 3743 3744
f 3712 3744 3713
f 3713 3744 3745
f 3713 3745 3714
f 3714 3745 3746
f 3714 3746 3715
f 3715 3746 3747
f 3715 3747 3716
f 3716 3747 3748
f 3716 3748 3717
f 3717 3748 3749
f 3717 3749 3718
f 3718 3749 3750
f 3718 3750 3719
f 3719 3750 3751
f 3719 3751 3720
f 3720 3751 3752
f 3720 3752 3721
f 3721 3752 3753
f 3721 3753 3722
f 3722 3753 3754
f 3722 3754 3723
f 3723 3754 3755
f 3723 3755 3724
f 3724 3755 3756
f 3724 3756 3725
f 3725 3756 3757
f 3725 3757 3726
f 3726 3757 3758
f 3726 3758 3727
f 3727 3758 3759
f 3727 3759 3728
f 3728 3759 3760
f 3728 3760 3729
f 3729 3760 3761
f 3729 3761 3730
f 3730 3761 3762
f 3730 3762 3731
f 3731 3762 3763
f 3731 3763 3732
f 3732 3763 3764
f 3732 3764 2708
f 3733 2675 3765
f 3733 3765 3734
f 3734 3765 3766
f 3734 3766 3735
f 3735 3766 3767
f 3735 3767 3736
f 3736 3767 3768
f 3736 3768 3737
f 3737 3768 3769
f 3737 3769 3738
f 3738 3769 3770
f 3738 3770 3739
f 3739 3770 3771
f 3739 3771 3740
f 3740 3771 3772
f 3740 3772 3741
f 3741 3772 3773
f 3741 3773 3742
f 3742 3773 3774
f 3742 3774 3743
f 3743 3774 3775
f 3743 3775 3744
f 3744 3775 3776
f 3744 3776 3745
f 3745 3776 3777
f 3745 3777 3746
f 3746 3777 3778
f 3746 3778 3747
f 3747 3778 3779
f 3747 3779 3748
f 3748 3779 3780
f 3748 3780 3749
f 3749 3780 3781
f 3749 3781 3750
f 3750 3781 3782
f 3750 3782 3751
f 3751 3782 3783
f 3751 3783 3752
f 3752 3783 3784
f 3752 3784 3753
f 3753 3784 3785
f 3753 3785 3754
f 3754 3785 3786
f 3754 3786 3755
f 3755 3786 3787
f 3755 3787 3756
f 3756 3787 3788
f 3756 3788 3757
f 3757 3788 3789
f 3757 3789 3758
f 3758 3789 3790
f 3758 3790 3759
f 3759 3790 3791
f 3759 3791 3760
f 3760 3791 3792
f 3760 3792 3761
f 3761 3792 3793
f 3761 3793 3762
f 3762 3793 3794
f 3762 3794 3763
f 3763 3794 3795
f 3763 3795 3764
f 3764 3795 3796
f 3764 3796 2708
f 3765 2675 3797
f 3765 3797 3766
f 3766 3797 3798
f 3766 3798 3767
f 3767 3798 3799
f 3767 3799 3768
f 3768 3799 3800
f 3768 3800 3769
f 3769 3800 3801
f 3769 3801 3770
f 3770 3801 3802
f 3770 3802 3771
f 3771 3802 3803
f 3771 3803 3772
f 3772 3803 3804
f 3772 3804 3773
f 3773 3804 3805
f 3773 3805 3774
f 3774 3805 3806
f 3774 3806 3775
f 3775 3806 3807
f 3775 3807 3776
f 3776 3807 3808
f 3776 3808 3777
f 3777 3808 3809
f 3777 3809 3778
f 3778 3809 3810
f 3778 3810 3779
f 3779 3810 3811
f 3779 3811 3780
f 3780 3811 3812
f 3780 3812 3781
f 3781 3812 3813
f 3781 3813 3782
f 3782 3813 3814
f 3782 3814 3783
f 3783 3814 3815
f 3783 3815 3784
f 3784 3815 3816
f 3784 3816 3785
f 3785 3816 3817
f 3785 3817 3786
f 3786 3817 3818
f 3786 3818 3787
f 3787 3818 3819
f 3787 3819 3788
f 3788 3819 3820
f 3788 3820 3789
f 3789 3820 3821
f 3789 3821 3790
f 3790 3821 3822
f 3790 3822 3791
f 3791 3822 3823
f 3791 3823 3792
f 3792 3823 3824
f 3792 3824 3793
f 3793 3824 3825
f 3793 3825 3794
f 3794 3825 3826
f 3794 3826 3795
f 3795 3826 3827
f 3795 3827 3796
f 3796 3827 3828
f 3796 3828 2708
f 3797 2675 3829
f 3797 3829 3798
f 3798 3829 3830
f 3798 3830 3799
f 3799 3830 3831
f 3799 3831 3800
f 3800 3831 3832
f 3800 3832 3801
f 3801 3832 3833
f 3801 3833 3802
f 3802 3833 3834
f 3802 3834 3803
f 3803 3834 3835
f 3803 3835 3804
f 3804 3835 3836
f 3804 3836 3805
f 3805 3836 3837
f 3805 3837 3806
f 3806 3837 3838
f 3806 3838 3807
f 3807 3838 3839
f 3807 3839 3808
f 3808 3839 3840
f 3808 3840 3809
f 3809 3840 3841
f 3809 3841 3810
f 3810 3841 3842
f 3810 3842 3811
f 3811 3842 3843
f 3811 3843 3812
f 3812 3843 3844
f 3812 3844 3813
f 3813 3844 3845
f 3813 3845 3814
f 3814 3845 3846
f 3814 3846 3815
f 3815 3846 3847
f 3815 3847 3816
f 3816 3847 3848
f 3816 3848 3817
f 3817 3848 3849
f 3817 3849 3818
f 3818 3849 3850
f 3818 3850 3819
f 3819 3850 3851
f 3819 3851 3820
f 3820 3851 3852
f 3820 3852 3821
f 3821 3852 3853
f 3821 3853 3822
f 3822 3853 3854
f 3822 3854 3823
f 3823 3854 3855
f 3823 3855 3824
f 3824 3855 3856
f 3824 3856 3825
f 3825 3856 3857
f 3825 3857 3826
f 3826 3857 3858
f 3826 3858 3827
f 3827 3858 3859
f 3827 3859 3828
f 3828 3859 3860
f 3828 3860 2708
f 3829 2675 3861
f 3829 3861 3830
f 3830 3861 3862
f 3830 3862 3831
f 3831 3862 3863
f 3831 3863 3832
f 3832 3863 3864
f 3832 3864 3833
f 3833 3864 3865
f 3833 3865 3834
f 3834 3865 3866
f 3834 3866 3835
f 3835 3866 3867
f 3835 3867 3836
f 3836 3867 3868
f 3836 3868 3837
f 3837 3868 3869
f 3837 3869 3838
f 3838 3869 3870
f 3838 3870 3839
f 3839 3870 3871
f 3839 3871 3840
f 3840 3871 3872
f 3840 3872 3841
f 3841 3872 3873
f 3841 3873 3842
f 3842 3873 3874
f 3842 3874 3843
f 3843 3874 3875
f 3843 3875 3844
f 3844 3875 3876
f 3844 3876 3845
f 3845 3876 3877
f 3845 3877 3846
f 3846 3877 3878
f 3846 3878 3847
f 3847 3878 3879
f 3847 3879 3848
f 3848 3879 3880
f 3848 3880 3849
f 3849 3880 3881
f 3849 3881 3850
f 3850 3881 3882
f 3850 3882 3851
f 3851 3882 3883
f 3851 3883 3852
f 3852 3883 3884
f 3852 3884 3853
f 3853 3884 3885
f 3853 3885 3854
f 3854 3885 3886
f 3854 3886 3855
f 3855 3886 3887
f 3855 3887 3856
f 3856 3887 3888
f 3856 3888 3857
f 3857 3888 3889
f 3857 3889 3858
f 3858 3889 3890
f 3858 3890 3859
f 3859 3890 3891
f 3859 3891 3860
f 3860 3891 3892
f 3860 3892 2708
f 3861 2675 3893
f 3861 3893 3862
f 3862 3893 3894
f 3862 3894 3863
f 3863 3894 3895
f 3863 3895 3864
f 3864 3895 3896
f 3864 3896 3865
f 3865 3896 3897
f 3865 3897 3866
f 3866 3897 3898
f 3866 3898 3867
f 3867 3898 3899
f 3867 3899 3868
f 3868 3899 3900
f 3868 3900 3869
f 3869 3900 3901
f 3869 3901 3870
f 3870 3901 3902
f 3870 3902 3871
f 3871 3902 3903
f 3871 3903 3872
f 3872 3903 3904
f 3872 3904 3873
f 3873 3904 3905
f 3873 3905 3874
f 3874 3905 3906
f 3874 3906 3875
f 3875 3906 3907
f 3875 3907 3876
f 3876 3907 3908
f 3876 3908 3877
f 3877 3908 3909
f 3877 3909 3878
f 3878 3909 3910
f 3878 3910 3879
f 3879 3910 3911
f 3879 3911 3880
f 3880 3911 3912
f 3880 3912 3881
f 3881 3912 3913
f 3881 3913 3882
f 3882 3913 3914
f 3882 3914 3883
f 3883 3914 3915
f 3883 3915 3884
f 3884 3915 3916
f 3884 3916 3885
f 3885 3916 3917
f 3885 3917 3886
f 3886 3917 3918
f 3886 3918 3887
f 3887 3918 3919
f 3887 3919 3888
f 3888 3919 3920
f 3888 3920 3889
f 3889 3920 3921
f 3889 3921 3890
f 3890 3921 3922
f 3890 3922 3891
f 3891 3922 3923
f 3891 3923 3892
f 3892 3923 3924
f 3892 3924 2708
f 3893 2675 3925
f 3893 3925 3894
f 3894 3925 3926
f 3894 3926 3895
f 3895 3926 3927
f 3895 3927 3896
f 3896 3927 3928
f 3896 3928 3897
f 3897 3928 3929
f 3897 3929 3898
f 3898 3929 3930
f 3898 3930 3899
f 3899 3930 3931
f 3899 3931 3900
f 3900 3931 3932
f 3900 3932 3901
f 3901 3932 3933
f 3901 3933 3902
f 3902 3933 3934
f 3902 3934 3903
f 3903 3934 3935
f 3903 3935 3904
f 3904 3935 3936
f 3904 3936 3905
f 3905 3936 3937
f 3905 3937 3906
f 3906 3937 3938
f 3906 3938 3907
f 3907 3938 3939
f 3907 3939 3908
f 3908 3939 3940
f 3908 3940 3909
f 3909 3940 3941
f 3909 3941 3910
f 3910 3941 3942
f 3910 3942 3911
f 3911 3942 3943
f 3911 3943 3912
f 3912 3943 3944
f 3912 3944 3913
f 3913 3944 3945
f 3913 3945 3914
f 3914 3945 3946
f 3914 3946 3915
f 3915 3946 3947
f 3915 3947 3916
f 3916 3947 3948
f 3916 3948 3917
f 3917 3948 3949
f 3917 3949 3918
f 3918 3949 3950
f 3918 3950 3919
f 3919 3950 3951
f 3919 3951 3920
f 3920 3951 3952
f 3920 3952 3921
f 3921 3952 3953
f 3921 3953 3922
f 3922 3953 3954
f 3922 3954 3923
f 3923 3954 3955
f 3923 3955 3924
f 3924 3955 3956
f 3924 3956 2708
f 3925 2675 3957
f 3925 3957 3926
f 3926 3957 3958
f 3926 3958 3927
f 3927 3958 3959
f 3927 3959 3928
f 3928 3959 3960
f 3928 3960 3929
f 3929 3960 3961
f 3929 3961 3930
f 3930 3961 3962
f 3930 3962 3931
f 3931 3962 3963
f 3931 3963 3932
f 3932 3963 3964
f 3932 3964 3933
f 3933 3964 3965
f 3933 3965 3934
f 3934 3965 3966
f 3934 3966 3935
f 3935 3966 3967
f 3935 3967 3936
f 3936 3967 3968
f 3936 3968 3937
f 3937 3968 3969
f 3937 3969 3938
f 3938 3969 3970
f 3938 3970 3939
f 3939 3970 3971
f 3939 3971 3940
f 3940 3971 3972
f 3940 3972 3941
f 3941 3972 3973
f 3941 3973 3942
f 3942 3973 3974
f 3942 3974 3943
f 3943 3974 3975
f 3943 3975 3944
f 3944 3975 3976
f 3944 3976 3945
f 3945 3976 3977
f 3945 3977 3946
f 3946 3977 3978
f 3946 3978 3947
f 3947 3978 3979
f 3947 3979 3948
f 3948 3979 3980
f 3948 3980 3949
f 3949 3980 3981
f 3949 3981 3950
f 3950 3981 3982
f 3950 3982 3951
f 3951 3982 3983
f 3951 3983 3952
f 3952 3983 3984
f 3952 3984 3953
f 3953 3984 3985
f 3953 3985 3954
f 3954 3985 3986
f 3954 3986 3955
f 3955 3986 3987
f 3955 3987 3956
f 3956 3987 3988
f 3956 3988 2708
f 3957 2675 3989
f 3957 3989 3958
f 3958 3989 3990
f 3958 3990 3959
f 3959 3990 3991
f 3959 3991 3960
f 3960 3991 3992
f 3960 3992 3961
f 3961 3992 3993
f 3961 3993 3962
f 3962 3993 3994
f 3962 3994 3963
f 3963 3994 3995
f 3963 3995 3964
f 3964 3995 3996
f 3964 3996 3965
f 3965 3996 3997
f 3965 3997 3966
f 3966 3997 3998
f 3966 3998 3967
f 3967 3998 3999
f 3967 3999 3968
f 3968 3999 4000
f 3968 4000 3969
f 3969 4000 4001
f 3969 4001 3970
f 3970 4001 4002
f 3970 4002 3971
f 3971 4002 4003
f 3971 4003 3972
f 3972 4003 4004
f 3972 4004 3973
f 3973 4004 4005
f 3973 4005 3974
f 3974 4005 4006
f 3974 4006 3975
f 3975 4006 4007
f 3975 4007 3976
f 3976 4007 4008
f 3976 4008 3977
f 3977 4008 4009
f 3977 4009 3978
f 3978 4009 4010
f 3978 4010 3979
f 3979 4010 4011
f 3979 4011 3980
f 3980 4011 4012
f 3980 4012 3981
f 3981 4012 4013
f 3981 4013 3982
f 3982 4013 4014
f 3982 4014 3983
f 3983 4014 4015
f 3983 4015 3984
f 3984 4015 4016
f 3984 4016 3985
f 3985 4016 4017
f 3985 4017 3986
f 3986 4017 4018
f 3986 4018 3987
f 3987 4018 4019
f 3987 4019 3988
f 3988 4019 4020
f 3988 4020 2708
f 3989 2675 4021
f 3989 4021 3990
f 3990 4021 4022
f 3990 4022 3991
f 3991 4022 4023
f 3991 4023 3992
f 3992 4023 4024
f 3992 4024 3993
f 3993 4024 4025
f 3993 4025 3994
f 3994 4025 4026
f 3994 4026 3995
f 3995 4026 4027
f 3995 4027 3996
f 3996 4027 4028
f 3996 4028 3997
f 3997 4028 4029
f 3997 4029 3998
f 3998 4029 4030
f 3998 4030 3999
f 3999 4030 4031
f 3999 4031 4000
f 4000 4031 4032
f 4000 4032 4001
f 4001 4032 4033
f 4001 4033 4002
f 4002 4033 4034
f 4002 4034 4003
f 4003 4034 4035
f 4003 4035 4004
f 4004 4035 4036
f 4004 4036 4005
f 4005 4036 4037
f 4005 4037 4006
f 4006 4037 4038
f 4006 4038 4007
f 4007 4038 4039
f 4007 4039 4008
f 4008 4039 4040
f 4008 4040 4009
f 4009 4040 4041
f 4009 4041 4010
f 4010 4041 4042
f 4010 4042 4011
f 4011 4042 4043
f 4011 4043 4012
f 4012 4043 4044
f 4012 4044 4013
f 4013 4044 4045
f 4013 4045 4014
f 4014 4045 4046
f 4014 4046 4015
f 4015 4046 4047
f 4015 4047 4016
f 4016 4047 4048
f 4016 4048 4017
f 4017 4048 4049
f 4017 4049 4018
f 4018 4049 4050
f 4018 4050 4019
f 4019 4050 4051
f 4019 4051 4020
f 4020 4051 4052
f 4020 4052 2708
f 4021 2675 4053
f 4021 4053 4022
f 4022 4053 4054
f 4022 4054 4023
f 4023 4054 4055
f 4023 4055 4024
f 4024 4055 4056
f 4024 4056 4025
f 4025 4056 4057
f 4025 4057 4026
f 4026 4057 4058
f 4026 4058 4027
f 4027 4058 4059
f 4027 4059 4028
f 4028 4059 4060
f 4028 4060 4029
f 4029 4060 4061
f 4029 4061 4030
f 4030 4061 4062
f 4030 4062 4031
f 4031 4062 4063
f 4031 4063 4032
f 4032 4063 4064
f 4032 4064 4033
f 4033 4064 4065
f 4033 4065 4034
f 4034 4065 4066
f 4034 4066 4035
f 4035 4066 4067
f 4035 4067 4036
f 4036 4067 4068
f 4036 4068 4037
f 4037 4068 4069
f 4037 4069 4038
f 4038 4069 4070
f 4038 4070 4039
f 4039 4070 4071
f 4039 4071 4040
f 4040 4071 4072
f 4040 4072 4041
f 4041 4072 4073
f 4041 4073 4042
f 4042 4073 4074
f 4042 4074 4043
f 4043 4074 4075
f 4043 4075 4044
f 4044 4075 4076
f 4044 4076 4045
f 4045 4076 4077
f 4045 4077 4046
f 4046 4077 4078
f 4046 4078 4047
f 4047 4078 4079
f 4047 4079 4048
f 4048 4079 4080
f 4048 4080 4049
f 4049 4080 4081
f 4049 4081 4050
f 4050 4081 4082
f 4050 4082 4051
f 4051 4082 4083
f 4051 4083 4052
f 4052 4083 4084
f 4052 4084 2708
f 4053 2675 4085
f 4053 4085 4054
f 4054 4085 4086
f 4054 4086 4055
f 4055 4086 4087
f 4055 4087 4056
f 4056 4087 4088
f 4056 4088 4057
f 4057 4088 4089
f 4057 4089 4058
f 4058 4089 4090
f 4058 4090 4059
f 4059 4090 4091
f 4059 4091 4060
f 4060 4091 4092
f 4060 4092 4061
f 4061 4092 4093
f 4061 4093 4062
f 4062 4093 4094
f 4062 4094 4063
f 4063 4094 4095
f 4063 4095 4064
f 4064 4095 4096
f 4064 4096 4065
f 4065 4096 4097
f 4065 4097 4066
f 4066 4097 4098
f 4066 4098 4067
f 4067 4098 4099
f 4067 4099 4068
f 4068 4099 4100
f 4068 4100 4069
f 4069 4100 4101
f 4069 4101 4070
f 4070 4101 4102
f 4070 4102 4071
f 4071 4102 4103
f 4071 4103 4072
f 4072 4103 4104
f 4072 4104 4073
f 4073 4104 4105
f 4073 4105 4074
f 4074 4105 4106
f 4074 4106 4075
f 4075 4106 4107
f 4075 4107 4076
f 4076 4107 4108
f 4076 4108 4077
f 4077 4108 4109
f 4077 4109 4078
f 4078 4109 4110
f 4078 4110 4079
f 4079 4110 4111
f 4079 4111 4080
f 4080 4111 4112
f 4080 4112 4081
f 4081 4112 4113
f 4081 4113 4082
f 4082 4113 4114
f 4082 4114 4083
f 4083 4114 4115
f 4083 4115 4084
f 4084 4115 4116
f 4084 4116 2708
f 4085 2675 4117
f 4085 4117 4086
f 4086 4117 4118
f 4086 4118 4087
f 4087 4118 4119
f 4087 4119 4088
f 4088 4119 4120
f 4088 4120 4089
f 4089 4120 4121
f 4089 4121 4090
f 4090 4121 4122
f 4090 4122 4091
f 4091 4122 4123
f 4091 4123 4092
f 4092 4123 4124
f 4092 4124 4093
f 4093 4124 4125
f 4093 4125 4094
f 4094 4125 4126
f 4094 4126 4095
f 4095 4126 4127
f 4095 4127 4096
f 4096 4127 4128
f 4096 4128 4097
f 4097 4128 4129
f 4097 4129 4098
f 4098 4129 4130
f 4098 4130 4099
f 4099 4130 4131
f 4099 4131 4100
f 4100 4131 4132
f 4100 4132 4101
f 4101 4132 4133
f 4101 4133 4102
f 4102 4133 4134
f 4102 4134 4103
f 4103 4134 4135
f 4103 4135 4104
f 4104 4135 4136
f 4104 4136 4105
f 4105 4136 4137
f 4105 4137 4106
f 4106 4137 4138
f 4106 4138 4107
f 4107 4138 4139
f 4107 4139 4108
f 4108 4139 4140
f 4108 4140 4109
f 4109 4140 4141
f 4109 4141 4110
f 4110 4141 4142
f 4110 4142 4111
f 4111 4142 4143
f 4111 4143 4112
f 4112 4143 4144
f 4112 4144 4113
f 4113 4144 4145
f 4113 4145 4114
f 4114 4145 4146
f 4114 4146 4115
f 4115 4146 4147
f 4115 4147 4116
f 4116 4147 4148
f 4116 4148 2708
f 4117 2675 4149
f 4117 4149 4118
f 4118 4149 4150
f 4118 4150 4119
f 4119 4150 4151
f 4119 4151 4120
f 4120 4151 4152
f 4120 4152 4121
f 4121 4152 4153
f 4121 4153 4122
f 4122 4153 4154
f 4122 4154 4123
f 4123 4154 4155
f 4123 4155 4124
f 4124 4155 4156
f 4124 4156 4125
f 4125 4156 4157
f 4125 4157 4126
f 4126 4157 4158
f 4126 4158 4127
f 4127 4158 4159
f 4127 4159 4128
f 4128 4159 4160
f 4128 4160 4129
f 4129 4160 4161
f 4129 4161 4130
f 4130 4161 4162
f 4130 4162 4131
f 4131 4162 4163
f 4131 4163 4132
f 4132 4163 4164
f 4132 4164 4133
f 4133 4164 4165
f 4133 4165 4134
f 4134 4165 4166
f 4134 4166 4135
f 4135 4166 4167
f 4135 4167 4136
f 4136 4167 4168
f 4136 4168 4137
f 4137 4168 4169
f 4137 4169 4138
f 4138 4169 4170
f 4138 4170 4139
f 4139 4170 4171
f 4139 4171 4140
f 4140 4171 4172
f 4140 4172 4141
f 4141 4172 4173
f 4141 4173 4142
f 4142 4173 4174
f 4142 4174 4143
f 4143 4174 4175
f 4143 4175 4144
f 4144 4175 4176
f 4144 4176 4145
f 4145 4176 4177
f 4145 4177 4146
f 4146 4177 4178
f 4146 4178 4147
f 4147 4178 4179
f 4147 4179 4148
f 4148 4179 4180
f 4148 4180 2708
f 4149 2675 4181
f 4149 4181 4150
f 4150 4181 4182
f 4150 4182 4151
f 4151 4182 4183
f 4151 4183 4152
f 4152 4183 4184
f 4152 4184 4153
f 4153 4184 4185
f 4153 4185 4154
f 4154 4185 4186
f 4154 4186 4155
f 4155 4186 4187
f 4155 4187 4156
f 4156 4187 4188
f 4156 4188 4157
f 4157 4188 4189
f 4157 4189 4158
f 4158 4189 4190
f 4158 4190 4159
f 4159 4190 4191
f 4159 4191 4160
f 4160 4191 4192
f 4160 4192 4161
f 4161 4192 4193
f 4161 4193 4162
f 4162 4193 4194
f 4162 4194 4163
f 4163 4194 4195
f 4163 4195 4164
f 4164 4195 4196
f 4164 4196 4165
f 4165 4196 4197
f 4165 4197 4166
f 4166 4197 4198
f 4166 4198 4167
f 4167 4198 4199
f 4167 4199 4168
f 4168 4199 4200
f 4168 4200 4169
f 4169 4200 4201
f 4169 4201 4170
f 4170 4201 4202
f 4170 4202 4171
f 4171 4202 4203
f 4171 4203 4172
f 4172 4203 4204
f 4172 4204 4173
f 4173 4204 4205
f 4173 4205 4174
f 4174 4205 4206
f 4174 4206 4175
f 4175 4206 4207
f 4175 4207 4176
f 4176 4207 4208
f 4176 4208 4177
f 4177 4208 4209
f 4177 4209 4178
f 4178 4209 4210
f 4178 4210 4179
f 4179 4210 4211
f 4179 4211 4180
f 4180 4211 4212
f 4180 4212 2708
f 4181 2675 4213
f 4181 4213 4182
f 4182 4213 4214
f 4182 4214 4183
f 4183 4214 4215
f 4183 4215 4184
f 4184 4215 4216
f 4184 4216 4185
f 4185 4216 4217
f 4185 4217 4186
f 4186 4217 4218
f 4186 4218 4187
f 4187 4218 4219
f 4187 4219 4188
f 4188 4219 4220
f 4188 4220 4189
f 4189 4220 4221
f 4189 4221 4190
f 4190 4221 4222
f 4190 4222 4191
f 4191 4222 4223
f 4191 4223 4192
f 4192 4223 4224
f 4192 4224 4193
f 4193 4224 4225
f 4193 4225 4194
f 4194 4225 4226
f 4194 4226 4195
f 4195 4226 4227
f 4195 4227 4196
f 4196 4227 4228
f 4196 4228 4197
f 4197 4228 4229
f 4197 4229 4198
f 4198 4229 4230
f 4198 4230 4199
f 4199 4230 4231
f 4199 4231 4200
f 4200 4231 4232
f 4200 4232 4201
f 4201 4232 4233
f 4201 4233 4202
f 4202 4233 4234
f 4202 4234 4203
f 4203 4234 4235
f 4203 4235 4204
f 4204 4235 4236
f 4204 4236 4205
f 4205 4236 4237
f 4205 4237 4206
f 4206 4237 4238
f 4206 4238 4207
f 4207 4238 4239
f 4207 4239 4208
f 4208 4239 4240
f 4208 4240 4209
f 4209 4240 4241
f 4209 4241 4210
f 4210 4241 4242
f 4210 4242 4211
f 4211 4242 4243
f 4211 4243 4212
f 4212 4243 4244
f 4212 4244 2708
f 4213 2675 4245
f 4213 4245 4214
f 4214 4245 4246
f 4214 4246 4215
f 4215 4246 4247
f 4215 4247 4216
f 4216 4247 4248
f 4216 4248 4217
f 4217 4248 4249
f 4217 4249 4218
f 4218 4249 4250
f 4218 4250 4219
f 4219 4250 4251
f 4219 4251 4220
f 4220 4251 4252
f 4220 4252 4221
f 4221 4252 4253
f 4221 4253 4222
f 4222 4253 4254
f 4222 4254 4223
f 4223 4254 4255
f 4223 4255 4224
f 4224 4255 4256
f 4224 4256 4225
f 4225 4256 4257
f 4225 4257 4226
f 4226 4257 4258
f 4226 4258 4227
f 4227 4258 4259
f 4227 4259 4228
f 4228 4259 4260
f 4228 4260 4229
f 4229 4260 4261
f 4229 4261 4230
f 4230 4261 4262
f 4230 4262 4231
f 4231 4262 4263
f 4231 4263 4232
f 4232 4263 4264
f 4232 4264 4233
f 4233 4264 4265
f 4233 4265 4234
f 4234 4265 4266
f 4234 4266 4235
f 4235 4266 4267
f 4235 4267 4236
f 4236 4267 4268
f 4236 4268 4237
f 4237 4268 4269
f 4237 4269 4238
f 4238 4269 4270
f 4238 4270 4239
f 4239 4270 4271
f 4239 4271 4240
f 4240 4271 4272
f 4240 4272 4241
f 4241 4272 4273
f 4241 4273 4242
f 4242 4273 4274
f 4242 4274 4243
f 4243 4274 4275
f 4243 4275 4244
f 4244 4275 4276
f 4244 4276 2708
f 4245 2675 4277
f 4245 4277 4246
f 4246 4277 4278
f 4246 4278 4247
f 4247 4278 4279
f 4247 4279 4248
f 4248 4279 4280
f 4248 4280 4249
f 4249 4280 4281
f 4249 4281 4250
f 4250 4281 4282
f 4250 4282 4251
f 4251 4282 4283
f 4251 4283 4252
f 4252 4283 4284
f 4252 4284 4253
f 4253 4284 4285
f 4253 4285 4254
f 4254 4285 4286
f 4254 4286 4255
f 4255 4286 4287
f 4255 4287 4256
f 4256 4287 4288
f 4256 4288 4257
f 4257 4288 4289
f 4257 4289 4258
f 4258 4289 4290
f 4258 4290 4259
f 4259 4290 4291
f 4259 4291 4260
f 4260 4291 4292
f 4260 4292 4261
f 4261 4292 4293
f 4261 4293 4262
f 4262 4293 4294
f 4262 4294 4263
f 4263 4294 4295
f 4263 4295 4264
f 4264 4295 4296
f 4264 4296 4265
f 4265 4296 4297
f 4265 4297 4266
f 4266 4297 4298
f 4266 4298 4267
f 4267 4298 4299
f 4267 4299 4268
f 4268 4299 4300
f 4268 4300 4269
f 4269 4300 4301
f 4269 4301 4270
f 4270 4301 4302
f 4270 4302 4271
f 4271 4302 4303
f 4271 4303 4272
f 4272 4303 4304
f 4272 4304 4273
f 4273 4304 4305
f 4273 4305 4274
f 4274 4305 4306
f 4274 4306 4275
f 4275 4306 4307
f 4275 4307 4276
f 4276 4307 4308
f 4276 4308 2708
f 4277 2675 4309
f 4277 4309 4278
f 4278 4309 4310
f 4278 4310 4279
f 4279 4310 4311
f 4279 4311 4280
f 4280 4311 4312
f 4280 4312 4281
f 4281 4312 4313
f 4281 4313 4282
f 4282 4313 4314
f 4282 4314 4283
f 4283 4314 4315
f 4283 4315 4284
f 4284 4315 4316
f 4284 4316 4285
f 4285 4316 4317
f 4285 4317 4286
f 4286 4317 4318
f 4286 4318 4287
f 4287 4318 4319
f 4287 4319 4288
f 4288 4319 4320
f 4288 4320 4289
f 4289 4320 4321
f 4289 4321 4290
f 4290 4321 4322
f 4290 4322 4291
f 4291 4322 4323
f 4291 4323 4292
f 4292 4323 4324
f 4292 4324 4293
f 4293 4324 4325
f 4293 4325 4294
f 4294 4325 4326
f 4294 4326 4295
f 4295 4326 4327
f 4295 4327 4296
f 4296 4327 4328
f 4296 4328 4297
f 4297 4328 4329
f 4297 4329 4298
f 4298 4329 4330
f 4298 4330 4299
f 4299 4330 4331
f 4299 4331 4300
f 4300 4331 4332
f 4300 4332 4301
f 4301 4332 4333
f 4301 4333 4302
f 4302 4333 4334
f 4302 4334 4303
f 4303 4334 4335
f 4303 4335 4304
f 4304 4335 4336
f 4304 4336 4305
f 4305 4336 4337
f 4305 4337 4306
f 4306 4337 4338
f 4306 4338 4307
f 4307 4338 4339
f 4307 4339 4308
f 4308 4339 4340
f 4308 4340 2708
f 4309 2675 4341
f 4309 4341 4310
f 4310 4341 4342
f 4310 4342 4311
f 4311 4342 4343
f 4311 4343 4312
f 4312 4343 4344
f 4312 4344 4313
f 4313 4344 4345
f 4313 4345 4314
f 4314 4345 4346
f 4314 4346 4315
f 4315 4346 4347
f 4315 4347 4316
f 4316 4347 4348
f 4316 4348 4317
f 4317 4348 4349
f 4317 4349 4318
f 4318 4349 4350
f 4318 4350 4319
f 4319 4350 4351
f 4319 4351 4320
f 4320 4351 4352
f 4320 4352 4321
f 4321 4352 4353
f 4321 4353 4322
f 4322 4353 4354
f 4322 4354 4323
f 4323 4354 4355
f 4323 4355 4324
f 4324 4355 4356
f 4324 4356 4325
f 4325 4356 4357
f 4325 4357 4326
f 4326 4357 4358
f 4326 4358 4327
f 4327 4358 4359
f 4327 4359 4328
f 4328 4359 4360
f 4328 4360 4329
f 4329 4360 4361
f 4329 4361 4330
f 4330 4361 4362
f 4330 4362 4331
f 4331 4362 4363
f 4331 4363 4332
f 4332 4363 4364
f 4332 4364 4333
f 4333 4364 4365
f 4333 4365 4334
f 4334 4365 4366
f 4334 4366 4335
f 4335 4366 4367
f 4335 4367 4336
f 4336 4367 4368
f 4336 4368 4337
f 4337 4368 4369
f 4337 4369 4338
f 4338 4369 4370
f 4338 4370 4339
f 4339 4370 4371
f 4339 4371 4340
f 4340 4371 4372
f 4340 4372 2708
f 4341 2675 4373
f 4341 4373 4342
f 4342 4373 4374
f 4342 4374 4343
f 4343 4374 4375
f 4343 4375 4344
f 4344 4375 4376
f 4344 4376 4345
f 4345 4376 4377
f 4345 4377 4346
f 4346 4377 4378
f 4346 4378 4347
f 4347 4378 4379
f 4347 4379 4348
f 4348 4379 4380
f 4348 4380 4349
f 4349 4380 4381
f 4349 4381 4350
f 4350 4381 4382
f 4350 4382 4351
f 4351 4382 4383
f 4351 4383 4352
f 4352 4383 4384
f 4352 4384 4353
f 4353 4384 4385
f 4353 4385 4354
f 4354 4385 4386
f 4354 4386 4355
f 4355 4386 4387
f 4355 4387 4356
f 4356 4387 4388
f 4356 4388 4357
f 4357 4388 4389
f 4357 4389 4358
f 4358 4389 4390
f 4358 4390 4359
f 4359 4390 4391
f 4359 4391 4360
f 4360 4391 4392
f 4360 4392 4361
f 4361 4392 4393
f 4361 4393 4362
f 4362 4393 4394
f 4362 4394 4363
f 4363 4394 4395
f 4363 4395 4364
f 4364 4395 4396
f 4364 4396 4365
f 4365 4396 4397
f 4365 4397 4366
f 4366 4397 4398
f 4366 4398 4367
f 4367 4398 4399
f 4367 4399 4368
f 4368 4399 4400
f 4368 4400 4369
f 4369 4400 4401
f 4369 4401 4370
f 4370 4401 4402
f 4370 4402 4371
f 4371 4402 4403
f 4371 4403 4372
f 4372 4403 4404
f 4372 4404 2708
f 4373 2675 4405
f 4373 4405 4374
f 4374 4405 4406
f 4374 4406 4375
f 4375 4406 4407
f 4375 4407 4376
f 4376 4407 4408
f 4376 4408 4377
f 4377 4408 4409
f 4377 4409 4378
f 4378 4409 4410
f 4378 4410 4379
f 4379 4410 4411
f 4379 4411 4380
f 4380 4411 4412
f 4380 4412 4381
f 4381 4412 4413
f 4381 4413 4382
f 4382 4413 4414
f 4382 4414 4383
f 4383 4414 4415
f 4383 4415 4384
f 4384 4415 4416
f 4384 4416 4385
f 4385 4416 4417
f 4385 4417 4386
f 4386 4417 4418
f 4386 4418 4387
f 4387 4418 4419
f 4387 4419 4388
f 4388 4419 4420
f 4388 4420 4389
f 4389 4420 4421
f 4389 4421 4390
f 4390 4421 4422
f 4390 4422 4391
f 4391 4422 4423
f 4391 4423 4392
f 4392 4423 4424
f 4392 4424 4393
f 4393 4424 4425
f 4393 4425 4394
f 4394 4425 4426
f 4394 4426 4395
f 4395 4426 4427
f 4395 4427 4396
f 4396 4427 4428
f 4396 4428 4397
f 4397 4428 4429
f 4397 4429 4398
f 4398 4429 4430
f 4398 4430 4399
f 4399 4430 4431
f 4399 4431 4400
f 4400 4431 4432
f 4400 4432 4401
f 4401 4432 4433
f 4401 4433 4402
f 4402 4433 4434
f 4402 4434 4403
f 4403 4434 4435
f 4403 4435 4404
f 4404 4435 4436
f 4404 4436 2708
f 4405 2675 4437
f 4405 4437 4406
f 4406 4437 4438
f 4406 4438 4407
f 4407 4438 4439
f 4407 4439 4408
f 4408 4439 4440
f 4408 4440 4409
f 4409 4440 4441
f 4409 4441 4410
f 4410 4441 4442
f 4410 4442 4411
f 4411 4442 4443
f 4411 4443 4412
f 4412 4443 4444
f 4412 4444 4413
f 4413 4444 4445
f 4413 4445 4414
f 4414 4445 4446
f 4414 4446 4415
f 4415 4446 4447
f 4415 4447 4416
f 4416 4447 4448
f 4416 4448 4417
f 4417 4448 4449
f 4417 4449 4418
f 4418 4449 4450
f 4418 4450 4419
f 4419 4450 4451
f 4419 4451 4420
f 4420 4451 4452
f 4420 4452 4421
f 4421 4452 4453
f 4421 4453 4422
f 4422 4453 4454
f 4422 4454 4423
f 4423 4454 4455
f 4423 4455 4424
f 4424 4455 4456
f 4424 4456 4425
f 4425 4456 4457
f 4425 4457 4426
f 4426 4457 4458
f 4426 4458 4427
f 4427 4458 4459
f 4427 4459 4428
f 4428 4459 4460
f 4428 4460 4429
f 4429 4460 4461
f 4429 4461 4430
f 4430 4461 4462
f 4430 4462 4431
f 4431 4462 4463
f 4431 4463 4432
f 4432 4463 4464
f 4432 4464 4433
f 4433 4464 4465
f 4433 4465 4434
f 4434 4465 4466
f 4434 4466 4435
f 4435 4466 4467
f 4435 4467 4436
f 4436 4467 4468
f 4436 4468 2708
f 4437 2675 4469
f 4437 4469 4438
f 4438 4469 4470
f 4438 4470 4439
f 4439 4470 4471
f 4439 4471 4440
f 4440 4471 4472
f 4440 4472 4441
f 4441 4472 4473
f 4441 4473 4442
f 4442 4473 4474
f 4442 4474 4443
f 4443 4474 4475
f 4443 4475 4444
f 4444 4475 4476
f 4444 4476 4445
f 4445 4476 4477
f 4445 4477 4446
f 4446 4477 4478
f 4446 4478 4447
f 4447 4478 4479
f 4447 4479 4448
f 4448 4479 4480
f 4448 4480 4449
f 4449 4480 4481
f 4449 4481 4450
f 4450 4481 4482
f 4450 4482 4451
f 4451 4482 4483
f 4451 4483 4452
f 4452 4483 4484
f 4452 4484 4453
f 4453 4484 4485
f 4453 4485 4454
f 4454 4485 4486
f 4454 4486 4455
f 4455 4486 4487
f 4455 4487 4456
f 4456 4487 4488
f 4456 4488 4457
f 4457 4488 4489
f 4457 4489 4458
f 4458 4489 4490
f 4458 4490 4459
f 4459 4490 4491
f 4459 4491 4460
f 4460 4491 4492
f 4460 4492 4461
f 4461 4492 4493
f 4461 4493 4462
f 4462 4493 4494
f 4462 4494 4463
f 4463 4494 4495
f 4463 4495 4464
f 4464 4495 4496
f 4464 4496 4465
f 4465 4496 4497
f 4465 4497 4466
f 4466 4497 4498
f 4466 4498 4467
f 4467 4498 4499
f 4467 4499 4468
f 4468 4499 4500
f 4468 4500 2708
f 4469 2675 4501
f 4469 4501 4470
f 4470 4501 4502
f 4470 4502 4471
f 4471 4502 4503
f 4471 4503 4472
f 4472 4503 4504
f 4472 4504 4473
f 4473 4504 4505
f 4473 4505 4474
f 4474 4505 4506
f 4474 4506 4475
f 4475 4506 4507
f 4475 4507 4476
f 4476 4507 4508
f 4476 4508 4477
f 4477 4508 4509
f 4477 4509 4478
f 4478 4509 4510
f 4478 4510 4479
f 4479 4510 4511
f 4479 4511 4480
f 4480 4511 4512
f 4480 4512 4481
f 4481 4512 4513
f 4481 4513 4482
f 4482 4513 4514
f 4482 4514 4483
f 4483 4514 4515
f 4483 4515 4484
f 4484 4515 4516
f 4484 4516 4485
f 4485 4516 4517
f 4485 4517 4486
f 4486 4517 4518
f 4486 4518 4487
f 4487 4518 4519
f 4487 4519 4488
f 4488 4519 4520
f 4488 4520 4489
f 4489 4520 4521
f 4489 4521 4490
f 4490 4521 4522
f 4490 4522 4491
f 4491 4522 4523
f 4491 4523 4492
f 4492 4523 4524
f 4492 4524 4493
f 4493 4524 4525
f 4493 4525 4494
f 4494 4525 4526
f 4494 4526 4495
f 4495 4526 4527
f 4495 4527 4496
f 4496 4527 4528
f 4496 4528 4497
f 4497 4528 4529
f 4497 4529 4498
f 4498 4529 4530
f 4498 4530 4499
f 4499 4530 4531
f 4499 4531 4500
f 4500 4531 4532
f 4500 4532 2708
f 4501 2675 4533
f 4501 4533 4502
f 4502 4533 4534
f 4502 4534 4503
f 4503 4534 4535
f 4503 4535 4504
f 4504 4535 4536
f 4504 4536 4505
f 4505 4536 4537
f 4505 4537 4506
f 4506 4537 4538
f 4506 4538 4507
f 4507 4538 4539
f 4507 4539 4508
f 4508 4539 4540
f 4508 4540 4509
f 4509 4540 4541
f 4509 4541 4510
f 4510 4541 4542
f 4510 4542 4511
f 4511 4542 4543
f 4511 4543 4512
f 4512 4543 4544
f 4512 4544 4513
f 4513 4544 4545
f 4513 4545 4514
f 4514 4545 4546
f 4514 4546 4515
f 4515 4546 4547
f 4515 4547 4516
f 4516 4547 4548
f 4516 4548 4517
f 4517 4548 4549
f 4517 4549 4518
f 4518 4549 4550
f 4518 4550 4519
f 4519 4550 4551
f 4519 4551 4520
f 4520 4551 4552
f 4520 4552 4521
f 4521 4552 4553
f 4521 4553 4522
f 4522 4553 4554
f 4522 4554 4523
f 4523 4554 4555
f 4523 4555 4524
f 4524 4555 4556
f 4524 4556 4525
f 4525 4556 4557
f 4525 4557 4526
f 4526 4557 4558
f 4526 4558 4527
f 4527 4558 4559
f 4527 4559 4528
f 4528 4559 4560
f 4528 4560 4529
f 4529 4560 4561
f 4529 4561 4530
f 4530 4561 4562
f 4530 4562 4531
f 4531 4562 4563
f 4531 4563 4532
f 4532 4563 4564
f 4532 4564 2708
f 4533 2675 4565
f 4533 4565 4534
f 4534 4565 4566
f 4534 4566 4535
f 4535 4566 4567
f 4535 4567 4536
f 4536 4567 4568
f 4536 4568 4537
f 4537 4568 4569
f 4537 4569 4538
f 4538 4569 4570
f 4538 4570 4539
f 4539 4570 4571
f 4539 4571 4540
f 4540 4571 4572
f 4540 4572 4541
f 4541 4572 4573
f 4541 4573 4542
f 4542 4573 4574
f 4542 4574 4543
f 4543 4574 4575
f 4543 4575 4544
f 4544 4575 4576
f 4544 4576 4545
f 4545 4576 4577
f 4545 4577 4546
f 4546 4577 4578
f 4546 4578 4547
f 4547 4578 4579
f 4547 4579 4548
f 4548 4579 4580
f 4548 4580 4549
f 4549 4580 4581
f 4549 4581 4550
f 4550 4581 4582
f 4550 4582 4551
f 4551 4582 4583
f 4551 4583 4552
f 4552 4583 4584
f 4552 4584 4553
f 4553 4584 4585
f 4553 4585 4554
f 4554 4585 4586
f 4554 4586 4555
f 4555 4586 4587
f 4555 4587 4556
f 4556 4587 4588
f 4556 4588 4557
f 4557 4588 4589
f 4557 4589 4558
f 4558 4589 4590
f 4558 4590 4559
f 4559 4590 4591
f 4559 4591 4560
f 4560 4591 4592
f 4560 4592 4561
f 4561 4592 4593
f 4561 4593 4562
f 4562 4593 4594
f 4562 4594 4563
f 4563 4594 4595
f 4563 4595 4564
f 4564 4595 4596
f 4564 4596 2708
f 4565 2675 4597
f 4565 4597 4566
f 4566 4597 4598
f 4566 4598 4567
f 4567 4598 4599
f 4567 4599 4568
f 4568 4599 4600
f 4568 4600 4569
f 4569 4600 4601
f 4569 4601 4570
f 4570 4601 4602
f 4570 4602 4571
f 4571 4602 4603
f 4571 4603 4572
f 4572 4603 4604
f 4572 4604 4573
f 4573 4604 4605
f 4573 4605 4574
f 4574 4605 4606
f 4574 4606 4575
f 4575 4606 4607
f 4575 4607 4576
f 4576 4607 4608
f 4576 4608 4577
f 4577 4608 4609
f 4577 4609 4578
f 4578 4609 4610
f 4578 4610 4579
f 4579 4610 4611
f 4579 4611 4580
f 4580 4611 4612
f 4580 4612 4581
f 4581 4612 4613
f 4581 4613 4582
f 4582 4613 4614
f 4582 4614 4583
f 4583 4614 4615
f 4583 4615 4584
f 4584 4615 4616
f 4584 4616 4585
f 4585 4616 4617
f 4585 4617 4586
f 4586 4617 4618
f 4586 4618 4587
f 4587 4618 4619
f 4587 4619 4588
f 4588 4619 4620
f 4588 4620 4589
f 4589 4620 4621
f 4589 4621 4590
f 4590 4621 4622
f 4590 4622 4591
f 4591 4622 4623
f 4591 4623 4592
f 4592 4623 4624
f 4592 4624 4593
f 4593 4624 4625
f 4593 4625 4594
f 4594 4625 4626
f 4594 4626 4595
f 4595 4626 4627
f 4595 4627 4596
f 4596 4627 4628
f 4596 4628 2708
f 4597 2675 4629
f 4597 4629 4598
f 4598 4629 4630
f 4598 4630 4599
f 4599 4630 4631
f 4599 4631 4600
f 4600 4631 4632
f 4600 4632 4601
f 4601 4632 4633
f 4601 4633 4602
f 4602 4633 4634
f 4602 4634 4603
f 4603 4634 4635
f 4603 4635 4604
f 4604 4635 4636
f 4604 4636 4605
f 4605 4636 4637
f 4605 4637 4606
f 4606 4637 4638
f 4606 4638 4607
f 4607 4638 4639
f 4607 4639 4608
f 4608 4639 4640
f 4608 4640 4609
f 4609 4640 4641
f 4609 4641 4610
f 4610 4641 4642
f 4610 4642 4611
f 4611 4642 4643
f 4611 4643 4612
f 4612 4643 4644
f 4612 4644 4613
f 4613 4644 4645
f 4613 4645 4614
f 4614 4645 4646
f 4614 4646 4615
f 4615 4646 4647
f 4615 4647 4616
f 4616 4647 4648
f 4616 4648 4617
f 4617 4648 4649
f 4617 4649 4618
f 4618 4649 4650
f 4618 4650 4619
f 4619 4650 4651
f 4619 4651 4620
f 4620 4651 4652
f 4620 4652 4621
f 4621 4652 4653
f 4621 4653 4622
f 4622 4653 4654
f 4622 4654 4623
f 4623 4654 4655
f 4623 4655 4624
f 4624 4655 4656
f 4624 4656 4625
f 4625 4656 4657
f 4625 4657 4626
f 4626 4657 4658
f 4626 4658 4627
f 4627 4658 4659
f 4627 4659 4628
f 4628 4659 4660
f 4628 4660 2708
f 4629 2675 4661
f 4629 4661 4630
f 4630 4661 4662
f 4630 4662 4631
f 4631 4662 4663
f 4631 4663 4632
f 4632 4663 4664
f 4632 4664 4633
f 4633 4664 4665
f 4633 4665 4634
f 4634 4665 4666
f 4634 4666 4635
f 4635 4666 4667
f 4635 4667 4636
f 4636 4667 4668
f 4636 4668 4637
f 4637 4668 4669
f 4637 4669 4638
f 4638 4669 4670
f 4638 4670 4639
f 4639 4670 4671
f 4639 4671 4640
f 4640 4671 4672
f 4640 4672 4641
f 4641 4672 4673
f 4641 4673 4642
f 4642 4673 4674
f 4642 4674 4643
f 4643 4674 4675
f 4643 4675 4644
f 4644 4675 4676
f 4644 4676 4645
f 4645 4676 4677
f 4645 4677 4646
f 4646 4677 4678
f 4646 4678 4647
f 4647 4678 4679
f 4647 4679 4648
f 4648 4679 4680
f 4648 4680 4649
f 4649 4680 4681
f 4649 4681 4650
f 4650 4681 4682
f 4650 4682 4651
f 4651 4682 4683
f 4651 4683 4652
f 4652 4683 4684
f 4652 4684 4653
f 4653 4684 4685
f 4653 4685 4654
f 4654 4685 4686
f 4654 4686 4655
f 4655 4686 4687
f 4655 4687 4656
f 4656 4687 4688
f 4656 4688 4657
f 4657 4688 4689
f 4657 4689 4658
f 4658 4689 4690
f 4658 4690 4659
f 4659 4690 4691
f 4659 4691 4660
f 4660 4691 4692
f 4660 4692 2708
f 4661 2675 4693
f 4661 4693 4662
f 4662 4693 4694
f 4662 4694 4663
f 4663 4694 4695
f 4663 4695 4664
f 4664 4695 4696
f 4664 4696 4665
f 4665 4696 4697
f 4665 4697 4666
f 4666 4697 4698
f 4666 4698 4667
f 4667 4698 4699
f 4667 4699 4668
f 4668 4699 4700
f 4668 4700 4669
f 4669 4700 4701
f 4669 4701 4670
f 4670 4701 4702
f 4670 4702 4671
f 4671 4702 4703
f 4671 4703 4672
f 4672 4703 4704
f 4672 4704 4673
f 4673 4704 4705
f 4673 4705 4674
f 4674 4705 4706
f 4674 4706 4675
f 4675 4706 4707
f 4675 4707 4676
f 4676 4707 4708
f 4676 4708 4677
f 4677 4708 4709
f 4677 4709 4678
f 4678 4709 4710
f 4678 4710 4679
f 4679 4710 4711
f 4679 4711 4680
f 4680 4711 4712
f 4680 4712 4681
f 4681 4712 4713
f 4681 4713 4682
f 4682 4713 4714
f 4682 4714 4683
f 4683 4714 4715
f 4683 4715 4684
f 4684 4715 4716
f 4684 4716 4685
f 4685 4716 4717
f 4685 4717 4686
f 4686 4717 4718
f 4686 4718 4687
f 4687 4718 4719
f 4687 4719 4688
f 4688 4719 4720
f 4688 4720 4689
f 4689 4720 4721
f 4689 4721 4690
f 4690 4721 4722
f 4690 4722 4691
f 4691 4722 4723
f 4691 4723 4692
f 4692 4723 4724
f 4692 4724 2708
f 4693 2675 2676
f 4693 2676 4694
f 4694 2676 2677
f 4694 2677 4695
f 4695 2677 2678
f 4695 2678 4696
f 4696 2678 2679
f 4696 2679 4697
f 4697 2679 2680
f 4697 2680 4698
f 4698 2680 2681
f 4698 2681 4699
f 4699 2681 2682
f 4699 2682 4700
f 4700 2682 2683
f 4700 2683 4701
f 4701 2683 2684
f 4701 2684 4702
f 4702 2684 2685
f 4702 2685 4703
f 4703 2685 2686
f 4703 2686 4704
f 4704 2686 2687
f 4704 2687 4705
f 4705 2687 2688
f 4705 2688 4706
f 4706 2688 2689
f 4706 2689 4707
f 4707 2689 2690
f 4707 2690 4708
f 4708 2690 2691
f 4708 2691 4709
f 4709 2691 2692
f 4709 2692 4710
f 4710 2692 2693
f 4710 2693 4711
f 4711 2693 2694
f 4711 2694 4712
f 4712 2694 2695
f 4712 2695 4713
f 4713 2695 2696
f 4713 2696 4714
f 4714 2696 2697
f 4714 2697 4715
f 4715 2697 2698
f 4715 2698 4716
f 4716 2698 2699
f 4716 2699 4717
f 4717 2699 2700
f 4717 2700 4718
f 4718 2700 2701
f 4718 2701 4719
f 4719 2701 2702
f 4719 2702 4720
f 4720 2702 2703
f 4720 2703 4721
f 4721 2703 2704
f 4721 2704 4722
f 4722 2704 2705
f 4722 2705 4723
f 4723 2705 2706
f 4723 2706 4724
f 4724 2706 2707
f 4724 2707 2708

